season,sheet,row,name,club,liga,tm_id,cambios,cont_old,cont_new,cont_cambia,excel_club,gk,antes,ahora
2025-26,DELANTEROS,647,Unax Álvarez,CD Guadalajara,Primera Federación,1055547,"LIGA PJ, LIGA Min, LIGA G/GC, LIGA A/CS, COPA PJ, COPA Min",—,,False,CD Guadalajara,False,35/1550/12/3 | 1/12/0/0 | 0/0/0/0 | 0/0/0/0 | 0/0/0/0,0/0/0/0 | 0/0/0/0 | 0/0/0/0 | 0/0/0/0 | 0/0/0/0
2025-26,DELANTEROS,1194,Michel,Yokohama FC,J1 League,887834,"LIGA PJ, LIGA Min, LIGA G/GC, LIGA A/CS, COPA PJ, COPA Min, COPA G/GC, COPA A/CS",—,,False,Yokohama FC,False,28/1790/5/2 | 9/498/2/2 | 0/0/0/0 | 0/0/0/0 | 0/0/0/0,0/0/0/0 | 0/0/0/0 | 0/0/0/0 | 0/0/0/0 | 0/0/0/0
2025-26,DELANTEROS,1368,David Amigo,CD Guadalajara,Primera Federación,875860,"LIGA PJ, LIGA Min, LIGA G/GC, LIGA A/CS, COPA PJ, COPA Min",—,,False,CD Guadalajara,False,26/1658/7/3 | 2/47/0/0 | 0/0/0/0 | 0/0/0/0 | 0/0/0/0,0/0/0/0 | 0/0/0/0 | 0/0/0/0 | 0/0/0/0 | 0/0/0/0
2025-26,DELANTEROS,1383,Javi González,UD Sámano,Segunda Federación,352802,"LIGA PJ, LIGA Min, LIGA G/GC, LIGA A/CS",—,,False,UD Sámano,False,19/1051/7/3 | 0/0/0/0 | 0/0/0/0 | 0/0/0/0 | 0/0/0/0,8/321/0/0 | 0/0/0/0 | 0/0/0/0 | 0/0/0/0 | 0/0/0/0
2025-26,DELANTEROS,2646,Sandro Lima,Atlético Clube Goianiense,Campeonato Brasileiro Série B,1116604,"LIGA PJ, LIGA Min, LIGA G/GC, LIGA A/CS, COPA PJ, COPA Min, COPA G/GC",—,,False,Atlético Clube Goianiense,False,17/1081/3/1 | 7/200/1/0 | 0/0/0/0 | 0/0/0/0 | 0/0/0/0,0/0/0/0 | 0/0/0/0 | 0/0/0/0 | 0/0/0/0 | 0/0/0/0
2025-26,DELANTEROS,2989,Kevin Sánchez,CD Ebro,Segunda Federación,839905,"LIGA PJ, LIGA Min, LIGA G/GC, COPA Min, COPA G/GC",—,,False,CD Ebro,False,36/2480/2/1 | 2/118/1/0 | 0/0/0/0 | 0/0/0/0 | 0/0/0/0,29/720/0/1 | 2/48/0/0 | 0/0/0/0 | 0/0/0/0 | 0/0/0/0
2025-26,DELANTEROS,3448,Javi Gómez,CD Guadalajara,Primera Federación,709587,"LIGA PJ, LIGA Min, LIGA G/GC, LIGA A/CS, COPA PJ, COPA Min",—,,False,CD Guadalajara,False,31/1833/2/1 | 1/60/0/0 | 0/0/0/0 | 0/0/0/0 | 0/0/0/0,0/0/0/0 | 0/0/0/0 | 0/0/0/0 | 0/0/0/0 | 0/0/0/0
2025-26,DELANTEROS,3919,Chan Kim,Gimcheon Sangmu,K League 1,1013932,"LIGA PJ, LIGA Min, COPA PJ, COPA Min, COPA G/GC",—,,False,Gimcheon Sangmu,False,5/109/1/0 | 2/154/1/0 | 0/0/0/0 | 0/0/0/0 | 0/0/0/0,7/256/1/0 | 0/0/0/0 | 0/0/0/0 | 0/0/0/0 | 0/0/0/0
2025-26,DELANTEROS,4647,Dani Sánchez,Real Ávila,Segunda Federación,895318,"LIGA PJ, LIGA Min, LIGA A/CS, COPA PJ, COPA Min",—,,False,Real Ávila,False,15/678/0/1 | 2/180/0/0 | 0/0/0/0 | 0/0/0/0 | 0/0/0/0,13/230/0/0 | 0/0/0/0 | 0/0/0/0 | 0/0/0/0 | 0/0/0/0
2025-26,DELANTEROS,5157,Guille Perero,CD Guadalajara,Primera Federación,708001,"LIGA PJ, LIGA Min",—,,False,CD Guadalajara,False,9/140/0/0 | 0/0/0/0 | 0/0/0/0 | 0/0/0/0 | 0/0/0/0,0/0/0/0 | 0/0/0/0 | 0/0/0/0 | 0/0/0/0 | 0/0/0/0
2025-26,EXTREMOS,139,Keiber Lamadrid,Deportivo La Guaira,Liga FUTVE Clausura,1004203,"SEL PJ, SEL Min",SUD,SUD,False,Deportivo La Guaira,False,33/2782/8/6 | 2/107/0/0 | 1/58/0/0 | 0/0/0/0 | 2/71/0/0,33/2782/8/6 | 2/107/0/0 | 1/58/0/0 | 0/0/0/0 | 0/0/0/0
2025-26,MEDIOCENTROS,475,Neskes,CD Guadalajara,Primera Federación,713638,"LIGA PJ, LIGA Min, LIGA G/GC, LIGA A/CS, COPA PJ, COPA Min, COPA G/GC",—,,False,CD Guadalajara,False,36/2180/3/7 | 3/54/1/0 | 0/0/0/0 | 0/0/0/0 | 0/0/0/0,0/0/0/0 | 0/0/0/0 | 0/0/0/0 | 0/0/0/0 | 0/0/0/0
2025-26,MEDIOCENTROS,631,Iván Romero,Recreativo,Segunda Federación,979310,"LIGA PJ, LIGA Min, LIGA G/GC, LIGA A/CS, COPA PJ, COPA Min",—,,False,Recreativo,False,32/2280/7/2 | 2/40/0/0 | 0/0/0/0 | 0/0/0/0 | 0/0/0/0,26/1592/0/1 | 0/0/0/0 | 0/0/0/0 | 0/0/0/0 | 0/0/0/0
2025-26,MEDIOCENTROS,2731,Toño Calvo,CD Guadalajara,Primera Federación,555118,"LIGA PJ, LIGA Min, LIGA G/GC, LIGA A/CS, COPA PJ, COPA Min",—,,False,CD Guadalajara,False,20/1141/1/2 | 2/106/0/0 | 0/0/0/0 | 0/0/0/0 | 0/0/0/0,0/0/0/0 | 0/0/0/0 | 0/0/0/0 | 0/0/0/0 | 0/0/0/0
2025-26,MEDIOCENTROS,2826,Kento Hashimoto,FC Tokyo,J1 League,785208,"LIGA PJ, LIGA Min, COPA PJ, COPA Min, COPA G/GC, COPA A/CS",—,,False,FC Tokyo,False,28/1935/0/2 | 2/141/0/1 | 0/0/0/0 | 0/0/0/0 | 0/0/0/0,27/1724/0/2 | 4/375/1/0 | 0/0/0/0 | 0/0/0/0 | 0/0/0/0
2025-26,MEDIOCENTROS,2993,Samu Mayo,CD Guadalajara,Primera Federación,1003958,"LIGA PJ, LIGA Min, LIGA G/GC, COPA PJ, COPA Min, COPA G/GC",—,,False,CD Guadalajara,False,28/1434/1/0 | 2/89/1/0 | 0/0/0/0 | 0/0/0/0 | 0/0/0/0,0/0/0/0 | 0/0/0/0 | 0/0/0/0 | 0/0/0/0 | 0/0/0/0
2025-26,MEDIOCENTROS,3513,Pablo Rojo,CD Guadalajara,Primera Federación,891092,"LIGA PJ, LIGA Min, LIGA A/CS, COPA PJ, COPA Min",—,,False,CD Guadalajara,False,25/1280/0/2 | 3/270/0/0 | 0/0/0/0 | 0/0/0/0 | 0/0/0/0,0/0/0/0 | 0/0/0/0 | 0/0/0/0 | 0/0/0/0 | 0/0/0/0
2025-26,MEDIOCENTROS,3549,Rhys Bozinovski,Perth Glory,A-League Men,916461,"COPA PJ, COPA Min",—,,False,Perth Glory,False,14/1120/0/2 | 1/76/0/0 | 0/0/0/0 | 0/0/0/0 | 0/0/0/0,14/1120/0/2 | 0/0/0/0 | 0/0/0/0 | 0/0/0/0 | 0/0/0/0
2025-26,MEDIOCENTROS,5419,Nana Boateng,Jeonbuk Hyundai,K League 1,746098,"LIGA PJ, LIGA Min, CONT PJ, CONT Min",ACL,,False,Jeonbuk Hyundai,False,5/246/0/0 | 0/0/0/0 | 2/122/0/0 | 0/0/0/0 | 0/0/0/0,0/0/0/0 | 0/0/0/0 | 0/0/0/0 | 0/0/0/0 | 0/0/0/0
2025-26,MEDIOCENTROS,5550,Jin-ho Kim,Jeju SK,K League 1,755355,"LIGA PJ, LIGA Min, COPA Min, CONT PJ, CONT Min",—,ACL,True,Jeju SK,False,6/182/0/0 | 1/75/0/0 | 0/0/0/0 | 0/0/0/0 | 0/0/0/0,13/995/0/0 | 1/9/0/0 | 5/464/0/0 | 0/0/0/0 | 0/0/0/0
2025-26,MEDIOCENTROS,5578,Adrián Díaz,Socuéllamos,Segunda Federación,1058993,"LIGA PJ, LIGA Min",—,,False,Socuéllamos,False,9/233/0/0 | 0/0/0/0 | 0/0/0/0 | 0/0/0/0 | 0/0/0/0,12/833/0/0 | 0/0/0/0 | 0/0/0/0 | 0/0/0/0 | 0/0/0/0
2025-26,MEDIOCENTROS,6299,Beni,Casa Pia,Portugal,773659,"LIGA PJ, LIGA Min, LIGA G/GC",—,,False,Casa Pia,False,0/0/0/0 | 0/0/0/0 | 0/0/0/0 | 0/0/0/0 | 0/0/0/0,29/1480/3/0 | 0/0/0/0 | 0/0/0/0 | 0/0/0/0 | 0/0/0/0
2025-26,DEFENSAS,492,Enol Rodriguez,UP Langreo,Segunda Federación,1230522,"LIGA PJ, LIGA Min, LIGA G/GC, LIGA A/CS, COPA PJ, COPA Min",—,,False,UP Langreo,False,34/1621/5/1 | 2/120/0/0 | 0/0/0/0 | 0/0/0/0 | 0/0/0/0,14/171/0/0 | 1/9/0/0 | 0/0/0/0 | 0/0/0/0 | 0/0/0/0
2025-26,DEFENSAS,714,Jake Cooper,Altrincham,National League,643162,"LIGA PJ, LIGA Min, LIGA G/GC, COPA PJ, COPA Min",—,,False,Altrincham,False,47/4230/4/1 | 2/180/0/0 | 0/0/0/0 | 0/0/0/0 | 0/0/0/0,29/2210/2/1 | 1/70/0/0 | 0/0/0/0 | 0/0/0/0 | 0/0/0/0
2025-26,DEFENSAS,885,Tim Meyer,FSV Luckenwalde,Regionalliga,818873,"LIGA PJ, LIGA Min, LIGA G/GC, COPA PJ, COPA Min, COPA G/GC, COPA A/CS",—,,False,FSV Luckenwalde,False,31/2191/1/2 | 5/331/1/1 | 0/0/0/0 | 0/0/0/0 | 0/0/0/0,21/959/0/2 | 3/212/0/0 | 0/0/0/0 | 0/0/0/0 | 0/0/0/0
2025-26,DEFENSAS,1590,Sebastián Vegas,CSD Colo-Colo,Liga de Primera,1388302,"LIGA PJ, LIGA Min, LIGA G/GC, COPA PJ, COPA Min, COPA G/GC, CONT PJ, CONT Min",LIB,,False,CSD Colo-Colo,False,22/1653/2/0 | 7/480/1/0 | 6/520/0/0 | 0/0/0/0 | 0/0/0/0,0/0/0/0 | 0/0/0/0 | 0/0/0/0 | 0/0/0/0 | 0/0/0/0
2025-26,DEFENSAS,2998,Fran García,Torremolinos,Primera Federación,152284,"LIGA PJ, LIGA Min, LIGA G/GC, LIGA A/CS, COPA PJ, COPA Min, CONT PJ, CONT Min",UCL,,False,Torremolinos,False,13/930/1/1 | 3/176/0/0 | 7/246/0/0 | 0/0/0/0 | 0/0/0/0,10/687/0/0 | 0/0/0/0 | 0/0/0/0 | 0/0/0/0 | 0/0/0/0
2025-26,DEFENSAS,3243,Julio Martínez,CD Guadalajara,Primera Federación,625884,"LIGA PJ, LIGA Min, LIGA A/CS, COPA PJ, COPA Min",—,,False,CD Guadalajara,False,27/1946/0/2 | 2/180/0/0 | 0/0/0/0 | 0/0/0/0 | 0/0/0/0,0/0/0/0 | 0/0/0/0 | 0/0/0/0 | 0/0/0/0 | 0/0/0/0
2025-26,DEFENSAS,3399,Riku Matsuda,Vissel Kobe,J1 League,553818,"LIGA PJ, LIGA Min, LIGA A/CS, COPA PJ, COPA Min, COPA A/CS, CONT PJ, CONT Min",ACL,,False,Vissel Kobe,False,13/718/0/1 | 7/478/0/1 | 1/1/0/0 | 0/0/0/0 | 0/0/0/0,4/129/0/0 | 1/90/0/0 | 0/0/0/0 | 0/0/0/0 | 0/0/0/0
2025-26,DEFENSAS,4142,Pol Fernández,Reus FCR,Segunda Federación,1384673,"LIGA PJ, LIGA Min, COPA Min",—,,False,Reus FCR,False,25/706/1/0 | 2/121/0/0 | 0/0/0/0 | 0/0/0/0 | 0/0/0/0,31/2425/1/0 | 2/210/0/0 | 0/0/0/0 | 0/0/0/0 | 0/0/0/0
2025-26,DEFENSAS,4640,Yong Lee,Suwon FC,K League 1,1106944,"LIGA PJ, LIGA Min, LIGA G/GC, LIGA A/CS",—,,False,Suwon FC,False,20/1726/0/1 | 0/0/0/0 | 0/0/0/0 | 0/0/0/0 | 0/0/0/0,33/2354/1/0 | 0/0/0/0 | 0/0/0/0 | 0/0/0/0 | 0/0/0/0
2025-26,DEFENSAS,3962,Juan Rodríguez,Marbella ,Primera Federación,275028,"LIGA Min, COPA PJ, COPA Min",—,,False,Marbella ,False,17/1314/1/0 | 1/61/0/0 | 0/0/0/0 | 0/0/0/0 | 0/0/0/0,17/1246/1/0 | 0/0/0/0 | 0/0/0/0 | 0/0/0/0 | 0/0/0/0
2025-26,DEFENSAS,5225,Dani Gallardo,CD Guadalajara,Primera Federación,511023,"LIGA PJ, LIGA Min, COPA PJ, COPA Min",—,,False,CD Guadalajara,False,34/2673/0/0 | 2/118/0/0 | 0/0/0/0 | 0/0/0/0 | 0/0/0/0,0/0/0/0 | 0/0/0/0 | 0/0/0/0 | 0/0/0/0 | 0/0/0/0
2025-26,DEFENSAS,5379,Marc Martínez,CF Intercity,Segunda Federación,1357462,"LIGA PJ, LIGA Min",—,,False,CF Intercity,False,25/2250/0/0 | 0/0/0/0 | 0/0/0/0 | 0/0/0/0 | 0/0/0/0,13/946/0/0 | 0/0/0/0 | 0/0/0/0 | 0/0/0/0 | 0/0/0/0
2025-26,DEFENSAS,5544,Luis Quiñónez,CD Numancia,Segunda Federación,1244578,"LIGA PJ, LIGA Min, COPA PJ, COPA Min",—,,False,CD Numancia,False,19/1710/0/0 | 1/90/0/0 | 0/0/0/0 | 0/0/0/0 | 0/0/0/0,2/66/0/0 | 0/0/0/0 | 0/0/0/0 | 0/0/0/0 | 0/0/0/0
2025-26,DEFENSAS,5620,Moussa Diarra,Wealdstone,National League,346178,"LIGA PJ, LIGA Min, COPA PJ, COPA Min",—,,False,Wealdstone,False,15/1190/0/0 | 5/452/0/0 | 0/0/0/0 | 0/0/0/0 | 0/0/0/0,6/108/0/0 | 4/360/0/0 | 0/0/0/0 | 0/0/0/0 | 0/0/0/0
2025-26,PORTEROS,266,Alessandro Guarnone,Vis Pesaro,Serie C,392530,"LIGA PJ, LIGA Min, LIGA G/GC, LIGA A/CS, COPA PJ, COPA Min, COPA G/GC",—,,False,Vis Pesaro,True,32/2880/30/11 | 1/90/2/0 | 0/0/0/0 | 0/0/0/0 | 0/0/0/0,5/450/8/1 | 0/0/0/0 | 0/0/0/0 | 0/0/0/0 | 0/0/0/0
2025-26,PORTEROS,404,Amador Zarco,CD Guadalajara,Primera Federación,550934,"LIGA PJ, LIGA Min, LIGA G/GC, LIGA A/CS",—,,False,CD Guadalajara,True,30/2609/39/9 | 0/0/0/0 | 0/0/0/0 | 0/0/0/0 | 0/0/0/0,0/0/0/0 | 0/0/0/0 | 0/0/0/0 | 0/0/0/0 | 0/0/0/0
2025-26,PORTEROS,546,Adam Smith,Hartlepool Utd.,National League,163532,"LIGA PJ, LIGA Min, LIGA G/GC, LIGA A/CS, COPA PJ, COPA Min, COPA G/GC",—,,False,Hartlepool Utd.,True,22/1080/17/7 | 1/120/3/0 | 0/0/0/0 | 0/0/0/0 | 0/0/0/0,2/142/5/0 | 0/0/0/0 | 0/0/0/0 | 0/0/0/0 | 0/0/0/0
2025-26,PORTEROS,577,Iván Martínez,FC Cartagena,Primera Federación,568183,"LIGA PJ, LIGA Min, LIGA G/GC, LIGA A/CS, COPA PJ, COPA Min, COPA A/CS",—,,False,FC Cartagena,True,23/1992/34/6 | 3/330/2/1 | 0/0/0/0 | 0/0/0/0 | 0/0/0/0,11/990/12/5 | 1/120/2/0 | 0/0/0/0 | 0/0/0/0 | 0/0/0/0
2025-26,PORTEROS,578,Iván Martínez,CD Numancia,Segunda Federación,424371,"LIGA PJ, LIGA Min, LIGA G/GC, LIGA A/CS, COPA PJ, COPA Min, COPA A/CS",—,,False,CD Numancia,True,23/1992/34/6 | 3/330/2/1 | 0/0/0/0 | 0/0/0/0 | 0/0/0/0,19/1710/20/5 | 1/90/2/0 | 0/0/0/0 | 0/0/0/0 | 0/0/0/0
2025-26,PORTEROS,883,Juan Castillo,Fortaleza CEIF,Liga DIMAYOR Apertura,660000,"LIGA PJ, LIGA Min, LIGA G/GC, LIGA A/CS, COPA PJ, COPA Min, COPA A/CS",—,,False,Fortaleza CEIF,True,9/810/17/2 | 2/180/0/2 | 0/0/0/0 | 0/0/0/0 | 0/0/0/0,0/0/0/0 | 0/0/0/0 | 0/0/0/0 | 0/0/0/0 | 0/0/0/0
2025-26,PORTEROS,1097,Luca Moro,Perugia,Serie C,738112,"LIGA PJ, LIGA Min, LIGA G/GC, LIGA A/CS, COPA PJ, COPA Min",—,,False,Perugia,True,14/200/3/2 | 1/21/0/0 | 0/0/0/0 | 0/0/0/0 | 0/0/0/0,1/90/2/0 | 0/0/0/0 | 0/0/0/0 | 0/0/0/0 | 0/0/0/0
2025-26,PORTEROS,1182,David Gil,Recreativo,Segunda Federación,1057828,"LIGA PJ, LIGA Min, LIGA G/GC, COPA PJ, COPA Min, COPA G/GC",—,,False,Recreativo,True,8/720/12/2 | 2/180/4/0 | 0/0/0/0 | 0/0/0/0 | 0/0/0/0,3/270/1/2 | 0/0/0/0 | 0/0/0/0 | 0/0/0/0 | 0/0/0/0
2026-27,DELANTEROS,75,Dustin Forkel,Rot-Weiß Erfurt,Regionalliga,924114,"LIGA PJ, LIGA Min, LIGA G/GC, LIGA A/CS",—,,False,Rot-Weiß Erfurt,False,10/551/6/2 | 2/154/3/3 | 0/0/0/0 | 0/0/0/0 | 0/0/0/0,11/641/7/3 | 2/154/3/3 | 0/0/0/0 | 0/0/0/0 | 0/0/0/0
2026-27,DELANTEROS,85,Tom Sanne,Drochtersen/A.,Regionalliga,798038,"LIGA PJ, LIGA Min",—,,False,Drochtersen/A.,False,10/805/9/2 | 2/210/2/0 | 0/0/0/0 | 0/0/0/0 | 0/0/0/0,11/895/9/2 | 2/210/2/0 | 0/0/0/0 | 0/0/0/0 | 0/0/0/0
2026-27,DELANTEROS,87,Patrik Twardzik,FC Gütersloh,Regionalliga,93832,"LIGA PJ, LIGA Min, LIGA G/GC",—,,False,FC Gütersloh,False,9/810/10/3 | 1/90/0/0 | 0/0/0/0 | 0/0/0/0 | 0/0/0/0,10/900/11/3 | 1/90/0/0 | 0/0/0/0 | 0/0/0/0 | 0/0/0/0
2026-27,DELANTEROS,88,Jeroen Krupa,Unterhaching,Regionalliga,808269,"LIGA PJ, LIGA Min",—,,False,Unterhaching,False,8/609/5/3 | 3/207/5/0 | 0/0/0/0 | 0/0/0/0 | 0/0/0/0,9/699/5/3 | 3/207/5/0 | 0/0/0/0 | 0/0/0/0 | 0/0/0/0
2026-27,DELANTEROS,113,Toralf Hense,Eimsbütteler TV,Regionalliga,1204523,"LIGA PJ, LIGA Min",—,,False,Eimsbütteler TV,False,10/871/6/0 | 3/225/5/0 | 0/0/0/0 | 0/0/0/0 | 0/0/0/0,11/961/6/0 | 3/225/5/0 | 0/0/0/0 | 0/0/0/0 | 0/0/0/0
2026-27,DELANTEROS,127,Theo Schröder,Kickers Emden,Regionalliga,806625,"LIGA PJ, LIGA Min, LIGA G/GC",—,,False,Kickers Emden,False,9/602/7/2 | 1/80/2/0 | 0/0/0/0 | 0/0/0/0 | 0/0/0/0,10/692/8/2 | 1/80/2/0 | 0/0/0/0 | 0/0/0/0 | 0/0/0/0
2026-27,DELANTEROS,137,Alla Hamid,Drochtersen/A.,Regionalliga,971028,"LIGA PJ, LIGA Min, LIGA G/GC",—,,False,Drochtersen/A.,False,10/833/5/6 | 2/210/0/0 | 0/0/0/0 | 0/0/0/0 | 0/0/0/0,11/923/6/6 | 2/210/0/0 | 0/0/0/0 | 0/0/0/0 | 0/0/0/0
2026-27,DELANTEROS,164,Malek Fakhro,1.FC Bocholt,Regionalliga,413236,"LIGA PJ, LIGA Min",—,,False,1.FC Bocholt,False,9/761/6/2 | 2/188/1/1 | 0/0/0/0 | 0/0/0/0 | 0/0/0/0,10/851/6/2 | 2/188/1/1 | 0/0/0/0 | 0/0/0/0 | 0/0/0/0
2026-27,DELANTEROS,167,Domenico Alberico,Chemnitzer FC,Regionalliga,321071,"LIGA PJ, LIGA Min",—,,False,Chemnitzer FC,False,10/788/4/3 | 1/31/2/1 | 0/0/0/0 | 0/0/0/0 | 0/0/0/0,11/878/4/3 | 1/31/2/1 | 0/0/0/0 | 0/0/0/0 | 0/0/0/0
2026-27,DELANTEROS,170,Pablo Rodríguez,Antequera CF,Primera Federación,751633,"LIGA PJ, LIGA Min, LIGA G/GC, LIGA A/CS, COPA PJ, COPA Min, COPA G/GC, CONT PJ, CONT Min, CONT G/GC, CONT A/CS",UEL,UECL,True,Antequera CF,False,8/599/3/3 | 1/79/1/0 | 7/505/1/2 | 0/0/0/0 | 0/0/0/0,1/7/0/0 | 0/0/0/0 | 1/45/0/0 | 0/0/0/0 | 0/0/0/0
2026-27,DELANTEROS,171,Ezra Ampofo,E. Norderstedt,Regionalliga,805824,"LIGA PJ, LIGA Min",—,,False,E. Norderstedt,False,10/764/3/4 | 2/84/2/1 | 0/0/0/0 | 0/0/0/0 | 0/0/0/0,11/854/3/4 | 2/84/2/1 | 0/0/0/0 | 0/0/0/0 | 0/0/0/0
2026-27,DELANTEROS,177,Arian Ortivero Calderon,1860 München,Regionalliga,1380510,"LIGA PJ, LIGA Min",—,,False,1860 München,False,8/122/2/0 | 4/177/7/0 | 0/0/0/0 | 0/0/0/0 | 0/0/0/0,9/130/2/0 | 4/177/7/0 | 0/0/0/0 | 0/0/0/0 | 0/0/0/0
2026-27,DELANTEROS,181,Marvin Schulz,Pr. Münster,3. Liga,168678,"LIGA PJ, LIGA Min, LIGA G/GC, COPA PJ, COPA Min, COPA G/GC, COPA A/CS",—,,False,Pr. Münster,False,7/251/3/0 | 2/178/5/1 | 0/0/0/0 | 0/0/0/0 | 0/0/0/0,0/0/0/0 | 0/0/0/0 | 0/0/0/0 | 0/0/0/0 | 0/0/0/0
2026-27,DELANTEROS,192,Severo Sturm,TSV Aubstadt,Regionalliga,591089,"LIGA PJ, LIGA Min",—,,False,TSV Aubstadt,False,9/688/4/1 | 4/288/3/1 | 0/0/0/0 | 0/0/0/0 | 0/0/0/0,10/769/4/1 | 4/288/3/1 | 0/0/0/0 | 0/0/0/0 | 0/0/0/0
2026-27,DELANTEROS,202,Tobias Stoßberger,TSV Buchbach,Regionalliga,349523,"LIGA PJ, LIGA Min",—,,False,TSV Buchbach,False,9/772/5/3 | 4/325/1/0 | 0/0/0/0 | 0/0/0/0 | 0/0/0/0,10/862/5/3 | 4/325/1/0 | 0/0/0/0 | 0/0/0/0 | 0/0/0/0
2026-27,DELANTEROS,205,Elias Löder,Carl Zeiss Jena,Regionalliga,390894,"LIGA PJ, LIGA Min, LIGA G/GC",—,,False,Carl Zeiss Jena,False,10/735/2/3 | 2/135/4/0 | 0/0/0/0 | 0/0/0/0 | 0/0/0/0,11/824/3/3 | 2/135/4/0 | 0/0/0/0 | 0/0/0/0 | 0/0/0/0
2026-27,DELANTEROS,213,Max Grimm,TSV Aubstadt,Regionalliga,623852,"LIGA PJ, LIGA Min",—,,False,TSV Aubstadt,False,8/674/2/5 | 4/262/2/0 | 0/0/0/0 | 0/0/0/0 | 0/0/0/0,9/735/2/5 | 4/262/2/0 | 0/0/0/0 | 0/0/0/0 | 0/0/0/0
2026-27,DELANTEROS,223,Tim Heike,SC Verl,3. Liga,445448,"COPA PJ, COPA Min",—,,False,SC Verl,False,7/571/4/0 | 3/107/4/0 | 0/0/0/0 | 0/0/0/0 | 0/0/0/0,7/571/4/0 | 4/197/4/0 | 0/0/0/0 | 0/0/0/0 | 0/0/0/0
2026-27,DELANTEROS,232,Denis Milic,FV Illertissen,Regionalliga,1140776,"LIGA PJ, LIGA Min",—,,False,FV Illertissen,False,10/864/5/1 | 2/162/2/0 | 0/0/0/0 | 0/0/0/0 | 0/0/0/0,11/954/5/1 | 2/162/2/0 | 0/0/0/0 | 0/0/0/0 | 0/0/0/0
2026-27,DELANTEROS,243,Mechak Quiala Tito,Rot-Weiß Erfurt,Regionalliga,934538,"LIGA PJ, LIGA Min",—,,False,Rot-Weiß Erfurt,False,6/151/3/0 | 2/180/4/1 | 0/0/0/0 | 0/0/0/0 | 0/0/0/0,7/198/3/0 | 2/180/4/1 | 0/0/0/0 | 0/0/0/0 | 0/0/0/0
2026-27,DELANTEROS,245,Andreas Jünger,DJK Vilzing,Regionalliga,276008,"LIGA PJ, LIGA Min, LIGA G/GC",—,,False,DJK Vilzing,False,9/803/5/1 | 2/180/1/1 | 0/0/0/0 | 0/0/0/0 | 0/0/0/0,10/893/6/1 | 2/180/1/1 | 0/0/0/0 | 0/0/0/0 | 0/0/0/0
2026-27,DELANTEROS,264,Benedikt von Hagen,K. Offenbach,Regionalliga,906527,"LIGA PJ, LIGA Min, LIGA G/GC",—,,False,K. Offenbach,False,8/581/5/3 | 0/0/0/0 | 0/0/0/0 | 0/0/0/0 | 0/0/0/0,9/671/6/3 | 0/0/0/0 | 0/0/0/0 | 0/0/0/0 | 0/0/0/0
2026-27,DELANTEROS,269,Jonas Nietfeld,Altglienicke,Regionalliga,155374,"LIGA PJ, LIGA Min",—,,False,Altglienicke,False,10/851/3/4 | 1/57/1/0 | 0/0/0/0 | 0/0/0/0 | 0/0/0/0,11/941/3/4 | 1/57/1/0 | 0/0/0/0 | 0/0/0/0 | 0/0/0/0
2026-27,DELANTEROS,276,John Montaño,Bucheon FC,K League 1,1119752,"LIGA PJ, LIGA Min, LIGA G/GC, LIGA A/CS",—,,False,Bucheon FC,False,11/919/3/5 | 0/0/0/0 | 0/0/0/0 | 0/0/0/0 | 0/0/0/0,0/0/0/0 | 0/0/0/0 | 0/0/0/0 | 0/0/0/0 | 0/0/0/0
2026-27,DELANTEROS,287,Lorenzo Di Stefano,Torres,Serie C,650255,"LIGA PJ, LIGA Min",—,,False,Torres,False,6/512/6/0 | 1/90/1/0 | 0/0/0/0 | 0/0/0/0 | 0/0/0/0,7/602/6/0 | 1/90/1/0 | 0/0/0/0 | 0/0/0/0 | 0/0/0/0
2026-27,DELANTEROS,304,Karlo Kuranyi,FCA Walldorf,Regionalliga,922408,"LIGA PJ, LIGA Min",—,,False,FCA Walldorf,False,8/410/3/1 | 2/135/3/0 | 0/0/0/0 | 0/0/0/0 | 0/0/0/0,9/418/3/1 | 2/135/3/0 | 0/0/0/0 | 0/0/0/0 | 0/0/0/0
2026-27,DELANTEROS,313,Jonas Saliger,Altglienicke,Regionalliga,784710,"LIGA PJ, LIGA Min",—,,False,Altglienicke,False,10/802/3/2 | 2/133/2/0 | 0/0/0/0 | 0/0/0/0 | 0/0/0/0,11/868/3/2 | 2/133/2/0 | 0/0/0/0 | 0/0/0/0 | 0/0/0/0
2026-27,DELANTEROS,314,Elidon Qenaj,FV Illertissen,Regionalliga,741149,"LIGA PJ, LIGA Min",—,,False,FV Illertissen,False,10/705/3/2 | 2/114/2/0 | 0/0/0/0 | 0/0/0/0 | 0/0/0/0,11/795/3/2 | 2/114/2/0 | 0/0/0/0 | 0/0/0/0 | 0/0/0/0
2026-27,DELANTEROS,321,Maximilian Schmid,K. Offenbach,Regionalliga,573978,"LIGA PJ, LIGA Min",—,,False,K. Offenbach,False,8/680/5/2 | 0/0/0/0 | 0/0/0/0 | 0/0/0/0 | 0/0/0/0,9/748/5/2 | 0/0/0/0 | 0/0/0/0 | 0/0/0/0 | 0/0/0/0
2026-27,DELANTEROS,327,Lewis Walker,Kidderminster,National League,430801,"LIGA PJ, LIGA Min",—,,False,Kidderminster,False,8/608/5/2 | 0/0/0/0 | 0/0/0/0 | 0/0/0/0 | 0/0/0/0,9/698/5/2 | 0/0/0/0 | 0/0/0/0 | 0/0/0/0 | 0/0/0/0
2026-27,DELANTEROS,330,Niklas Frese,FC Gütersloh,Regionalliga,1114566,"LIGA PJ, LIGA Min",—,,False,FC Gütersloh,False,8/354/4/1 | 2/152/1/1 | 0/0/0/0 | 0/0/0/0 | 0/0/0/0,9/416/4/1 | 2/152/1/1 | 0/0/0/0 | 0/0/0/0 | 0/0/0/0
2026-27,DELANTEROS,339,Grace Bokake,Greifswalder FC,Regionalliga,508963,"LIGA PJ, LIGA Min",—,,False,Greifswalder FC,False,10/744/4/3 | 1/45/0/0 | 0/0/0/0 | 0/0/0/0 | 0/0/0/0,11/834/4/3 | 1/45/0/0 | 0/0/0/0 | 0/0/0/0 | 0/0/0/0
2026-27,DELANTEROS,352,Kyle McAllister,Forest Green,National League,399260,"LIGA PJ, LIGA Min, LIGA G/GC",—,,False,Forest Green,False,9/790/3/4 | 0/0/0/0 | 0/0/0/0 | 0/0/0/0 | 0/0/0/0,10/880/4/4 | 0/0/0/0 | 0/0/0/0 | 0/0/0/0 | 0/0/0/0
2026-27,DELANTEROS,354,Nick Stepantsev,Kickers Emden,Regionalliga,735433,"LIGA PJ, LIGA Min",—,,False,Kickers Emden,False,10/588/3/1 | 1/72/0/3 | 0/0/0/0 | 0/0/0/0 | 0/0/0/0,11/678/3/1 | 1/72/0/3 | 0/0/0/0 | 0/0/0/0 | 0/0/0/0
2026-27,DELANTEROS,356,Luca Wollschläger,Carl Zeiss Jena,Regionalliga,678088,"LIGA PJ, LIGA Min, LIGA G/GC",—,,False,Carl Zeiss Jena,False,9/460/2/1 | 2/108/1/3 | 0/0/0/0 | 0/0/0/0 | 0/0/0/0,10/528/3/1 | 2/108/1/3 | 0/0/0/0 | 0/0/0/0 | 0/0/0/0
2026-27,DELANTEROS,361,Noah Agbaje,W. Burghausen,Regionalliga,470075,"LIGA PJ, LIGA Min",—,,False,W. Burghausen,False,10/709/2/5 | 2/66/0/0 | 0/0/0/0 | 0/0/0/0 | 0/0/0/0,11/767/2/5 | 2/66/0/0 | 0/0/0/0 | 0/0/0/0 | 0/0/0/0
2026-27,DELANTEROS,362,Semin Kojic,Kickers Emden,Regionalliga,696117,"LIGA PJ, LIGA Min",—,,False,Kickers Emden,False,10/643/2/4 | 1/90/0/1 | 0/0/0/0 | 0/0/0/0 | 0/0/0/0,11/733/2/4 | 1/90/0/1 | 0/0/0/0 | 0/0/0/0 | 0/0/0/0
2026-27,DELANTEROS,364,Marco Wolf,Rot-Weiß Erfurt,Regionalliga,530159,"LIGA PJ, LIGA Min",—,,False,Rot-Weiß Erfurt,False,10/542/1/3 | 2/157/0/3 | 0/0/0/0 | 0/0/0/0 | 0/0/0/0,11/628/1/3 | 2/157/0/3 | 0/0/0/0 | 0/0/0/0 | 0/0/0/0
2026-27,DELANTEROS,371,Dino Nuhanovic,SpVgg Ansbach,Regionalliga,637917,"LIGA PJ, LIGA Min",—,,False,SpVgg Ansbach,False,9/683/4/0 | 2/162/2/0 | 0/0/0/0 | 0/0/0/0 | 0/0/0/0,10/772/4/0 | 2/162/2/0 | 0/0/0/0 | 0/0/0/0 | 0/0/0/0
2026-27,DELANTEROS,374,Rufat Dadashov,BFC Dynamo,Regionalliga,157478,"LIGA PJ, LIGA Min, LIGA G/GC",—,,False,BFC Dynamo,False,10/671/6/0 | 0/0/0/0 | 0/0/0/0 | 0/0/0/0 | 0/0/0/0,11/749/7/0 | 0/0/0/0 | 0/0/0/0 | 0/0/0/0 | 0/0/0/0
2026-27,DELANTEROS,379,Mansour Samb,VFC La Roche,Ligue 3,1332789,"LIGA PJ, LIGA Min",—,,False,VFC La Roche,False,7/582/6/0 | 0/0/0/0 | 0/0/0/0 | 0/0/0/0 | 0/0/0/0,8/672/6/0 | 0/0/0/0 | 0/0/0/0 | 0/0/0/0 | 0/0/0/0
2026-27,DELANTEROS,385,Luca Thomas,Fylde,National League,745693,"LIGA PJ, LIGA Min",—,,False,Fylde,False,7/432/6/0 | 0/0/0/0 | 0/0/0/0 | 0/0/0/0 | 0/0/0/0,8/512/6/0 | 0/0/0/0 | 0/0/0/0 | 0/0/0/0 | 0/0/0/0
2026-27,DELANTEROS,401,Harry Leonard,Peterborough,League One,672526,"LIGA PJ, LIGA Min",—,,False,Peterborough,False,7/624/1/0 | 4/300/4/1 | 0/0/0/0 | 0/0/0/0 | 0/0/0/0,8/714/1/0 | 4/300/4/1 | 0/0/0/0 | 0/0/0/0 | 0/0/0/0
2026-27,DELANTEROS,405,Patrick Scheder,SpVgg Bayreuth,Regionalliga,612862,"LIGA PJ, LIGA Min",—,,False,SpVgg Bayreuth,False,10/684/3/1 | 2/135/2/0 | 0/0/0/0 | 0/0/0/0 | 0/0/0/0,11/698/3/1 | 2/135/2/0 | 0/0/0/0 | 0/0/0/0 | 0/0/0/0
2026-27,DELANTEROS,406,Kieren Donnelly,Tamworth,National League,1421248,"LIGA PJ, LIGA Min, LIGA A/CS",—,,False,Tamworth,False,9/774/5/1 | 0/0/0/0 | 0/0/0/0 | 0/0/0/0 | 0/0/0/0,10/864/5/2 | 0/0/0/0 | 0/0/0/0 | 0/0/0/0 | 0/0/0/0
2026-27,DELANTEROS,411,Léo Abreu,Picerno,Serie C,476024,"LIGA PJ, LIGA Min",—,,False,Picerno,False,6/531/5/1 | 2/114/0/0 | 0/0/0/0 | 0/0/0/0 | 0/0/0/0,7/621/5/1 | 2/114/0/0 | 0/0/0/0 | 0/0/0/0 | 0/0/0/0
2026-27,DELANTEROS,415,Noa-Gabriel Simic,W. Burghausen,Regionalliga,744603,"LIGA PJ, LIGA Min",—,,False,W. Burghausen,False,9/394/3/1 | 3/201/2/0 | 0/0/0/0 | 0/0/0/0 | 0/0/0/0,10/426/3/1 | 3/201/2/0 | 0/0/0/0 | 0/0/0/0 | 0/0/0/0
2026-27,DELANTEROS,419,Felix Heim,Greifswalder FC,Regionalliga,528243,"LIGA PJ, LIGA Min",—,,False,Greifswalder FC,False,10/547/4/1 | 1/20/1/0 | 0/0/0/0 | 0/0/0/0 | 0/0/0/0,11/592/4/1 | 1/20/1/0 | 0/0/0/0 | 0/0/0/0 | 0/0/0/0
2026-27,DELANTEROS,421,Jonas Marx,Chemnitzer FC,Regionalliga,989066,"LIGA PJ, LIGA Min, LIGA G/GC",—,,False,Chemnitzer FC,False,10/476/4/1 | 1/59/1/0 | 0/0/0/0 | 0/0/0/0 | 0/0/0/0,11/540/5/1 | 1/59/1/0 | 0/0/0/0 | 0/0/0/0 | 0/0/0/0
2026-27,DELANTEROS,430,Yannis Verdier,FC Fleury 91,Ligue 3,879750,"LIGA PJ, LIGA Min",—,,False,FC Fleury 91,False,7/421/5/1 | 0/0/0/0 | 0/0/0/0 | 0/0/0/0 | 0/0/0/0,8/501/5/1 | 0/0/0/0 | 0/0/0/0 | 0/0/0/0 | 0/0/0/0
2026-27,DELANTEROS,443,Lukas Krüger,E. Norderstedt,Regionalliga,448092,"LIGA PJ, LIGA Min, LIGA G/GC",—,,False,E. Norderstedt,False,10/856/3/1 | 2/55/1/1 | 0/0/0/0 | 0/0/0/0 | 0/0/0/0,11/946/5/1 | 2/55/1/1 | 0/0/0/0 | 0/0/0/0 | 0/0/0/0
2026-27,DELANTEROS,444,Moritz Gündling,VfB Eichstätt,Regionalliga,903197,"LIGA PJ, LIGA Min",—,,False,VfB Eichstätt,False,10/757/3/2 | 2/135/1/0 | 0/0/0/0 | 0/0/0/0 | 0/0/0/0,11/847/3/2 | 2/135/1/0 | 0/0/0/0 | 0/0/0/0 | 0/0/0/0
2026-27,DELANTEROS,445,Florian Niederlechner,1860 München,Regionalliga,152963,"LIGA PJ, LIGA Min",—,,False,1860 München,False,9/682/3/2 | 2/126/1/0 | 0/0/0/0 | 0/0/0/0 | 0/0/0/0,10/772/3/2 | 2/126/1/0 | 0/0/0/0 | 0/0/0/0 | 0/0/0/0
2026-27,DELANTEROS,447,Georgie Kelly,Carlisle United,National League,363881,"LIGA PJ, LIGA Min",—,,False,Carlisle United,False,9/801/4/2 | 0/0/0/0 | 0/0/0/0 | 0/0/0/0 | 0/0/0/0,10/891/4/2 | 0/0/0/0 | 0/0/0/0 | 0/0/0/0 | 0/0/0/0
2026-27,DELANTEROS,450,Ken Aboh,Boston Utd,National League,845326,"LIGA PJ, LIGA Min",—,,False,Boston Utd,False,9/681/3/2 | 2/90/1/0 | 0/0/0/0 | 0/0/0/0 | 0/0/0/0,10/701/3/2 | 2/90/1/0 | 0/0/0/0 | 0/0/0/0 | 0/0/0/0
2026-27,DELANTEROS,452,Kay Seidemann,Greifswalder FC,Regionalliga,602223,"LIGA PJ, LIGA Min",—,,False,Greifswalder FC,False,10/684/3/2 | 2/65/1/0 | 0/0/0/0 | 0/0/0/0 | 0/0/0/0,11/729/3/2 | 2/65/1/0 | 0/0/0/0 | 0/0/0/0 | 0/0/0/0
2026-27,DELANTEROS,458,Ched Evans,Fleetwood,League Two,61622,"LIGA PJ, LIGA Min",—,,False,Fleetwood,False,7/456/1/2 | 3/206/3/0 | 0/0/0/0 | 0/0/0/0 | 0/0/0/0,8/546/1/2 | 3/206/3/0 | 0/0/0/0 | 0/0/0/0 | 0/0/0/0
2026-27,DELANTEROS,464,Isaac,Campobasso,Serie C,373287,"LIGA PJ, LIGA Min, LIGA A/CS",—,,False,Campobasso,False,6/446/3/2 | 2/135/1/0 | 0/0/0/0 | 0/0/0/0 | 0/0/0/0,7/536/3/3 | 2/135/1/0 | 0/0/0/0 | 0/0/0/0 | 0/0/0/0
2026-27,DELANTEROS,466,Dejan Bozic,Stuttg. Kickers,Regionalliga,119543,"LIGA PJ, LIGA Min, LIGA G/GC",—,,False,Stuttg. Kickers,False,8/520/4/2 | 0/0/0/0 | 0/0/0/0 | 0/0/0/0 | 0/0/0/0,9/597/5/2 | 0/0/0/0 | 0/0/0/0 | 0/0/0/0 | 0/0/0/0
2026-27,DELANTEROS,468,Marek Janssen,RW Essen,3. Liga,385701,"COPA PJ, COPA Min, COPA G/GC",—,,False,RW Essen,False,7/387/1/1 | 2/116/3/1 | 0/0/0/0 | 0/0/0/0 | 0/0/0/0,7/387/1/1 | 3/191/4/1 | 0/0/0/0 | 0/0/0/0 | 0/0/0/0
2026-27,DELANTEROS,477,Leroy Mickels,W. Mannheim,3. Liga,191426,"SEL PJ, SEL Min, SEL G/GC, SEL A/CS",—,,False,W. Mannheim,False,3/58/0/0 | 3/194/4/2 | 0/0/0/0 | 0/0/0/0 | 0/0/0/0,3/58/0/0 | 3/194/4/2 | 0/0/0/0 | 0/0/0/0 | 1/69/1/1
2026-27,DELANTEROS,483,Lennart Garlipp,1.FC Bocholt,Regionalliga,807211,"LIGA PJ, LIGA Min, LIGA G/GC",—,,False,1.FC Bocholt,False,9/754/3/3 | 1/65/0/0 | 0/0/0/0 | 0/0/0/0 | 0/0/0/0,10/844/4/3 | 1/65/0/0 | 0/0/0/0 | 0/0/0/0 | 0/0/0/0
2026-27,DELANTEROS,496,Matteo Stoppa,Campobasso,Serie C,391899,"LIGA PJ, LIGA Min, LIGA G/GC, LIGA A/CS",—,,False,Campobasso,False,6/478/3/2 | 2/115/0/1 | 0/0/0/0 | 0/0/0/0 | 0/0/0/0,7/558/4/3 | 2/115/0/1 | 0/0/0/0 | 0/0/0/0 | 0/0/0/0
2026-27,DELANTEROS,498,Romarjo Hajrulla,Rot-Weiß Erfurt,Regionalliga,342821,"LIGA PJ, LIGA Min",—,,False,Rot-Weiß Erfurt,False,10/533/3/3 | 0/0/0/0 | 0/0/0/0 | 0/0/0/0 | 0/0/0/0,11/576/3/3 | 0/0/0/0 | 0/0/0/0 | 0/0/0/0 | 0/0/0/0
2026-27,DELANTEROS,503,Maximilian Fesser,Chemnitzer FC,Regionalliga,490640,"LIGA PJ, LIGA Min, LIGA G/GC",—,,False,Chemnitzer FC,False,10/440/2/2 | 1/31/1/1 | 0/0/0/0 | 0/0/0/0 | 0/0/0/0,11/466/3/2 | 1/31/1/1 | 0/0/0/0 | 0/0/0/0 | 0/0/0/0
2026-27,DELANTEROS,517,Emre Erdoğan,1860 München,Regionalliga,1072171,"LIGA PJ, LIGA Min, LIGA G/GC",—,,False,1860 München,False,9/581/1/4 | 4/202/0/1 | 0/0/0/0 | 0/0/0/0 | 0/0/0/0,10/671/2/4 | 4/202/0/1 | 0/0/0/0 | 0/0/0/0 | 0/0/0/0
2026-27,DELANTEROS,518,Kyreece Lisbie,Reading,League One,948958,"LIGA PJ, LIGA Min",—,,False,Reading,False,6/489/1/4 | 3/96/0/1 | 0/0/0/0 | 0/0/0/0 | 0/0/0/0,7/563/1/4 | 3/96/0/1 | 0/0/0/0 | 0/0/0/0 | 0/0/0/0
2026-27,DELANTEROS,522,Tobias Sztaf,TSV Buchbach,Regionalliga,435805,"LIGA PJ, LIGA Min",—,,False,TSV Buchbach,False,9/585/1/0 | 4/287/4/0 | 0/0/0/0 | 0/0/0/0 | 0/0/0/0,10/630/1/0 | 4/287/4/0 | 0/0/0/0 | 0/0/0/0 | 0/0/0/0
2026-27,DELANTEROS,528,Aribim Pepple,Plymouth Argyle,League One,696502,"LIGA PJ, LIGA Min",—,,False,Plymouth Argyle,False,7/563/3/0 | 3/152/2/0 | 0/0/0/0 | 0/0/0/0 | 0/0/0/0,8/653/3/0 | 3/152/2/0 | 0/0/0/0 | 0/0/0/0 | 0/0/0/0
2026-27,DELANTEROS,530,Aaron Pressley,FC Walsall,League Two,471003,"LIGA PJ, LIGA Min",—,,False,FC Walsall,False,6/540/4/0 | 2/123/1/0 | 0/0/0/0 | 0/0/0/0 | 0/0/0/0,7/630/4/0 | 2/123/1/0 | 0/0/0/0 | 0/0/0/0 | 0/0/0/0
2026-27,DELANTEROS,532,Abdulkadir Beyazit,Tasmania Berlin,Regionalliga,202656,"LIGA PJ, LIGA Min",—,,False,Tasmania Berlin,False,10/478/2/0 | 2/135/3/0 | 0/0/0/0 | 0/0/0/0 | 0/0/0/0,11/497/2/0 | 2/135/3/0 | 0/0/0/0 | 0/0/0/0 | 0/0/0/0
2026-27,DELANTEROS,535,Djamal Ziane,Lok Leipzig,Regionalliga,107267,"LIGA PJ, LIGA Min, LIGA G/GC",—,,False,Lok Leipzig,False,9/463/4/0 | 1/90/1/0 | 0/0/0/0 | 0/0/0/0 | 0/0/0/0,10/546/5/0 | 1/90/1/0 | 0/0/0/0 | 0/0/0/0 | 0/0/0/0
2026-27,DELANTEROS,546,Tristan Abrahams,Aldershot,National League,492391,"LIGA PJ, LIGA Min",—,,False,Aldershot,False,8/386/5/0 | 2/79/0/0 | 0/0/0/0 | 0/0/0/0 | 0/0/0/0,9/406/5/0 | 2/79/0/0 | 0/0/0/0 | 0/0/0/0 | 0/0/0/0
2026-27,DELANTEROS,561,Alexander Beusch,Unterhaching,Regionalliga,1081141,"LIGA PJ, LIGA Min",—,,False,Unterhaching,False,8/689/1/1 | 3/241/3/0 | 0/0/0/0 | 0/0/0/0 | 0/0/0/0,9/762/1/1 | 3/241/3/0 | 0/0/0/0 | 0/0/0/0 | 0/0/0/0
2026-27,DELANTEROS,564,Moritz Müller,Unterhaching,Regionalliga,731975,"LIGA PJ, LIGA Min",—,,False,Unterhaching,False,8/632/1/1 | 3/200/3/0 | 0/0/0/0 | 0/0/0/0 | 0/0/0/0,9/692/1/1 | 3/200/3/0 | 0/0/0/0 | 0/0/0/0 | 0/0/0/0
2026-27,DELANTEROS,566,Selim Ajkic,VfB Lübeck,Regionalliga,528658,"LIGA PJ, LIGA Min",—,,False,VfB Lübeck,False,10/663/2/1 | 2/156/2/0 | 0/0/0/0 | 0/0/0/0 | 0/0/0/0,11/753/2/1 | 2/156/2/0 | 0/0/0/0 | 0/0/0/0 | 0/0/0/0
2026-27,DELANTEROS,573,Kelvin Onuigwe,SpVgg Bayreuth,Regionalliga,913451,"LIGA PJ, LIGA Min, LIGA G/GC, LIGA A/CS",—,,False,SpVgg Bayreuth,False,10/607/2/1 | 3/123/2/0 | 0/0/0/0 | 0/0/0/0 | 0/0/0/0,11/658/3/2 | 3/123/2/0 | 0/0/0/0 | 0/0/0/0 | 0/0/0/0
2026-27,DELANTEROS,575,Christopher Schepp,Drochtersen/A.,Regionalliga,625222,"LIGA PJ, LIGA Min, LIGA G/GC",—,,False,Drochtersen/A.,False,10/658/4/0 | 2/55/0/1 | 0/0/0/0 | 0/0/0/0 | 0/0/0/0,11/748/5/0 | 2/55/0/1 | 0/0/0/0 | 0/0/0/0 | 0/0/0/0
2026-27,DELANTEROS,576,Ayodele Adetula,Lok Leipzig,Regionalliga,320826,"LIGA PJ, LIGA Min, LIGA G/GC, LIGA A/CS",—,,False,Lok Leipzig,False,10/688/4/1 | 0/0/0/0 | 0/0/0/0 | 0/0/0/0 | 0/0/0/0,11/778/5/3 | 0/0/0/0 | 0/0/0/0 | 0/0/0/0 | 0/0/0/0
2026-27,DELANTEROS,578,Erijon Shaqiri,SpVgg Bayreuth,Regionalliga,499347,"LIGA PJ, LIGA Min, LIGA G/GC, LIGA A/CS",—,,False,SpVgg Bayreuth,False,10/482/4/1 | 3/188/0/0 | 0/0/0/0 | 0/0/0/0 | 0/0/0/0,11/572/5/3 | 3/188/0/0 | 0/0/0/0 | 0/0/0/0 | 0/0/0/0
2026-27,DELANTEROS,583,Erol Özbay,DJK Vilzing,Regionalliga,912525,"LIGA PJ, LIGA Min",—,,False,DJK Vilzing,False,6/450/3/0 | 2/142/1/1 | 0/0/0/0 | 0/0/0/0 | 0/0/0/0,7/540/3/0 | 2/142/1/1 | 0/0/0/0 | 0/0/0/0 | 0/0/0/0
2026-27,DELANTEROS,585,Shaquille Gwengwe,Newport County,League Two,1580596,"LIGA PJ, LIGA Min, LIGA G/GC",—,,False,Newport County,False,7/506/4/0 | 2/76/0/1 | 0/0/0/0 | 0/0/0/0 | 0/0/0/0,8/587/5/0 | 2/76/0/1 | 0/0/0/0 | 0/0/0/0 | 0/0/0/0
2026-27,DELANTEROS,587,Raphael Assibey-Mensah,Rot-Weiß Erfurt,Regionalliga,361064,"LIGA PJ, LIGA Min",—,,False,Rot-Weiß Erfurt,False,9/575/4/1 | 0/0/0/0 | 0/0/0/0 | 0/0/0/0 | 0/0/0/0,10/640/4/1 | 0/0/0/0 | 0/0/0/0 | 0/0/0/0 | 0/0/0/0
2026-27,DELANTEROS,591,Olufela Olomola,Wealdstone,National League,356569,"LIGA PJ, LIGA Min, LIGA G/GC",—,,False,Wealdstone,False,9/376/3/0 | 2/180/1/1 | 0/0/0/0 | 0/0/0/0 | 0/0/0/0,10/438/4/0 | 2/180/1/1 | 0/0/0/0 | 0/0/0/0 | 0/0/0/0
2026-27,DELANTEROS,597,Leander Fritzsche,BFC Dynamo,Regionalliga,904335,"LIGA PJ, LIGA Min",—,,False,BFC Dynamo,False,10/361/1/0 | 2/135/3/1 | 0/0/0/0 | 0/0/0/0 | 0/0/0/0,11/373/1/0 | 2/135/3/1 | 0/0/0/0 | 0/0/0/0 | 0/0/0/0
2026-27,DELANTEROS,604,Benjamin Dreca,Rot-Weiß Erfurt,Regionalliga,874412,"LIGA PJ, LIGA Min, LIGA A/CS",—,,False,Rot-Weiß Erfurt,False,5/239/1/1 | 2/180/3/0 | 0/0/0/0 | 0/0/0/0 | 0/0/0/0,6/243/1/2 | 2/180/3/0 | 0/0/0/0 | 0/0/0/0 | 0/0/0/0
2026-27,DELANTEROS,608,Antonino La Gumina,Salernitana,Serie C,287876,"LIGA PJ, LIGA Min",—,,False,Salernitana,False,5/371/4/1 | 0/0/0/0 | 0/0/0/0 | 0/0/0/0 | 0/0/0/0,6/461/4/1 | 0/0/0/0 | 0/0/0/0 | 0/0/0/0 | 0/0/0/0
2026-27,DELANTEROS,616,Markus Ziereis,DJK Vilzing,Regionalliga,82011,"LIGA PJ, LIGA Min",—,,False,DJK Vilzing,False,4/69/2/0 | 1/23/2/1 | 0/0/0/0 | 0/0/0/0 | 0/0/0/0,5/159/2/0 | 1/23/2/1 | 0/0/0/0 | 0/0/0/0 | 0/0/0/0
2026-27,DELANTEROS,625,Steffen Rohwedder,SVA Delmenhorst,Regionalliga,375477,"LIGA PJ, LIGA Min, LIGA G/GC",—,,False,SVA Delmenhorst,False,10/806/2/2 | 1/120/1/0 | 0/0/0/0 | 0/0/0/0 | 0/0/0/0,11/896/3/2 | 1/120/1/0 | 0/0/0/0 | 0/0/0/0 | 0/0/0/0
2026-27,DELANTEROS,626,Aurel Kuqanaj,VfB Eichstätt,Regionalliga,1050192,"LIGA PJ, LIGA Min, LIGA G/GC",—,,False,VfB Eichstätt,False,9/739/2/2 | 3/147/1/0 | 0/0/0/0 | 0/0/0/0 | 0/0/0/0,10/829/3/2 | 3/147/1/0 | 0/0/0/0 | 0/0/0/0 | 0/0/0/0
2026-27,DELANTEROS,627,Kevin Lankford,Carl Zeiss Jena,Regionalliga,338879,"LIGA PJ, LIGA Min",—,,False,Carl Zeiss Jena,False,10/761/3/2 | 1/90/0/0 | 0/0/0/0 | 0/0/0/0 | 0/0/0/0,11/829/3/2 | 1/90/0/0 | 0/0/0/0 | 0/0/0/0 | 0/0/0/0
2026-27,DELANTEROS,636,Justin Steinkötter,Heilbronn-Frei.,Regionalliga,455664,"LIGA PJ, LIGA Min, LIGA G/GC",—,,False,Heilbronn-Frei.,False,8/689/2/2 | 1/45/1/0 | 0/0/0/0 | 0/0/0/0 | 0/0/0/0,9/759/3/2 | 1/45/1/0 | 0/0/0/0 | 0/0/0/0 | 0/0/0/0
2026-27,DELANTEROS,641,Ayhan Cankor,FSV Schöningen,Regionalliga,993894,"LIGA PJ, LIGA Min",—,,False,FSV Schöningen,False,10/674/2/2 | 1/27/1/0 | 0/0/0/0 | 0/0/0/0 | 0/0/0/0,11/764/2/2 | 1/27/1/0 | 0/0/0/0 | 0/0/0/0 | 0/0/0/0
2026-27,DELANTEROS,642,Steffen Meuer,SSV Ulm 1846,Regionalliga,580566,"LIGA PJ, LIGA Min",—,,False,SSV Ulm 1846,False,8/630/3/2 | 0/0/0/0 | 0/0/0/0 | 0/0/0/0 | 0/0/0/0,9/697/3/2 | 0/0/0/0 | 0/0/0/0 | 0/0/0/0 | 0/0/0/0
2026-27,DELANTEROS,644,Stan Janno,Concarneau,Ligue 3,854957,"LIGA PJ, LIGA Min, LIGA G/GC",—,,False,Concarneau,False,7/607/3/2 | 0/0/0/0 | 0/0/0/0 | 0/0/0/0 | 0/0/0/0,8/697/4/2 | 0/0/0/0 | 0/0/0/0 | 0/0/0/0 | 0/0/0/0
2026-27,DELANTEROS,645,Marc Sodji,W. Burghausen,Regionalliga,1034455,"LIGA PJ, LIGA Min, LIGA A/CS",—,,False,W. Burghausen,False,10/530/3/2 | 1/69/0/0 | 0/0/0/0 | 0/0/0/0 | 0/0/0/0,11/575/3/3 | 1/69/0/0 | 0/0/0/0 | 0/0/0/0 | 0/0/0/0
2026-27,DELANTEROS,646,Cemal Sezer,Hessen Kassel,Regionalliga,274160,"LIGA PJ, LIGA Min",—,,False,Hessen Kassel,False,11/594/3/2 | 0/0/0/0 | 0/0/0/0 | 0/0/0/0 | 0/0/0/0,12/684/3/2 | 0/0/0/0 | 0/0/0/0 | 0/0/0/0 | 0/0/0/0
2026-27,DELANTEROS,648,Ludwig Bölke,BFC Dynamo,Regionalliga,694799,"LIGA PJ, LIGA Min",—,,False,BFC Dynamo,False,9/551/3/2 | 0/0/0/0 | 0/0/0/0 | 0/0/0/0 | 0/0/0/0,10/637/3/2 | 0/0/0/0 | 0/0/0/0 | 0/0/0/0 | 0/0/0/0
2026-27,DELANTEROS,652,Ron Berlinski,Chemnitzer FC,Regionalliga,360311,"LIGA PJ, LIGA Min",—,,False,Chemnitzer FC,False,8/442/2/2 | 1/45/1/0 | 0/0/0/0 | 0/0/0/0 | 0/0/0/0,9/468/2/2 | 1/45/1/0 | 0/0/0/0 | 0/0/0/0 | 0/0/0/0
2026-27,DELANTEROS,654,Amari Morgan-Smith,Halifax Town,National League,79728,"LIGA PJ, LIGA Min",—,,False,Halifax Town,False,8/319/1/0 | 2/157/2/2 | 0/0/0/0 | 0/0/0/0 | 0/0/0/0,9/335/1/0 | 2/157/2/2 | 0/0/0/0 | 0/0/0/0 | 0/0/0/0
2026-27,DELANTEROS,666,Aitor Galarza,Real Unión,Primera Federación,1189287,"LIGA PJ, LIGA Min",—,,False,Real Unión,False,4/293/3/2 | 0/0/0/0 | 0/0/0/0 | 0/0/0/0 | 0/0/0/0,5/383/3/2 | 0/0/0/0 | 0/0/0/0 | 0/0/0/0 | 0/0/0/0
2026-27,DELANTEROS,668,Till Hausotter,TSV Steinbach,Regionalliga,679511,"LIGA PJ, LIGA Min",—,,False,TSV Steinbach,False,3/192/1/1 | 1/63/2/1 | 0/0/0/0 | 0/0/0/0 | 0/0/0/0,4/280/1/1 | 1/63/2/1 | 0/0/0/0 | 0/0/0/0 | 0/0/0/0
2026-27,DELANTEROS,676,Julius Langfeld,FC Gütersloh,Regionalliga,403267,"LIGA PJ, LIGA Min",—,,False,FC Gütersloh,False,9/627/1/2 | 2/150/1/1 | 0/0/0/0 | 0/0/0/0 | 0/0/0/0,10/672/1/2 | 2/150/1/1 | 0/0/0/0 | 0/0/0/0 | 0/0/0/0
2026-27,DELANTEROS,678,Mario García,Arnedo,Segunda Federación,819741,"LIGA PJ, LIGA Min, LIGA G/GC, LIGA A/CS, COPA PJ, COPA Min",—,,False,Arnedo,False,8/648/2/3 | 1/90/0/0 | 0/0/0/0 | 0/0/0/0 | 0/0/0/0,2/90/0/0 | 0/0/0/0 | 0/0/0/0 | 0/0/0/0 | 0/0/0/0
2026-27,DELANTEROS,679,Ollie Pearce,York City,League Two,1001391,"LIGA PJ, LIGA Min, LIGA G/GC, LIGA A/CS",—,,False,York City,False,7/601/2/3 | 2/91/0/0 | 0/0/0/0 | 0/0/0/0 | 0/0/0/0,8/691/3/4 | 2/91/0/0 | 0/0/0/0 | 0/0/0/0 | 0/0/0/0
2026-27,DELANTEROS,681,Jeton Abazi,TSV Landsberg,Regionalliga,591671,"LIGA PJ, LIGA Min",—,,False,TSV Landsberg,False,8/395/1/3 | 4/264/1/0 | 0/0/0/0 | 0/0/0/0 | 0/0/0/0,9/471/1/3 | 4/264/1/0 | 0/0/0/0 | 0/0/0/0 | 0/0/0/0
2026-27,DELANTEROS,684,Gennaro Anatriello,Lumezzane,Serie C,818889,"LIGA PJ, LIGA Min, LIGA G/GC",—,,False,Lumezzane,False,6/506/2/2 | 1/90/0/1 | 0/0/0/0 | 0/0/0/0 | 0/0/0/0,7/576/3/2 | 1/90/0/1 | 0/0/0/0 | 0/0/0/0 | 0/0/0/0
2026-27,DELANTEROS,685,Shelton Guillaume,FC Versailles,Ligue 3,689951,"LIGA PJ, LIGA Min",—,,False,FC Versailles,False,7/553/2/3 | 0/0/0/0 | 0/0/0/0 | 0/0/0/0 | 0/0/0/0,8/643/2/3 | 0/0/0/0 | 0/0/0/0 | 0/0/0/0 | 0/0/0/0
2026-27,DELANTEROS,693,Ertan Hajdaraj,TSV Steinbach,Regionalliga,356005,"LIGA PJ, LIGA Min",—,,False,TSV Steinbach,False,8/536/1/3 | 1/90/0/1 | 0/0/0/0 | 0/0/0/0 | 0/0/0/0,9/609/1/3 | 1/90/0/1 | 0/0/0/0 | 0/0/0/0 | 0/0/0/0
2026-27,DELANTEROS,703,Tiziano Mulas,TSV Landsberg,Regionalliga,522251,"LIGA PJ, LIGA Min, LIGA G/GC",—,,False,TSV Landsberg,False,9/733/2/0 | 3/237/2/0 | 0/0/0/0 | 0/0/0/0 | 0/0/0/0,10/823/3/0 | 3/237/2/0 | 0/0/0/0 | 0/0/0/0 | 0/0/0/0
2026-27,DELANTEROS,706,Jacob Wakeling,Solihull Moors,National League,552615,"LIGA PJ, LIGA Min",—,,False,Solihull Moors,False,9/810/4/0 | 1/45/0/0 | 0/0/0/0 | 0/0/0/0 | 0/0/0/0,10/896/4/0 | 1/45/0/0 | 0/0/0/0 | 0/0/0/0 | 0/0/0/0
2026-27,DELANTEROS,711,Razzaq Coleman De-Graft,Worthing,National League,833747,"LIGA PJ, LIGA Min",—,,False,Worthing,False,9/739/4/0 | 0/0/0/0 | 0/0/0/0 | 0/0/0/0 | 0/0/0/0,10/829/4/0 | 0/0/0/0 | 0/0/0/0 | 0/0/0/0 | 0/0/0/0
2026-27,DELANTEROS,712,Micah Obiero,Carlisle United,National League,795638,"SEL PJ, SEL Min",—,,False,Carlisle United,False,9/725/4/0 | 0/0/0/0 | 0/0/0/0 | 0/0/0/0 | 0/0/0/0,9/725/4/0 | 0/0/0/0 | 0/0/0/0 | 0/0/0/0 | 1/79/0/0
2026-27,DELANTEROS,714,Flamur Berisha,VfR Mannheim,Regionalliga,575644,"LIGA PJ, LIGA Min, LIGA G/GC",—,,False,VfR Mannheim,False,8/557/1/0 | 2/135/3/0 | 0/0/0/0 | 0/0/0/0 | 0/0/0/0,9/620/2/0 | 2/135/3/0 | 0/0/0/0 | 0/0/0/0 | 0/0/0/0
2026-27,DELANTEROS,718,Robin Legendre,US Orléans,Ligue 3,796863,"LIGA PJ, LIGA Min",—,,False,US Orléans,False,7/622/4/0 | 0/0/0/0 | 0/0/0/0 | 0/0/0/0 | 0/0/0/0,8/651/4/0 | 0/0/0/0 | 0/0/0/0 | 0/0/0/0 | 0/0/0/0
2026-27,DELANTEROS,726,Leonardo Bellini,Pianese,Serie C,910436,"LIGA PJ, LIGA Min",—,,False,Pianese,False,6/532/2/0 | 1/61/2/0 | 0/0/0/0 | 0/0/0/0 | 0/0/0/0,7/622/2/0 | 1/61/2/0 | 0/0/0/0 | 0/0/0/0 | 0/0/0/0
2026-27,DELANTEROS,727,Juan Ignacio Molina,Trento,Serie C,1181332,"LIGA PJ, LIGA Min",—,,False,Trento,False,6/491/3/0 | 2/98/1/0 | 0/0/0/0 | 0/0/0/0 | 0/0/0/0,7/578/3/0 | 2/98/1/0 | 0/0/0/0 | 0/0/0/0 | 0/0/0/0
2026-27,DELANTEROS,733,Danny Ormerod,Peterborough,League One,1200263,"LIGA PJ, LIGA Min",—,,False,Peterborough,False,8/431/2/0 | 2/122/2/0 | 0/0/0/0 | 0/0/0/0 | 0/0/0/0,9/459/2/0 | 2/122/2/0 | 0/0/0/0 | 0/0/0/0 | 0/0/0/0
2026-27,DELANTEROS,737,Sercan Sararer,Hessen Kassel,Regionalliga,45464,"LIGA PJ, LIGA Min, LIGA G/GC",—,,False,Hessen Kassel,False,8/539/4/0 | 0/0/0/0 | 0/0/0/0 | 0/0/0/0 | 0/0/0/0,9/619/5/0 | 0/0/0/0 | 0/0/0/0 | 0/0/0/0 | 0/0/0/0
2026-27,DELANTEROS,739,David Ogbonna,Sutton Utd,National League,1165695,"LIGA PJ, LIGA Min",—,,False,Sutton Utd,False,8/386/3/0 | 2/135/1/0 | 0/0/0/0 | 0/0/0/0 | 0/0/0/0,9/469/3/0 | 2/135/1/0 | 0/0/0/0 | 0/0/0/0 | 0/0/0/0
2026-27,DELANTEROS,746,Pasqual Pander,VfR Mannheim,Regionalliga,312234,"LIGA PJ, LIGA Min",—,,False,VfR Mannheim,False,8/459/2/0 | 1/30/2/0 | 0/0/0/0 | 0/0/0/0 | 0/0/0/0,9/480/2/0 | 1/30/2/0 | 0/0/0/0 | 0/0/0/0 | 0/0/0/0
2026-27,DELANTEROS,750,Morten Liebert,SV Todesfelde,Regionalliga,235254,"LIGA PJ, LIGA Min",—,,False,SV Todesfelde,False,9/468/4/0 | 0/0/0/0 | 0/0/0/0 | 0/0/0/0 | 0/0/0/0,10/558/4/0 | 0/0/0/0 | 0/0/0/0 | 0/0/0/0 | 0/0/0/0
2026-27,DELANTEROS,753,Karim Bouhmidi,Thionville Lus.,Ligue 3,658831,"LIGA PJ, LIGA Min",—,,False,Thionville Lus.,False,7/444/4/0 | 0/0/0/0 | 0/0/0/0 | 0/0/0/0 | 0/0/0/0,8/471/4/0 | 0/0/0/0 | 0/0/0/0 | 0/0/0/0 | 0/0/0/0
2026-27,DELANTEROS,759,Oliver Irow,Plymouth Argyle,League One,965972,"LIGA PJ, LIGA Min",—,,False,Plymouth Argyle,False,5/336/3/0 | 1/59/1/0 | 0/0/0/0 | 0/0/0/0 | 0/0/0/0,6/426/3/0 | 1/59/1/0 | 0/0/0/0 | 0/0/0/0 | 0/0/0/0
2026-27,DELANTEROS,761,Alexander Guiddir,TSV Havelse,3. Liga,1292676,"LIGA PJ, LIGA Min, LIGA A/CS",—,,False,TSV Havelse,False,6/390/4/0 | 0/0/0/0 | 0/0/0/0 | 0/0/0/0 | 0/0/0/0,7/474/4/1 | 0/0/0/0 | 0/0/0/0 | 0/0/0/0 | 0/0/0/0
2026-27,DELANTEROS,788,Furkan Kircicek,TSV Landsberg,Regionalliga,377113,"LIGA PJ, LIGA Min",—,,False,TSV Landsberg,False,9/730/3/1 | 3/193/0/0 | 0/0/0/0 | 0/0/0/0 | 0/0/0/0,10/775/3/1 | 3/193/0/0 | 0/0/0/0 | 0/0/0/0 | 0/0/0/0
2026-27,DELANTEROS,790,Michael Schäfer,Schwaben Augsb.,Regionalliga,1033469,"LIGA PJ, LIGA Min, LIGA G/GC",—,,False,Schwaben Augsb.,False,10/724/1/1 | 3/171/2/0 | 0/0/0/0 | 0/0/0/0 | 0/0/0/0,11/814/3/1 | 3/171/2/0 | 0/0/0/0 | 0/0/0/0 | 0/0/0/0
2026-27,DELANTEROS,792,Patrick Kroiß,SpVgg Ansbach,Regionalliga,334610,"LIGA PJ, LIGA Min, LIGA A/CS",—,,False,SpVgg Ansbach,False,8/657/0/1 | 2/180/3/0 | 0/0/0/0 | 0/0/0/0 | 0/0/0/0,9/747/0/3 | 2/180/3/0 | 0/0/0/0 | 0/0/0/0 | 0/0/0/0
2026-27,DELANTEROS,803,Dennis Chessa,SSV Ulm 1846,Regionalliga,76630,"LIGA PJ, LIGA Min",—,,False,SSV Ulm 1846,False,8/699/3/1 | 0/0/0/0 | 0/0/0/0 | 0/0/0/0 | 0/0/0/0,9/766/3/1 | 0/0/0/0 | 0/0/0/0 | 0/0/0/0 | 0/0/0/0
2026-27,DELANTEROS,804,Luca Butkovic,BFC Preussen,Regionalliga,729169,"LIGA PJ, LIGA Min",—,,False,BFC Preussen,False,10/566/0/1 | 2/110/3/0 | 0/0/0/0 | 0/0/0/0 | 0/0/0/0,11/590/0/1 | 2/110/3/0 | 0/0/0/0 | 0/0/0/0 | 0/0/0/0
2026-27,DELANTEROS,806,Tom Cursons,Boston Utd,National League,1368899,"LIGA PJ, LIGA Min",—,,False,Boston Utd,False,9/645/3/1 | 0/0/0/0 | 0/0/0/0 | 0/0/0/0 | 0/0/0/0,10/735/3/1 | 0/0/0/0 | 0/0/0/0 | 0/0/0/0 | 0/0/0/0
2026-27,DELANTEROS,819,Lee Bonis,Chesterfield,League Two,713479,"LIGA PJ, LIGA Min",—,,False,Chesterfield,False,7/505/3/1 | 1/70/0/0 | 0/0/0/0 | 0/0/0/0 | 0/0/0/0,8/575/3/1 | 1/70/0/0 | 0/0/0/0 | 0/0/0/0 | 0/0/0/0
2026-27,DELANTEROS,829,Hilal El-Helwe,FC 08 Homburg,Regionalliga,273551,"LIGA PJ, LIGA Min",—,,False,FC 08 Homburg,False,7/523/3/1 | 0/0/0/0 | 0/0/0/0 | 0/0/0/0 | 0/0/0/0,8/613/3/1 | 0/0/0/0 | 0/0/0/0 | 0/0/0/0 | 0/0/0/0
2026-27,DELANTEROS,848,Mario Perlingieri,Cerignola,Serie C,926530,"LIGA PJ, LIGA Min, LIGA G/GC",—,,False,Cerignola,False,6/348/2/1 | 1/72/1/0 | 0/0/0/0 | 0/0/0/0 | 0/0/0/0,7/420/3/1 | 1/72/1/0 | 0/0/0/0 | 0/0/0/0 | 0/0/0/0
2026-27,DELANTEROS,852,Jose Marquez,Worthing,National League,1416821,"LIGA PJ, LIGA Min",—,,False,Worthing,False,7/265/3/0 | 2/120/0/1 | 0/0/0/0 | 0/0/0/0 | 0/0/0/0,8/326/3/0 | 2/120/0/1 | 0/0/0/0 | 0/0/0/0 | 0/0/0/0
2026-27,DELANTEROS,860,Kévin Farade,FC Fleury 91,Ligue 3,289437,"LIGA PJ, LIGA Min, LIGA G/GC",—,,False,FC Fleury 91,False,5/344/3/1 | 0/0/0/0 | 0/0/0/0 | 0/0/0/0 | 0/0/0/0,6/410/4/1 | 0/0/0/0 | 0/0/0/0 | 0/0/0/0 | 0/0/0/0
2026-27,DELANTEROS,871,Jakob Pfahl,TSV Steinbach,Regionalliga,598345,"LIGA PJ, LIGA Min",—,,False,TSV Steinbach,False,7/263/1/1 | 1/16/2/0 | 0/0/0/0 | 0/0/0/0 | 0/0/0/0,8/280/1/1 | 1/16/2/0 | 0/0/0/0 | 0/0/0/0 | 0/0/0/0
2026-27,DELANTEROS,888,Serkan Firat,TSV Steinbach,Regionalliga,278519,"LIGA PJ, LIGA Min, LIGA G/GC",—,,False,TSV Steinbach,False,8/720/1/1 | 1/90/1/1 | 0/0/0/0 | 0/0/0/0 | 0/0/0/0,9/810/2/1 | 1/90/1/1 | 0/0/0/0 | 0/0/0/0 | 0/0/0/0
2026-27,DELANTEROS,891,Alexander Esswein,VfR Mannheim,Regionalliga,45662,"LIGA PJ, LIGA Min",—,,False,VfR Mannheim,False,8/674/2/2 | 1/90/0/0 | 0/0/0/0 | 0/0/0/0 | 0/0/0/0,9/743/2/2 | 1/90/0/0 | 0/0/0/0 | 0/0/0/0 | 0/0/0/0
2026-27,DELANTEROS,892,Josh Woods,Accrington,League Two,914370,"LIGA PJ, LIGA Min, LIGA G/GC",—,,False,Accrington,False,7/613/2/1 | 2/135/0/1 | 0/0/0/0 | 0/0/0/0 | 0/0/0/0,8/696/3/1 | 2/135/0/1 | 0/0/0/0 | 0/0/0/0 | 0/0/0/0
2026-27,DELANTEROS,894,Constantin Kresin,FC Memmingen,Regionalliga,1110373,"LIGA PJ, LIGA Min",—,,False,FC Memmingen,False,7/560/2/2 | 2/180/0/0 | 0/0/0/0 | 0/0/0/0 | 0/0/0/0,8/626/2/2 | 2/180/0/0 | 0/0/0/0 | 0/0/0/0 | 0/0/0/0
2026-27,DELANTEROS,897,Hannes Joppich,FSV Schöningen,Regionalliga,1099869,"LIGA PJ, LIGA Min",—,,False,FSV Schöningen,False,10/717/2/2 | 0/0/0/0 | 0/0/0/0 | 0/0/0/0 | 0/0/0/0,11/807/2/2 | 0/0/0/0 | 0/0/0/0 | 0/0/0/0 | 0/0/0/0
2026-27,DELANTEROS,899,Melkamu Frauendorf,Stuttg. Kickers,Regionalliga,594721,"LIGA PJ, LIGA Min",—,,False,Stuttg. Kickers,False,8/709/2/2 | 0/0/0/0 | 0/0/0/0 | 0/0/0/0 | 0/0/0/0,9/799/2/2 | 0/0/0/0 | 0/0/0/0 | 0/0/0/0 | 0/0/0/0
2026-27,DELANTEROS,909,Yahya Bamba,Newport County,League Two,1243701,"LIGA PJ, LIGA Min",—,,False,Newport County,False,6/416/1/1 | 2/163/1/1 | 0/0/0/0 | 0/0/0/0 | 0/0/0/0,7/417/1/1 | 2/163/1/1 | 0/0/0/0 | 0/0/0/0 | 0/0/0/0
2026-27,DELANTEROS,913,Micah Ham,SpVgg Bayreuth,Regionalliga,1104379,"LIGA PJ, LIGA Min",—,,False,SpVgg Bayreuth,False,10/337/1/2 | 3/205/1/0 | 0/0/0/0 | 0/0/0/0 | 0/0/0/0,11/359/1/2 | 3/205/1/0 | 0/0/0/0 | 0/0/0/0 | 0/0/0/0
2026-27,DELANTEROS,925,Luke Brennan,Scunthorpe Utd.,National League,503788,"LIGA PJ, LIGA Min",—,,False,Scunthorpe Utd.,False,8/374/1/0 | 2/117/1/2 | 0/0/0/0 | 0/0/0/0 | 0/0/0/0,9/390/1/0 | 2/117/1/2 | 0/0/0/0 | 0/0/0/0 | 0/0/0/0
2026-27,DELANTEROS,926,Tommaso Ebone,Lumezzane,Serie C,930150,"LIGA PJ, LIGA Min",—,,False,Lumezzane,False,6/426/1/2 | 1/64/1/0 | 0/0/0/0 | 0/0/0/0 | 0/0/0/0,7/516/1/2 | 1/64/1/0 | 0/0/0/0 | 0/0/0/0 | 0/0/0/0
2026-27,DELANTEROS,927,Louis Appéré,Cambridge Utd.,League One,449019,"LIGA PJ, LIGA Min",—,,False,Cambridge Utd.,False,7/265/1/1 | 3/207/1/1 | 0/0/0/0 | 0/0/0/0 | 0/0/0/0,8/276/1/1 | 3/207/1/1 | 0/0/0/0 | 0/0/0/0 | 0/0/0/0
2026-27,DELANTEROS,938,Farhaan Ali Wahid,Boreham Wood,National League,1091068,"SEL PJ, SEL Min",—,,False,Boreham Wood,False,4/190/0/0 | 2/180/2/2 | 0/0/0/0 | 0/0/0/0 | 0/0/0/0,4/190/0/0 | 2/180/2/2 | 0/0/0/0 | 0/0/0/0 | 1/45/0/0
2026-27,DELANTEROS,940,Pau Palacín,CD Coria,Primera Federación,1147892,"LIGA PJ, LIGA Min",—,,False,CD Coria,False,4/340/2/2 | 0/0/0/0 | 0/0/0/0 | 0/0/0/0 | 0/0/0/0,5/398/2/2 | 0/0/0/0 | 0/0/0/0 | 0/0/0/0 | 0/0/0/0
2026-27,DELANTEROS,957,Reece Smith,FC Walsall,League Two,738310,"LIGA PJ, LIGA Min, LIGA G/GC",—,,False,FC Walsall,False,7/548/1/2 | 2/134/0/1 | 0/0/0/0 | 0/0/0/0 | 0/0/0/0,8/638/2/2 | 2/134/0/1 | 0/0/0/0 | 0/0/0/0 | 0/0/0/0
2026-27,DELANTEROS,961,Matty Kosylo,Altrincham,National League,147468,"LIGA PJ, LIGA Min",—,,False,Altrincham,False,8/635/1/3 | 0/0/0/0 | 0/0/0/0 | 0/0/0/0 | 0/0/0/0,9/725/1/3 | 0/0/0/0 | 0/0/0/0 | 0/0/0/0 | 0/0/0/0
2026-27,DELANTEROS,962,Moritz Dittmann,SG Barockstadt,Regionalliga,1026348,"LIGA PJ, LIGA Min",—,,False,SG Barockstadt,False,8/625/1/3 | 0/0/0/0 | 0/0/0/0 | 0/0/0/0 | 0/0/0/0,9/715/1/3 | 0/0/0/0 | 0/0/0/0 | 0/0/0/0 | 0/0/0/0
2026-27,DELANTEROS,964,Sebastian Müller,Stuttg. Kickers,Regionalliga,392139,"LIGA PJ, LIGA Min",—,,False,Stuttg. Kickers,False,8/581/1/3 | 0/0/0/0 | 0/0/0/0 | 0/0/0/0 | 0/0/0/0,9/603/1/3 | 0/0/0/0 | 0/0/0/0 | 0/0/0/0 | 0/0/0/0
2026-27,DELANTEROS,967,Manassé Eshele,Carl Zeiss Jena,Regionalliga,353330,"LIGA PJ, LIGA Min, LIGA G/GC, LIGA A/CS",—,,False,Carl Zeiss Jena,False,9/383/1/0 | 2/117/0/3 | 0/0/0/0 | 0/0/0/0 | 0/0/0/0,10/405/2/2 | 2/117/0/3 | 0/0/0/0 | 0/0/0/0 | 0/0/0/0
2026-27,DELANTEROS,969,Luigi Scotto,Torres,Serie C,140105,"LIGA PJ, LIGA Min",—,,False,Torres,False,6/449/1/3 | 1/28/0/0 | 0/0/0/0 | 0/0/0/0 | 0/0/0/0,7/539/1/3 | 1/28/0/0 | 0/0/0/0 | 0/0/0/0 | 0/0/0/0
2026-27,DELANTEROS,975,Charley Kendall,Worthing,National League,837207,"LIGA PJ, LIGA Min",—,,False,Worthing,False,8/360/1/3 | 1/76/0/0 | 0/0/0/0 | 0/0/0/0 | 0/0/0/0,9/450/1/3 | 1/76/0/0 | 0/0/0/0 | 0/0/0/0 | 0/0/0/0
2026-27,DELANTEROS,982,David Stojak,Stuttg. Kickers,Regionalliga,1048574,"LIGA PJ, LIGA Min, LIGA G/GC",—,,False,Stuttg. Kickers,False,8/281/1/3 | 0/0/0/0 | 0/0/0/0 | 0/0/0/0 | 0/0/0/0,9/308/2/3 | 0/0/0/0 | 0/0/0/0 | 0/0/0/0 | 0/0/0/0
2026-27,DELANTEROS,985,Emmanuel Appiah,VfB Lübeck,Regionalliga,729178,"LIGA PJ, LIGA Min",—,,False,VfB Lübeck,False,10/552/0/4 | 2/50/0/0 | 0/0/0/0 | 0/0/0/0 | 0/0/0/0,11/642/0/4 | 2/50/0/0 | 0/0/0/0 | 0/0/0/0 | 0/0/0/0
2026-27,DELANTEROS,1003,Luis Pfaumann,FC Memmingen,Regionalliga,719607,"LIGA PJ, LIGA Min",—,,False,FC Memmingen,False,10/808/3/0 | 1/45/0/0 | 0/0/0/0 | 0/0/0/0 | 0/0/0/0,11/898/3/0 | 1/45/0/0 | 0/0/0/0 | 0/0/0/0 | 0/0/0/0
2026-27,DELANTEROS,1005,Finn Hoffmann,HSC Hannover,Regionalliga,801765,"LIGA PJ, LIGA Min",—,,False,HSC Hannover,False,10/740/3/0 | 1/90/0/0 | 0/0/0/0 | 0/0/0/0 | 0/0/0/0,11/830/3/0 | 1/90/0/0 | 0/0/0/0 | 0/0/0/0 | 0/0/0/0
2026-27,DELANTEROS,1010,Aaron Blair,Eastleigh,National League,925797,"LIGA PJ, LIGA Min",—,,False,Eastleigh,False,8/720/3/0 | 0/0/0/0 | 0/0/0/0 | 0/0/0/0 | 0/0/0/0,9/810/3/0 | 0/0/0/0 | 0/0/0/0 | 0/0/0/0 | 0/0/0/0
2026-27,DELANTEROS,1027,Alessio Nepi,Savoia,Serie C,612489,"LIGA PJ, LIGA Min",—,,False,Savoia,False,6/468/0/0 | 2/153/3/0 | 0/0/0/0 | 0/0/0/0 | 0/0/0/0,7/558/0/0 | 2/153/3/0 | 0/0/0/0 | 0/0/0/0 | 0/0/0/0
2026-27,DELANTEROS,1034,Rayane Ekra,Valenciennes FC,Ligue 3,1165900,"LIGA PJ, LIGA Min",—,,False,Valenciennes FC,False,7/594/3/0 | 0/0/0/0 | 0/0/0/0 | 0/0/0/0 | 0/0/0/0,8/684/3/0 | 0/0/0/0 | 0/0/0/0 | 0/0/0/0 | 0/0/0/0
2026-27,DELANTEROS,1037,Marcel Carl,FCA Walldorf,Regionalliga,163536,"LIGA PJ, LIGA Min",—,,False,FCA Walldorf,False,8/516/2/0 | 1/62/1/0 | 0/0/0/0 | 0/0/0/0 | 0/0/0/0,9/598/2/0 | 1/62/1/0 | 0/0/0/0 | 0/0/0/0 | 0/0/0/0
2026-27,DELANTEROS,1042,Isaac Heath,Cambridge Utd.,League One,847579,"LIGA PJ, LIGA Min",—,,False,Cambridge Utd.,False,5/288/1/0 | 3/267/2/0 | 0/0/0/0 | 0/0/0/0 | 0/0/0/0,6/378/1/0 | 3/267/2/0 | 0/0/0/0 | 0/0/0/0 | 0/0/0/0
2026-27,DELANTEROS,1043,Emir Kuhinja,FC 08 Homburg,Regionalliga,696822,"LIGA PJ, LIGA Min",—,,False,FC 08 Homburg,False,8/550/3/0 | 0/0/0/0 | 0/0/0/0 | 0/0/0/0 | 0/0/0/0,9/596/3/0 | 0/0/0/0 | 0/0/0/0 | 0/0/0/0 | 0/0/0/0
2026-27,DELANTEROS,1044,Clément Rodrigues,SC Bastia,Ligue 3,815655,"LIGA PJ, LIGA Min",—,,False,SC Bastia,False,7/540/3/0 | 0/0/0/0 | 0/0/0/0 | 0/0/0/0 | 0/0/0/0,8/630/3/0 | 0/0/0/0 | 0/0/0/0 | 0/0/0/0 | 0/0/0/0
2026-27,DELANTEROS,1047,Deniz Bindemann,TSV Steinbach,Regionalliga,654382,"LIGA PJ, LIGA Min",—,,False,TSV Steinbach,False,8/456/2/0 | 1/74/1/0 | 0/0/0/0 | 0/0/0/0 | 0/0/0/0,9/529/2/0 | 1/74/1/0 | 0/0/0/0 | 0/0/0/0 | 0/0/0/0
2026-27,DELANTEROS,1055,Nicola Nanni,Arzignano,Serie C,401384,"SEL PJ, SEL Min",—,,False,Arzignano,False,6/441/3/0 | 1/66/0/0 | 0/0/0/0 | 0/0/0/0 | 0/0/0/0,6/441/3/0 | 1/66/0/0 | 0/0/0/0 | 0/0/0/0 | 1/90/0/0
2026-27,DELANTEROS,1056,Felix Kendel,FCA Walldorf,Regionalliga,831065,"LIGA PJ, LIGA Min",—,,False,FCA Walldorf,False,7/411/0/0 | 1/90/3/0 | 0/0/0/0 | 0/0/0/0 | 0/0/0/0,8/501/0/0 | 1/90/3/0 | 0/0/0/0 | 0/0/0/0 | 0/0/0/0
2026-27,DELANTEROS,1059,Lamin Beuck,Eimsbütteler TV,Regionalliga,729168,"LIGA PJ, LIGA Min",—,,False,Eimsbütteler TV,False,10/467/3/0 | 1/29/0/0 | 0/0/0/0 | 0/0/0/0 | 0/0/0/0,11/557/3/0 | 1/29/0/0 | 0/0/0/0 | 0/0/0/0 | 0/0/0/0
2026-27,DELANTEROS,1063,Karlo Butic,Bari,Serie C,388121,"LIGA PJ, LIGA Min",—,,False,Bari,False,5/406/2/0 | 1/72/1/0 | 0/0/0/0 | 0/0/0/0 | 0/0/0/0,6/496/2/0 | 1/72/1/0 | 0/0/0/0 | 0/0/0/0 | 0/0/0/0
2026-27,DELANTEROS,1080,Ricky Bornschein,Lok Leipzig,Regionalliga,549218,"LIGA PJ, LIGA Min",—,,False,Lok Leipzig,False,10/414/3/0 | 0/0/0/0 | 0/0/0/0 | 0/0/0/0 | 0/0/0/0,11/444/3/0 | 0/0/0/0 | 0/0/0/0 | 0/0/0/0 | 0/0/0/0
2026-27,DELANTEROS,1082,Omar Perdomo,Orihuela CF,Segunda Federación,373352,"LIGA PJ, LIGA Min, LIGA G/GC",—,,False,Orihuela CF,False,3/243/2/0 | 2/167/1/0 | 0/0/0/0 | 0/0/0/0 | 0/0/0/0,4/310/3/0 | 2/167/1/0 | 0/0/0/0 | 0/0/0/0 | 0/0/0/0
2026-27,DELANTEROS,1084,Dean Melo,VfR Aalen,Regionalliga,767691,"LIGA PJ, LIGA Min, LIGA G/GC",—,,False,VfR Aalen,False,5/390/3/0 | 0/0/0/0 | 0/0/0/0 | 0/0/0/0 | 0/0/0/0,6/479/4/0 | 0/0/0/0 | 0/0/0/0 | 0/0/0/0 | 0/0/0/0
2026-27,DELANTEROS,1092,Mathis Colin,Amiens SC,Ligue 3,947946,"LIGA PJ, LIGA Min",—,,False,Amiens SC,False,7/371/3/0 | 0/0/0/0 | 0/0/0/0 | 0/0/0/0 | 0/0/0/0,8/416/3/0 | 0/0/0/0 | 0/0/0/0 | 0/0/0/0 | 0/0/0/0
2026-27,DELANTEROS,1093,Xavier Amaechi,Plymouth Argyle,League One,433185,"LIGA PJ, LIGA Min",—,,False,Plymouth Argyle,False,4/161/1/0 | 3/202/2/0 | 0/0/0/0 | 0/0/0/0 | 0/0/0/0,5/181/1/0 | 3/202/2/0 | 0/0/0/0 | 0/0/0/0 | 0/0/0/0
2026-27,DELANTEROS,1106,Leon Damer,Hessen Kassel,Regionalliga,397665,"LIGA PJ, LIGA Min",—,,False,Hessen Kassel,False,7/328/3/0 | 0/0/0/0 | 0/0/0/0 | 0/0/0/0 | 0/0/0/0,8/362/3/0 | 0/0/0/0 | 0/0/0/0 | 0/0/0/0 | 0/0/0/0
2026-27,DELANTEROS,1107,Tim Krohn,1.FC Bocholt,Regionalliga,913509,"LIGA PJ, LIGA Min",—,,False,1.FC Bocholt,False,6/256/2/0 | 2/68/1/0 | 0/0/0/0 | 0/0/0/0 | 0/0/0/0,7/288/2/0 | 2/68/1/0 | 0/0/0/0 | 0/0/0/0 | 0/0/0/0
2026-27,DELANTEROS,1109,Dylan Jones,Tranmere Rovers,League Two,1372972,"LIGA PJ, LIGA Min",—,,False,Tranmere Rovers,False,5/283/2/0 | 1/26/1/0 | 0/0/0/0 | 0/0/0/0 | 0/0/0/0,6/312/2/0 | 1/26/1/0 | 0/0/0/0 | 0/0/0/0 | 0/0/0/0
2026-27,DELANTEROS,1111,Max Marcet,Terrassa FC,Segunda Federación,473699,"LIGA PJ, LIGA Min",—,,False,Terrassa FC,False,3/249/2/0 | 1/58/1/0 | 0/0/0/0 | 0/0/0/0 | 0/0/0/0,4/339/2/0 | 1/58/1/0 | 0/0/0/0 | 0/0/0/0 | 0/0/0/0
2026-27,DELANTEROS,1117,Davide Stefanoni,Ospitaletto,Serie C,806444,"LIGA PJ, LIGA Min",—,,False,Ospitaletto,False,6/249/3/0 | 1/14/0/0 | 0/0/0/0 | 0/0/0/0 | 0/0/0/0,7/337/3/0 | 1/14/0/0 | 0/0/0/0 | 0/0/0/0 | 0/0/0/0
2026-27,DELANTEROS,1120,Dominik Schickersinsky,Altglienicke,Regionalliga,809460,"LIGA PJ, LIGA Min, LIGA G/GC",—,,False,Altglienicke,False,3/159/0/0 | 2/96/3/0 | 0/0/0/0 | 0/0/0/0 | 0/0/0/0,4/245/1/0 | 2/96/3/0 | 0/0/0/0 | 0/0/0/0 | 0/0/0/0
2026-27,DELANTEROS,1128,Asier Benito,At. Sanluqueño,Segunda Federación,466847,"LIGA PJ, LIGA Min",—,,False,At. Sanluqueño,False,3/172/3/0 | 0/0/0/0 | 0/0/0/0 | 0/0/0/0 | 0/0/0/0,4/201/3/0 | 0/0/0/0 | 0/0/0/0 | 0/0/0/0 | 0/0/0/0
2026-27,DELANTEROS,1129,Marius Köhl,Heilbronn-Frei.,Regionalliga,718236,"LIGA PJ, LIGA Min",—,,False,Heilbronn-Frei.,False,2/76/1/0 | 1/90/2/0 | 0/0/0/0 | 0/0/0/0 | 0/0/0/0,3/122/1/0 | 1/90/2/0 | 0/0/0/0 | 0/0/0/0 | 0/0/0/0
2026-27,DELANTEROS,1138,Diego Lorenzo,G. Segoviana,Segunda Federación,589457,"LIGA PJ, LIGA Min, LIGA G/GC",—,,False,G. Segoviana,False,3/131/3/0 | 0/0/0/0 | 0/0/0/0 | 0/0/0/0 | 0/0/0/0,4/221/4/0 | 0/0/0/0 | 0/0/0/0 | 0/0/0/0 | 0/0/0/0
2026-27,DELANTEROS,1143,Conor Carty,Halifax Town,National League,586765,"LIGA PJ, LIGA Min",—,,False,Halifax Town,False,22/1164/1/1 | 2/78/1/0 | 0/0/0/0 | 0/0/0/0 | 0/0/0/0,23/1254/1/1 | 2/78/1/0 | 0/0/0/0 | 0/0/0/0 | 0/0/0/0
2026-27,DELANTEROS,1147,Marvin Lorch,1.FC Bocholt,Regionalliga,374421,"LIGA PJ, LIGA Min, LIGA A/CS",—,,False,1.FC Bocholt,False,9/810/1/1 | 2/188/1/0 | 0/0/0/0 | 0/0/0/0 | 0/0/0/0,10/900/1/3 | 2/188/1/0 | 0/0/0/0 | 0/0/0/0 | 0/0/0/0
2026-27,DELANTEROS,1159,Will Harris,Hartlepool Utd.,National League,753894,"LIGA PJ, LIGA Min, LIGA G/GC",—,,False,Hartlepool Utd.,False,9/739/2/1 | 1/2/0/0 | 0/0/0/0 | 0/0/0/0 | 0/0/0/0,10/814/3/1 | 1/2/0/0 | 0/0/0/0 | 0/0/0/0 | 0/0/0/0
2026-27,DELANTEROS,1160,Temi Babalola,Sutton Utd,National League,834226,"LIGA PJ, LIGA Min, LIGA G/GC",—,,False,Sutton Utd,False,8/688/2/1 | 2/39/0/0 | 0/0/0/0 | 0/0/0/0 | 0/0/0/0,9/778/3/1 | 2/39/0/0 | 0/0/0/0 | 0/0/0/0 | 0/0/0/0
2026-27,DELANTEROS,1162,Tarryn Allarakhia,Boreham Wood,National League,602159,"SEL PJ, SEL Min",—,,False,Boreham Wood,False,9/593/1/1 | 2/122/1/0 | 0/0/0/0 | 0/0/0/0 | 0/0/0/0,9/593/1/1 | 2/122/1/0 | 0/0/0/0 | 0/0/0/0 | 1/28/0/0
2026-27,DELANTEROS,1169,André Leipold,SC Verl,3. Liga,828356,"SEL PJ, SEL Min",—,,False,SC Verl,False,7/515/1/1 | 3/154/1/0 | 0/0/0/0 | 0/0/0/0 | 0/0/0/0,7/515/1/1 | 3/154/1/0 | 0/0/0/0 | 0/0/0/0 | 1/78/0/0
2026-27,DELANTEROS,1174,Shawn Blum,Eintracht Trier,Regionalliga,741319,"LIGA PJ, LIGA Min",—,,False,Eintracht Trier,False,8/536/2/1 | 2/117/0/0 | 0/0/0/0 | 0/0/0/0 | 0/0/0/0,9/606/2/1 | 2/117/0/0 | 0/0/0/0 | 0/0/0/0 | 0/0/0/0
2026-27,DELANTEROS,1178,Ronan Hale,Gillingham,League Two,436034,"LIGA PJ, LIGA Min",—,,False,Gillingham,False,7/560/2/1 | 1/67/0/0 | 0/0/0/0 | 0/0/0/0 | 0/0/0/0,8/625/2/1 | 1/67/0/0 | 0/0/0/0 | 0/0/0/0 | 0/0/0/0
2026-27,DELANTEROS,1179,Mert Tasdelen,SV Sandhausen,Regionalliga,512023,"LIGA PJ, LIGA Min",—,,False,SV Sandhausen,False,8/627/2/1 | 0/0/0/0 | 0/0/0/0 | 0/0/0/0 | 0/0/0/0,9/709/2/1 | 0/0/0/0 | 0/0/0/0 | 0/0/0/0 | 0/0/0/0
2026-27,DELANTEROS,1195,Joscha Wosz,BFC Preussen,Regionalliga,597004,"LIGA PJ, LIGA Min, LIGA G/GC",—,,False,BFC Preussen,False,9/476/1/1 | 2/93/1/0 | 0/0/0/0 | 0/0/0/0 | 0/0/0/0,10/542/2/1 | 2/93/1/0 | 0/0/0/0 | 0/0/0/0 | 0/0/0/0
2026-27,DELANTEROS,1217,Jonas Singer,Eintracht Trier,Regionalliga,378335,"LIGA PJ, LIGA Min, LIGA G/GC",—,,False,Eintracht Trier,False,6/435/2/1 | 1/63/0/0 | 0/0/0/0 | 0/0/0/0 | 0/0/0/0,7/521/3/1 | 1/63/0/0 | 0/0/0/0 | 0/0/0/0 | 0/0/0/0
2026-27,DELANTEROS,1218,Tim Sausen,Eintracht Trier,Regionalliga,741122,"LIGA PJ, LIGA Min",—,,False,Eintracht Trier,False,7/415/2/1 | 1/82/0/0 | 0/0/0/0 | 0/0/0/0 | 0/0/0/0,8/485/2/1 | 1/82/0/0 | 0/0/0/0 | 0/0/0/0 | 0/0/0/0
2026-27,DELANTEROS,1221,Slavi Spasov,Yeovil Town,National League,614154,"LIGA PJ, LIGA Min, LIGA A/CS",—,,False,Yeovil Town,False,9/485/2/1 | 0/0/0/0 | 0/0/0/0 | 0/0/0/0 | 0/0/0/0,10/568/2/2 | 0/0/0/0 | 0/0/0/0 | 0/0/0/0 | 0/0/0/0
2026-27,DELANTEROS,1227,Jordi Njoya,FSV Schöningen,Regionalliga,1296732,"LIGA PJ, LIGA Min",—,,False,FSV Schöningen,False,9/385/2/1 | 1/63/0/0 | 0/0/0/0 | 0/0/0/0 | 0/0/0/0,10/475/2/1 | 1/63/0/0 | 0/0/0/0 | 0/0/0/0 | 0/0/0/0
2026-27,DELANTEROS,1242,Mehmet Ibrahimi,Altglienicke,Regionalliga,605306,"LIGA PJ, LIGA Min",—,,False,Altglienicke,False,8/281/0/1 | 2/109/2/0 | 0/0/0/0 | 0/0/0/0 | 0/0/0/0,9/347/0/1 | 2/109/2/0 | 0/0/0/0 | 0/0/0/0 | 0/0/0/0
2026-27,DELANTEROS,1250,Ronan Coughlan,Fleetwood,League Two,345282,"LIGA PJ, LIGA Min",—,,False,Fleetwood,False,5/242/2/1 | 3/128/0/0 | 0/0/0/0 | 0/0/0/0 | 0/0/0/0,6/262/2/1 | 3/128/0/0 | 0/0/0/0 | 0/0/0/0 | 0/0/0/0
2026-27,DELANTEROS,1254,Felix Lohkemper,SV Sandhausen,Regionalliga,164767,"LIGA PJ, LIGA Min, LIGA G/GC",—,,False,SV Sandhausen,False,5/361/2/1 | 0/0/0/0 | 0/0/0/0 | 0/0/0/0 | 0/0/0/0,6/430/4/1 | 0/0/0/0 | 0/0/0/0 | 0/0/0/0 | 0/0/0/0
2026-27,DELANTEROS,1263,Leon Peric,VfB Eichstätt,Regionalliga,912848,"LIGA PJ, LIGA Min",—,,False,VfB Eichstätt,False,9/139/0/1 | 3/187/2/0 | 0/0/0/0 | 0/0/0/0 | 0/0/0/0,10/212/0/1 | 3/187/2/0 | 0/0/0/0 | 0/0/0/0 | 0/0/0/0
2026-27,DELANTEROS,1279,Yannik Jassmann,Eltersdorf,Regionalliga,446725,"LIGA PJ, LIGA Min",—,,False,Eltersdorf,False,9/253/2/1 | 1/45/0/0 | 0/0/0/0 | 0/0/0/0 | 0/0/0/0,10/310/2/1 | 1/45/0/0 | 0/0/0/0 | 0/0/0/0 | 0/0/0/0
2026-27,DELANTEROS,1303,Amir Etien,FC Versailles,Ligue 3,1235595,"LIGA PJ, LIGA Min, LIGA G/GC",—,,False,FC Versailles,False,6/246/2/1 | 0/0/0/0 | 0/0/0/0 | 0/0/0/0 | 0/0/0/0,7/312/4/1 | 0/0/0/0 | 0/0/0/0 | 0/0/0/0 | 0/0/0/0
2026-27,DELANTEROS,1306,Antonio Pavón,CD Don Benito,Segunda Federación,1187240,"LIGA PJ, LIGA Min",—,,False,CD Don Benito,False,3/229/2/1 | 0/0/0/0 | 0/0/0/0 | 0/0/0/0 | 0/0/0/0,4/315/2/1 | 0/0/0/0 | 0/0/0/0 | 0/0/0/0 | 0/0/0/0
2026-27,DELANTEROS,1322,Elios Minaj,Cavese,Serie C,544258,"LIGA PJ, LIGA Min",—,,False,Cavese,False,2/57/2/1 | 0/0/0/0 | 0/0/0/0 | 0/0/0/0 | 0/0/0/0,3/147/2/1 | 0/0/0/0 | 0/0/0/0 | 0/0/0/0 | 0/0/0/0
2026-27,DELANTEROS,1340,Nino Cassaniti,FV Illertissen,Regionalliga,501728,"LIGA PJ, LIGA Min",—,,False,FV Illertissen,False,10/666/1/2 | 1/45/0/0 | 0/0/0/0 | 0/0/0/0 | 0/0/0/0,11/756/1/2 | 1/45/0/0 | 0/0/0/0 | 0/0/0/0 | 0/0/0/0
2026-27,DELANTEROS,1345,Alfredo Bifulco,Campobasso,Serie C,286276,"LIGA PJ, LIGA Min",—,,False,Campobasso,False,6/456/0/1 | 2/180/1/1 | 0/0/0/0 | 0/0/0/0 | 0/0/0/0,7/536/0/1 | 2/180/1/1 | 0/0/0/0 | 0/0/0/0 | 0/0/0/0
2026-27,DELANTEROS,1346,Yannick Glessing,Stuttg. Kickers,Regionalliga,521936,"LIGA PJ, LIGA Min",—,,False,Stuttg. Kickers,False,8/633/1/2 | 0/0/0/0 | 0/0/0/0 | 0/0/0/0 | 0/0/0/0,9/696/1/2 | 0/0/0/0 | 0/0/0/0 | 0/0/0/0 | 0/0/0/0
2026-27,DELANTEROS,1349,Gianluca Vigliotti,Pineto,Serie C,930623,"LIGA PJ, LIGA Min",—,,False,Pineto,False,6/521/1/1 | 1/90/0/1 | 0/0/0/0 | 0/0/0/0 | 0/0/0/0,7/611/1/1 | 1/90/0/1 | 0/0/0/0 | 0/0/0/0 | 0/0/0/0
2026-27,DELANTEROS,1350,Sasa Maksimovic,VfR Aalen,Regionalliga,457307,"LIGA PJ, LIGA Min, LIGA G/GC",—,,False,VfR Aalen,False,8/607/1/2 | 0/0/0/0 | 0/0/0/0 | 0/0/0/0 | 0/0/0/0,9/681/2/2 | 0/0/0/0 | 0/0/0/0 | 0/0/0/0 | 0/0/0/0
2026-27,DELANTEROS,1351,Tobias Bothe,SSV Jeddeloh II,Regionalliga,1330688,"LIGA PJ, LIGA Min",—,,False,SSV Jeddeloh II,False,10/593/1/2 | 1/6/0/0 | 0/0/0/0 | 0/0/0/0 | 0/0/0/0,11/683/1/2 | 1/6/0/0 | 0/0/0/0 | 0/0/0/0 | 0/0/0/0
2026-27,DELANTEROS,1353,Kylian Tubio,Thionville Lus.,Ligue 3,1002600,"LIGA PJ, LIGA Min, LIGA G/GC",—,,False,Thionville Lus.,False,7/587/1/2 | 0/0/0/0 | 0/0/0/0 | 0/0/0/0 | 0/0/0/0,8/650/2/2 | 0/0/0/0 | 0/0/0/0 | 0/0/0/0 | 0/0/0/0
2026-27,DELANTEROS,1359,Ismail Achik,Salernitana,Serie C,602174,"LIGA PJ, LIGA Min",—,,False,Salernitana,False,6/424/0/2 | 1/90/1/0 | 0/0/0/0 | 0/0/0/0 | 0/0/0/0,7/498/0/2 | 1/90/1/0 | 0/0/0/0 | 0/0/0/0 | 0/0/0/0
2026-27,DELANTEROS,1360,Mike Fondop,Oldham Athletic,League Two,542439,"LIGA PJ, LIGA Min",—,,False,Oldham Athletic,False,7/428/1/2 | 2/83/0/0 | 0/0/0/0 | 0/0/0/0 | 0/0/0/0,8/509/1/2 | 2/83/0/0 | 0/0/0/0 | 0/0/0/0 | 0/0/0/0
2026-27,DELANTEROS,1362,Oluwaseunnla Eni-Owo Adekunle,BFC Preussen,Regionalliga,985081,"LIGA PJ, LIGA Min, LIGA G/GC",—,,False,BFC Preussen,False,10/464/1/2 | 1/45/0/0 | 0/0/0/0 | 0/0/0/0 | 0/0/0/0,11/539/2/2 | 1/45/0/0 | 0/0/0/0 | 0/0/0/0 | 0/0/0/0
2026-27,DELANTEROS,1365,Francesco Gobbi,Ospitaletto,Serie C,417516,"LIGA PJ, LIGA Min",—,,False,Ospitaletto,False,5/399/1/2 | 1/90/0/0 | 0/0/0/0 | 0/0/0/0 | 0/0/0/0,6/487/1/2 | 1/90/0/0 | 0/0/0/0 | 0/0/0/0 | 0/0/0/0
2026-27,DELANTEROS,1369,Jonas Winkler,VfB Eichstätt,Regionalliga,930205,"LIGA PJ, LIGA Min",—,,False,VfB Eichstätt,False,6/281/0/2 | 2/168/1/0 | 0/0/0/0 | 0/0/0/0 | 0/0/0/0,7/371/0/2 | 2/168/1/0 | 0/0/0/0 | 0/0/0/0 | 0/0/0/0
2026-27,DELANTEROS,1372,Christian Doidge,Newport County,League Two,255353,"LIGA PJ, LIGA Min, LIGA G/GC",—,,False,Newport County,False,5/368/1/2 | 1/73/0/0 | 0/0/0/0 | 0/0/0/0 | 0/0/0/0,6/458/2/2 | 1/73/0/0 | 0/0/0/0 | 0/0/0/0 | 0/0/0/0
2026-27,DELANTEROS,1385,Tyler Walton,Accrington,League Two,461477,"LIGA PJ, LIGA Min",—,,False,Accrington,False,5/349/1/2 | 1/28/0/0 | 0/0/0/0 | 0/0/0/0 | 0/0/0/0,6/417/1/2 | 1/28/0/0 | 0/0/0/0 | 0/0/0/0 | 0/0/0/0
2026-27,DELANTEROS,1390,Kwasi Wriedt,TSV Havelse,3. Liga,154819,"LIGA PJ, LIGA Min, LIGA G/GC",—,,False,TSV Havelse,False,5/352/1/2 | 0/0/0/0 | 0/0/0/0 | 0/0/0/0 | 0/0/0/0,6/442/2/2 | 0/0/0/0 | 0/0/0/0 | 0/0/0/0 | 0/0/0/0
2026-27,DELANTEROS,1397,Alex Jiménez,Hércules CF,Primera Federación,669516,"LIGA Min, LIGA A/CS, COPA PJ, COPA Min, COPA A/CS",—,,False,Hércules CF,False,4/292/1/1 | 1/18/0/1 | 0/0/0/0 | 0/0/0/0 | 0/0/0/0,4/233/1/0 | 0/0/0/0 | 0/0/0/0 | 0/0/0/0 | 0/0/0/0
2026-27,DELANTEROS,1399,Fraser Bryden,Chesterfield,League Two,972367,"LIGA PJ, LIGA Min",—,,False,Chesterfield,False,6/131/0/2 | 3/175/1/0 | 0/0/0/0 | 0/0/0/0 | 0/0/0/0,7/151/0/2 | 3/175/1/0 | 0/0/0/0 | 0/0/0/0 | 0/0/0/0
2026-27,DELANTEROS,1407,Lucas Brumme,RW Essen,3. Liga,392714,"COPA PJ, COPA Min",—,,False,RW Essen,False,6/233/1/2 | 1/9/0/0 | 0/0/0/0 | 0/0/0/0 | 0/0/0/0,6/233/1/2 | 2/69/0/0 | 0/0/0/0 | 0/0/0/0 | 0/0/0/0
2026-27,DELANTEROS,1408,Michael Fabbro,Cittadella,Serie C,253855,"LIGA PJ, LIGA Min, LIGA G/GC",—,,False,Cittadella,False,4/138/0/0 | 2/104/1/2 | 0/0/0/0 | 0/0/0/0 | 0/0/0/0,5/151/1/0 | 2/104/1/2 | 0/0/0/0 | 0/0/0/0 | 0/0/0/0
2026-27,DELANTEROS,1419,Oscar Thorn,Colchester Utd.,League Two,802774,"LIGA PJ, LIGA Min, LIGA A/CS",—,,False,Colchester Utd.,False,7/517/0/3 | 2/95/0/0 | 0/0/0/0 | 0/0/0/0 | 0/0/0/0,8/534/0/4 | 2/95/0/0 | 0/0/0/0 | 0/0/0/0 | 0/0/0/0
2026-27,DELANTEROS,1420,Marcus Dinanga,Aldershot,National League,556982,"LIGA PJ, LIGA Min, LIGA G/GC",—,,False,Aldershot,False,8/549/0/3 | 1/34/0/0 | 0/0/0/0 | 0/0/0/0 | 0/0/0/0,9/639/2/3 | 1/34/0/0 | 0/0/0/0 | 0/0/0/0 | 0/0/0/0
2026-27,DELANTEROS,1421,Marvin Obuz,RW Essen,3. Liga,522084,"COPA PJ, COPA Min",—,,False,RW Essen,False,7/373/0/1 | 2/201/0/2 | 0/0/0/0 | 0/0/0/0 | 0/0/0/0,7/373/0/1 | 3/231/0/2 | 0/0/0/0 | 0/0/0/0 | 0/0/0/0
2026-27,DELANTEROS,1430,Luca Nocerino,Picerno,Serie C,964241,"LIGA PJ, LIGA Min",—,,False,Picerno,False,4/212/0/3 | 1/90/0/0 | 0/0/0/0 | 0/0/0/0 | 0/0/0/0,5/218/0/3 | 1/90/0/0 | 0/0/0/0 | 0/0/0/0 | 0/0/0/0
2026-27,DELANTEROS,1447,Stanley Ratifo,Hallescher FC,Regionalliga,277646,"LIGA PJ, LIGA Min",—,,False,Hallescher FC,False,10/764/2/0 | 1/85/0/0 | 0/0/0/0 | 0/0/0/0 | 0/0/0/0,11/824/2/0 | 1/85/0/0 | 0/0/0/0 | 0/0/0/0 | 0/0/0/0
2026-27,DELANTEROS,1450,Johannes Rehwald,Schwaben Augsb.,Regionalliga,1192506,"LIGA PJ, LIGA Min, LIGA G/GC",—,,False,Schwaben Augsb.,False,9/721/1/0 | 2/107/1/0 | 0/0/0/0 | 0/0/0/0 | 0/0/0/0,10/789/2/0 | 2/107/1/0 | 0/0/0/0 | 0/0/0/0 | 0/0/0/0
2026-27,DELANTEROS,1455,Will Evans,Plymouth Argyle,League One,456835,"LIGA PJ, LIGA Min",—,,False,Plymouth Argyle,False,7/593/2/0 | 2/149/0/0 | 0/0/0/0 | 0/0/0/0 | 0/0/0/0,8/652/2/0 | 2/149/0/0 | 0/0/0/0 | 0/0/0/0 | 0/0/0/0
2026-27,DELANTEROS,1457,Harry Anderson,Colchester Utd.,League Two,335765,"LIGA PJ, LIGA Min",—,,False,Colchester Utd.,False,7/629/2/0 | 1/90/0/0 | 0/0/0/0 | 0/0/0/0 | 0/0/0/0,8/702/2/0 | 1/90/0/0 | 0/0/0/0 | 0/0/0/0 | 0/0/0/0
2026-27,DELANTEROS,1458,Fynn Heinze,TSV Landsberg,Regionalliga,1009351,"LIGA PJ, LIGA Min, LIGA A/CS",—,,False,TSV Landsberg,False,9/558/2/0 | 3/145/0/0 | 0/0/0/0 | 0/0/0/0 | 0/0/0/0,10/648/2/1 | 3/145/0/0 | 0/0/0/0 | 0/0/0/0 | 0/0/0/0
2026-27,DELANTEROS,1460,Josh Davison,Shrewsbury,League Two,718547,"LIGA PJ, LIGA Min",—,,False,Shrewsbury,False,6/509/1/0 | 2/163/1/0 | 0/0/0/0 | 0/0/0/0 | 0/0/0/0,7/576/1/0 | 2/163/1/0 | 0/0/0/0 | 0/0/0/0 | 0/0/0/0
2026-27,DELANTEROS,1461,Jimmy Knowles,Altrincham,National League,663889,"LIGA PJ, LIGA Min, LIGA G/GC",—,,False,Altrincham,False,9/658/2/0 | 0/0/0/0 | 0/0/0/0 | 0/0/0/0 | 0/0/0/0,10/745/3/0 | 0/0/0/0 | 0/0/0/0 | 0/0/0/0 | 0/0/0/0
2026-27,DELANTEROS,1467,Marco Zunno,Crotone,Serie C,479158,"LIGA PJ, LIGA Min, LIGA G/GC",—,,False,Crotone,False,6/536/2/0 | 1/90/0/0 | 0/0/0/0 | 0/0/0/0 | 0/0/0/0,7/626/3/0 | 1/90/0/0 | 0/0/0/0 | 0/0/0/0 | 0/0/0/0
2026-27,DELANTEROS,1470,Aiden O'Brien,Woking,National League,148908,"LIGA PJ, LIGA Min",—,,False,Woking,False,9/512/1/0 | 2/90/1/0 | 0/0/0/0 | 0/0/0/0 | 0/0/0/0,10/586/1/0 | 2/90/1/0 | 0/0/0/0 | 0/0/0/0 | 0/0/0/0
2026-27,DELANTEROS,1472,Tobias Fagerström,SVA Delmenhorst,Regionalliga,418925,"LIGA PJ, LIGA Min",—,,False,SVA Delmenhorst,False,10/517/2/0 | 1/69/0/0 | 0/0/0/0 | 0/0/0/0 | 0/0/0/0,11/607/2/0 | 1/69/0/0 | 0/0/0/0 | 0/0/0/0 | 0/0/0/0
2026-27,DELANTEROS,1474,Timo Meixner,VfB Eichstätt,Regionalliga,738033,"LIGA PJ, LIGA Min",—,,False,VfB Eichstätt,False,10/492/1/0 | 2/90/1/0 | 0/0/0/0 | 0/0/0/0 | 0/0/0/0,11/509/1/0 | 2/90/1/0 | 0/0/0/0 | 0/0/0/0 | 0/0/0/0
2026-27,DELANTEROS,1477,Ryan Glover,Stockport,League One,684173,"LIGA PJ, LIGA Min",—,,False,Stockport,False,7/497/2/0 | 1/78/0/0 | 0/0/0/0 | 0/0/0/0 | 0/0/0/0,8/579/2/0 | 1/78/0/0 | 0/0/0/0 | 0/0/0/0 | 0/0/0/0
2026-27,DELANTEROS,1493,Joseph Ekuban,Cittadella,Serie C,459649,"LIGA PJ, LIGA Min",—,,False,Cittadella,False,6/446/1/0 | 2/71/1/0 | 0/0/0/0 | 0/0/0/0 | 0/0/0/0,7/523/1/0 | 2/71/1/0 | 0/0/0/0 | 0/0/0/0 | 0/0/0/0
2026-27,DELANTEROS,1505,Philipp Kirsamer,FC Memmingen,Regionalliga,875817,"LIGA PJ, LIGA Min",—,,False,FC Memmingen,False,9/363/1/0 | 2/114/1/0 | 0/0/0/0 | 0/0/0/0 | 0/0/0/0,10/387/1/0 | 2/114/1/0 | 0/0/0/0 | 0/0/0/0 | 0/0/0/0
2026-27,DELANTEROS,1508,Diego Gambale,Cerignola,Serie C,786686,"LIGA PJ, LIGA Min",—,,False,Cerignola,False,6/408/2/0 | 1/63/0/0 | 0/0/0/0 | 0/0/0/0 | 0/0/0/0,7/498/2/0 | 1/63/0/0 | 0/0/0/0 | 0/0/0/0 | 0/0/0/0
2026-27,DELANTEROS,1510,Mason Obeng,Yeovil Town,National League,1079770,"LIGA PJ, LIGA Min",—,,False,Yeovil Town,False,9/468/2/0 | 0/0/0/0 | 0/0/0/0 | 0/0/0/0 | 0/0/0/0,10/475/2/0 | 0/0/0/0 | 0/0/0/0 | 0/0/0/0 | 0/0/0/0
2026-27,DELANTEROS,1514,Bobby Kamwa,Bristol Rovers,League Two,559797,"LIGA PJ, LIGA Min",—,,False,Bristol Rovers,False,7/429/2/0 | 1/20/0/0 | 0/0/0/0 | 0/0/0/0 | 0/0/0/0,8/430/2/0 | 1/20/0/0 | 0/0/0/0 | 0/0/0/0 | 0/0/0/0
2026-27,DELANTEROS,1525,Regan Linney,Carlisle United,National League,837156,"LIGA PJ, LIGA Min, LIGA G/GC",—,,False,Carlisle United,False,8/430/2/0 | 0/0/0/0 | 0/0/0/0 | 0/0/0/0 | 0/0/0/0,9/466/3/0 | 0/0/0/0 | 0/0/0/0 | 0/0/0/0 | 0/0/0/0
2026-27,DELANTEROS,1528,Marco Bertoli,Pro Vercelli,Serie C,392968,"LIGA PJ, LIGA Min",—,,False,Pro Vercelli,False,6/331/1/0 | 1/90/1/0 | 0/0/0/0 | 0/0/0/0 | 0/0/0/0,7/421/1/0 | 1/90/1/0 | 0/0/0/0 | 0/0/0/0 | 0/0/0/0
2026-27,DELANTEROS,1537,Zane Okoro,Tranmere Rovers,League Two,1091678,"LIGA PJ, LIGA Min",—,,False,Tranmere Rovers,False,7/347/2/0 | 2/55/0/0 | 0/0/0/0 | 0/0/0/0 | 0/0/0/0,8/418/2/0 | 2/55/0/0 | 0/0/0/0 | 0/0/0/0 | 0/0/0/0
2026-27,DELANTEROS,1540,David Mamutovic,SV Sandhausen,Regionalliga,361508,"LIGA PJ, LIGA Min",—,,False,SV Sandhausen,False,8/304/1/0 | 1/90/1/0 | 0/0/0/0 | 0/0/0/0 | 0/0/0/0,9/312/1/0 | 1/90/1/0 | 0/0/0/0 | 0/0/0/0 | 0/0/0/0
2026-27,DELANTEROS,1549,Gassan Ahadme,Cambridge Utd.,League One,633168,"LIGA PJ, LIGA Min",—,,False,Cambridge Utd.,False,5/334/2/0 | 1/45/0/0 | 0/0/0/0 | 0/0/0/0 | 0/0/0/0,6/413/2/0 | 1/45/0/0 | 0/0/0/0 | 0/0/0/0 | 0/0/0/0
2026-27,DELANTEROS,1552,Michaël Faty,Le Puy FC,Ligue 3,740342,"LIGA PJ, LIGA Min",—,,False,Le Puy FC,False,7/370/2/0 | 0/0/0/0 | 0/0/0/0 | 0/0/0/0 | 0/0/0/0,8/431/2/0 | 0/0/0/0 | 0/0/0/0 | 0/0/0/0 | 0/0/0/0
2026-27,DELANTEROS,1555,Marcus Wyllie,Aldershot,National League,1285701,"LIGA PJ, LIGA Min",—,,False,Aldershot,False,8/187/1/0 | 2/180/1/0 | 0/0/0/0 | 0/0/0/0 | 0/0/0/0,9/277/1/0 | 2/180/1/0 | 0/0/0/0 | 0/0/0/0 | 0/0/0/0
2026-27,DELANTEROS,1557,Pedro Benito,CyD Leonesa,Primera Federación,835794,"LIGA PJ, LIGA Min, LIGA G/GC",—,,False,CyD Leonesa,False,4/360/2/0 | 0/0/0/0 | 0/0/0/0 | 0/0/0/0 | 0/0/0/0,5/450/3/0 | 0/0/0/0 | 0/0/0/0 | 0/0/0/0 | 0/0/0/0
2026-27,DELANTEROS,1566,Aaron Loupalo-Bi,Fleetwood,League Two,926131,"LIGA PJ, LIGA Min, LIGA A/CS",—,,False,Fleetwood,False,6/120/2/0 | 3/232/0/0 | 0/0/0/0 | 0/0/0/0 | 0/0/0/0,7/210/2/1 | 3/232/0/0 | 0/0/0/0 | 0/0/0/0 | 0/0/0/0
2026-27,DELANTEROS,1575,Lassina Diakité,Amiens SC,Ligue 3,1375284,"LIGA PJ, LIGA Min",—,,False,Amiens SC,False,5/339/2/0 | 0/0/0/0 | 0/0/0/0 | 0/0/0/0 | 0/0/0/0,6/429/2/0 | 0/0/0/0 | 0/0/0/0 | 0/0/0/0 | 0/0/0/0
2026-27,DELANTEROS,1578,Samuele Spalluto,Caratese,Serie C,499830,"LIGA PJ, LIGA Min",—,,False,Caratese,False,3/248/1/0 | 1/86/1/0 | 0/0/0/0 | 0/0/0/0 | 0/0/0/0,4/338/1/0 | 1/86/1/0 | 0/0/0/0 | 0/0/0/0 | 0/0/0/0
2026-27,DELANTEROS,1581,Marcos Mendes,Terrassa FC,Segunda Federación,683309,"LIGA PJ, LIGA Min",—,,False,Terrassa FC,False,3/225/0/0 | 2/106/2/0 | 0/0/0/0 | 0/0/0/0 | 0/0/0/0,4/230/0/0 | 2/106/2/0 | 0/0/0/0 | 0/0/0/0 | 0/0/0/0
2026-27,DELANTEROS,1583,Gerardo Fusco,Cavese,Serie C,928051,"LIGA PJ, LIGA Min, LIGA G/GC, LIGA A/CS",—,,False,Cavese,False,6/297/2/0 | 1/32/0/0 | 0/0/0/0 | 0/0/0/0 | 0/0/0/0,7/379/3/1 | 1/32/0/0 | 0/0/0/0 | 0/0/0/0 | 0/0/0/0
2026-27,DELANTEROS,1591,Tasos Leonidis,SV Sandhausen,Regionalliga,922411,"LIGA PJ, LIGA Min",—,,False,SV Sandhausen,False,6/228/1/0 | 1/90/1/0 | 0/0/0/0 | 0/0/0/0 | 0/0/0/0,7/249/1/0 | 1/90/1/0 | 0/0/0/0 | 0/0/0/0 | 0/0/0/0
2026-27,DELANTEROS,1597,Jovan Malcolm,York City,League Two,671073,"LIGA PJ, LIGA Min, LIGA G/GC",—,,False,York City,False,5/124/2/0 | 2/180/0/0 | 0/0/0/0 | 0/0/0/0 | 0/0/0/0,6/157/3/0 | 2/180/0/0 | 0/0/0/0 | 0/0/0/0 | 0/0/0/0
2026-27,DELANTEROS,1602,Jay Bird,Boreham Wood,National League,543075,"LIGA PJ, LIGA Min, LIGA G/GC",—,,False,Boreham Wood,False,4/211/2/0 | 2/84/0/0 | 0/0/0/0 | 0/0/0/0 | 0/0/0/0,5/299/3/0 | 2/84/0/0 | 0/0/0/0 | 0/0/0/0 | 0/0/0/0
2026-27,DELANTEROS,1603,Luigi Samele,Giana Erminio,Serie C,658244,"LIGA PJ, LIGA Min",—,,False,Giana Erminio,False,4/217/1/0 | 1/73/1/0 | 0/0/0/0 | 0/0/0/0 | 0/0/0/0,5/307/1/0 | 1/73/1/0 | 0/0/0/0 | 0/0/0/0 | 0/0/0/0
2026-27,DELANTEROS,1612,Rodrigo Escudero,CD Extremadura,Primera Federación,446188,"LIGA PJ, LIGA Min",—,,False,CD Extremadura,False,4/281/2/0 | 0/0/0/0 | 0/0/0/0 | 0/0/0/0 | 0/0/0/0,5/371/2/0 | 0/0/0/0 | 0/0/0/0 | 0/0/0/0 | 0/0/0/0
2026-27,DELANTEROS,1613,Ole Böttcher,SSV Jeddeloh II,Regionalliga,1058144,"LIGA PJ, LIGA Min",—,,False,SSV Jeddeloh II,False,8/277/2/0 | 1/3/0/0 | 0/0/0/0 | 0/0/0/0 | 0/0/0/0,9/367/2/0 | 1/3/0/0 | 0/0/0/0 | 0/0/0/0 | 0/0/0/0
2026-27,DELANTEROS,1619,Emmanuel Elekwa,SG Barockstadt,Regionalliga,920041,"LIGA PJ, LIGA Min",—,,False,SG Barockstadt,False,5/265/2/0 | 0/0/0/0 | 0/0/0/0 | 0/0/0/0 | 0/0/0/0,6/326/2/0 | 0/0/0/0 | 0/0/0/0 | 0/0/0/0 | 0/0/0/0
2026-27,DELANTEROS,1621,Stephen Walker,Yeovil Town,National League,486001,"LIGA PJ, LIGA Min",—,,False,Yeovil Town,False,5/261/2/0 | 0/0/0/0 | 0/0/0/0 | 0/0/0/0 | 0/0/0/0,6/268/2/0 | 0/0/0/0 | 0/0/0/0 | 0/0/0/0 | 0/0/0/0
2026-27,DELANTEROS,1622,Jesús Hoyos,Astorga,Segunda Federación,635903,"LIGA PJ, LIGA Min",—,,False,Astorga,False,3/260/2/0 | 0/0/0/0 | 0/0/0/0 | 0/0/0/0 | 0/0/0/0,4/350/2/0 | 0/0/0/0 | 0/0/0/0 | 0/0/0/0 | 0/0/0/0
2026-27,DELANTEROS,1641,Kane Hemmings,Altrincham,National League,106641,"LIGA PJ, LIGA Min",—,,False,Altrincham,False,6/219/2/0 | 0/0/0/0 | 0/0/0/0 | 0/0/0/0 | 0/0/0/0,7/235/2/0 | 0/0/0/0 | 0/0/0/0 | 0/0/0/0 | 0/0/0/0
2026-27,DELANTEROS,1642,Anas Alaoui,VfR Mannheim,Regionalliga,896352,"LIGA PJ, LIGA Min, LIGA G/GC",—,,False,VfR Mannheim,False,4/128/2/0 | 1/90/0/0 | 0/0/0/0 | 0/0/0/0 | 0/0/0/0,5/207/5/0 | 1/90/0/0 | 0/0/0/0 | 0/0/0/0 | 0/0/0/0
2026-27,DELANTEROS,1646,Mamadou Kanoute,Picerno,Serie C,201734,"LIGA PJ, LIGA Min, LIGA G/GC",—,,False,Picerno,False,4/154/2/0 | 1/57/0/0 | 0/0/0/0 | 0/0/0/0 | 0/0/0/0,5/205/3/0 | 1/57/0/0 | 0/0/0/0 | 0/0/0/0 | 0/0/0/0
2026-27,DELANTEROS,1650,Paki,CD Ebro,Segunda Federación,958969,"LIGA PJ, LIGA Min",—,,False,CD Ebro,False,3/206/2/0 | 0/0/0/0 | 0/0/0/0 | 0/0/0/0 | 0/0/0/0,4/228/2/0 | 0/0/0/0 | 0/0/0/0 | 0/0/0/0 | 0/0/0/0
2026-27,DELANTEROS,1651,Mattia Gaddini,Grosseto,Serie C,696619,"LIGA PJ, LIGA Min, LIGA G/GC",—,,False,Grosseto,False,5/115/1/0 | 1/90/1/0 | 0/0/0/0 | 0/0/0/0 | 0/0/0/0,6/174/2/0 | 1/90/1/0 | 0/0/0/0 | 0/0/0/0 | 0/0/0/0
2026-27,DELANTEROS,1656,Josep Díaz,SD Amorebieta,Segunda Federación,1420945,"LIGA PJ, LIGA Min",—,,False,SD Amorebieta,False,3/198/2/0 | 0/0/0/0 | 0/0/0/0 | 0/0/0/0 | 0/0/0/0,4/262/2/0 | 0/0/0/0 | 0/0/0/0 | 0/0/0/0 | 0/0/0/0
2026-27,DELANTEROS,1666,Lucas Ricoy,UD Sanse,Segunda Federación,709595,"LIGA PJ, LIGA Min",—,,False,UD Sanse,False,3/185/2/0 | 0/0/0/0 | 0/0/0/0 | 0/0/0/0 | 0/0/0/0,4/248/2/0 | 0/0/0/0 | 0/0/0/0 | 0/0/0/0 | 0/0/0/0
2026-27,DELANTEROS,1697,Jona Kratzenberg,Carl Zeiss Jena,Regionalliga,1080556,"LIGA PJ, LIGA Min",—,,False,Carl Zeiss Jena,False,2/33/0/0 | 1/90/2/0 | 0/0/0/0 | 0/0/0/0 | 0/0/0/0,3/37/0/0 | 1/90/2/0 | 0/0/0/0 | 0/0/0/0 | 0/0/0/0
2026-27,DELANTEROS,1726,Patrick Kurzen,1.FC Bocholt,Regionalliga,395291,"LIGA PJ, LIGA Min",—,,False,1.FC Bocholt,False,9/803/1/1 | 2/132/0/0 | 0/0/0/0 | 0/0/0/0 | 0/0/0/0,10/893/1/1 | 2/132/0/0 | 0/0/0/0 | 0/0/0/0 | 0/0/0/0
2026-27,DELANTEROS,1730,Timothée Diowo,W. Burghausen,Regionalliga,930282,"LIGA PJ, LIGA Min",—,,False,W. Burghausen,False,9/662/1/1 | 2/122/0/0 | 0/0/0/0 | 0/0/0/0 | 0/0/0/0,10/720/1/1 | 2/122/0/0 | 0/0/0/0 | 0/0/0/0 | 0/0/0/0
2026-27,DELANTEROS,1732,Sean Etaluku,Forest Green,National League,802420,"LIGA PJ, LIGA Min",—,,False,Forest Green,False,9/731/1/1 | 0/0/0/0 | 0/0/0/0 | 0/0/0/0 | 0/0/0/0,10/802/1/1 | 0/0/0/0 | 0/0/0/0 | 0/0/0/0 | 0/0/0/0
2026-27,DELANTEROS,1736,Niklas Doll,SpVgg Bayreuth,Regionalliga,589389,"LIGA PJ, LIGA Min, LIGA G/GC",—,,False,SpVgg Bayreuth,False,10/537/1/1 | 2/180/0/0 | 0/0/0/0 | 0/0/0/0 | 0/0/0/0,11/588/2/1 | 2/180/0/0 | 0/0/0/0 | 0/0/0/0 | 0/0/0/0
2026-27,DELANTEROS,1738,Bolu Shofowoke,Peterborough,League One,1401850,"LIGA PJ, LIGA Min",—,,False,Peterborough,False,7/445/0/0 | 4/262/1/1 | 0/0/0/0 | 0/0/0/0 | 0/0/0/0,8/524/0/0 | 4/262/1/1 | 0/0/0/0 | 0/0/0/0 | 0/0/0/0
2026-27,DELANTEROS,1747,Fabio Wagner,1860 München,Regionalliga,1030204,"LIGA PJ, LIGA Min",—,,False,1860 München,False,8/400/1/0 | 3/256/0/1 | 0/0/0/0 | 0/0/0/0 | 0/0/0/0,9/417/1/0 | 3/256/0/1 | 0/0/0/0 | 0/0/0/0 | 0/0/0/0
2026-27,DELANTEROS,1753,Josh Gordon,Exeter City,League Two,426426,"LIGA PJ, LIGA Min",—,,False,Exeter City,False,7/507/0/0 | 3/115/1/1 | 0/0/0/0 | 0/0/0/0 | 0/0/0/0,8/512/0/0 | 3/115/1/1 | 0/0/0/0 | 0/0/0/0 | 0/0/0/0
2026-27,DELANTEROS,1755,Paddy Lane,Reading,League One,904722,"LIGA PJ, LIGA Min, LIGA A/CS",—,,False,Reading,False,6/369/0/0 | 4/237/1/1 | 0/0/0/0 | 0/0/0/0 | 0/0/0/0,7/444/0/1 | 4/237/1/1 | 0/0/0/0 | 0/0/0/0 | 0/0/0/0
2026-27,DELANTEROS,1758,Owura Edwards,Peterborough,League One,809099,"LIGA PJ, LIGA Min",—,,False,Peterborough,False,5/318/0/0 | 3/270/1/1 | 0/0/0/0 | 0/0/0/0 | 0/0/0/0,6/380/0/0 | 3/270/1/1 | 0/0/0/0 | 0/0/0/0 | 0/0/0/0
2026-27,DELANTEROS,1760,Connor Douglas,Halifax Town,National League,946224,"LIGA PJ, LIGA Min",—,,False,Halifax Town,False,8/584/1/1 | 0/0/0/0 | 0/0/0/0 | 0/0/0/0 | 0/0/0/0,9/600/1/1 | 0/0/0/0 | 0/0/0/0 | 0/0/0/0 | 0/0/0/0
2026-27,DELANTEROS,1762,Amoro Diedhiou,HSC Hannover,Regionalliga,690146,"LIGA PJ, LIGA Min, LIGA G/GC",—,,False,HSC Hannover,False,9/560/1/1 | 1/18/0/0 | 0/0/0/0 | 0/0/0/0 | 0/0/0/0,10/650/2/1 | 1/18/0/0 | 0/0/0/0 | 0/0/0/0 | 0/0/0/0
2026-27,DELANTEROS,1766,Felix Rippert,Eltersdorf,Regionalliga,924112,"LIGA PJ, LIGA Min",—,,False,Eltersdorf,False,9/526/1/1 | 1/45/0/0 | 0/0/0/0 | 0/0/0/0 | 0/0/0/0,10/600/1/1 | 1/45/0/0 | 0/0/0/0 | 0/0/0/0 | 0/0/0/0
2026-27,DELANTEROS,1775,David Ajiboye,Carlisle United,National League,485994,"LIGA PJ, LIGA Min",—,,False,Carlisle United,False,9/544/1/1 | 0/0/0/0 | 0/0/0/0 | 0/0/0/0 | 0/0/0/0,10/598/1/1 | 0/0/0/0 | 0/0/0/0 | 0/0/0/0 | 0/0/0/0
2026-27,DELANTEROS,1777,Soufian Benyamina,Hallescher FC,Regionalliga,77947,"LIGA PJ, LIGA Min",—,,False,Hallescher FC,False,6/460/1/1 | 1/76/0/0 | 0/0/0/0 | 0/0/0/0 | 0/0/0/0,7/536/1/1 | 1/76/0/0 | 0/0/0/0 | 0/0/0/0 | 0/0/0/0
2026-27,DELANTEROS,1785,Luke Norris,Wealdstone,National League,186277,"LIGA PJ, LIGA Min, LIGA G/GC, LIGA A/CS",—,,False,Wealdstone,False,7/517/1/1 | 0/0/0/0 | 0/0/0/0 | 0/0/0/0 | 0/0/0/0,8/585/2/2 | 0/0/0/0 | 0/0/0/0 | 0/0/0/0 | 0/0/0/0
2026-27,DELANTEROS,1800,Diego Vita,Vado,Serie C,195364,"LIGA PJ, LIGA Min",—,,False,Vado,False,6/397/1/1 | 1/90/0/0 | 0/0/0/0 | 0/0/0/0 | 0/0/0/0,7/486/1/1 | 1/90/0/0 | 0/0/0/0 | 0/0/0/0 | 0/0/0/0
2026-27,DELANTEROS,1807,Lucas Akins,Mansfield Town,League One,63199,"SEL PJ, SEL Min",—,,False,Mansfield Town,False,5/334/1/1 | 2/135/0/0 | 0/0/0/0 | 0/0/0/0 | 0/0/0/0,5/334/1/1 | 2/135/0/0 | 0/0/0/0 | 0/0/0/0 | 1/17/0/0
2026-27,DELANTEROS,1834,Liam Dulson,Woking,National League,1278856,"LIGA PJ, LIGA Min",—,,False,Woking,False,7/307/0/1 | 2/90/1/0 | 0/0/0/0 | 0/0/0/0 | 0/0/0/0,8/381/0/1 | 2/90/1/0 | 0/0/0/0 | 0/0/0/0 | 0/0/0/0
2026-27,DELANTEROS,1836,Matteo Ferro,Vado,Serie C,821188,"LIGA PJ, LIGA Min",—,,False,Vado,False,5/351/1/1 | 2/39/0/0 | 0/0/0/0 | 0/0/0/0 | 0/0/0/0,6/441/1/1 | 2/39/0/0 | 0/0/0/0 | 0/0/0/0 | 0/0/0/0
2026-27,DELANTEROS,1837,Julian Kudala,Heilbronn-Frei.,Regionalliga,550370,"LIGA PJ, LIGA Min",—,,False,Heilbronn-Frei.,False,8/344/1/1 | 1/45/0/0 | 0/0/0/0 | 0/0/0/0 | 0/0/0/0,9/345/1/1 | 1/45/0/0 | 0/0/0/0 | 0/0/0/0 | 0/0/0/0
2026-27,DELANTEROS,1838,George Morgan,Cannes,Ligue 3,1005852,"LIGA PJ, LIGA Min",—,,False,Cannes,False,7/388/1/1 | 0/0/0/0 | 0/0/0/0 | 0/0/0/0 | 0/0/0/0,8/398/1/1 | 0/0/0/0 | 0/0/0/0 | 0/0/0/0 | 0/0/0/0
2026-27,DELANTEROS,1869,Andrea Santarcangelo,Caratese,Serie C,818422,"LIGA PJ, LIGA Min",—,,False,Caratese,False,6/315/1/1 | 1/14/0/0 | 0/0/0/0 | 0/0/0/0 | 0/0/0/0,7/389/1/1 | 1/14/0/0 | 0/0/0/0 | 0/0/0/0 | 0/0/0/0
2026-27,DELANTEROS,1870,Riccardo Forte,Pineto,Serie C,392540,"LIGA PJ, LIGA Min",—,,False,Pineto,False,5/283/1/1 | 1/45/0/0 | 0/0/0/0 | 0/0/0/0 | 0/0/0/0,6/328/1/1 | 1/45/0/0 | 0/0/0/0 | 0/0/0/0 | 0/0/0/0
2026-27,DELANTEROS,1873,Matthew Dennis,Burton Albion,League One,551964,"LIGA PJ, LIGA Min",—,,False,Burton Albion,False,3/187/1/0 | 2/135/0/1 | 0/0/0/0 | 0/0/0/0 | 0/0/0/0,4/232/1/0 | 2/135/0/1 | 0/0/0/0 | 0/0/0/0 | 0/0/0/0
2026-27,DELANTEROS,1876,Tristan Teuber,Carl Zeiss Jena,Regionalliga,1281938,"LIGA PJ, LIGA Min, LIGA G/GC, LIGA A/CS",—,,False,Carl Zeiss Jena,False,9/201/0/0 | 2/118/1/1 | 0/0/0/0 | 0/0/0/0 | 0/0/0/0,10/223/1/1 | 2/118/1/1 | 0/0/0/0 | 0/0/0/0 | 0/0/0/0
2026-27,DELANTEROS,1879,Ander Martín,Real Unión,Primera Federación,625658,"LIGA PJ, LIGA Min",—,,False,Real Unión,False,4/313/1/1 | 0/0/0/0 | 0/0/0/0 | 0/0/0/0 | 0/0/0/0,5/393/1/1 | 0/0/0/0 | 0/0/0/0 | 0/0/0/0 | 0/0/0/0
2026-27,DELANTEROS,1881,Elliott Nevitt,Oldham Athletic,League Two,906902,"LIGA PJ, LIGA Min",—,,False,Oldham Athletic,False,6/214/1/0 | 2/97/0/1 | 0/0/0/0 | 0/0/0/0 | 0/0/0/0,7/229/1/0 | 2/97/0/1 | 0/0/0/0 | 0/0/0/0 | 0/0/0/0
2026-27,DELANTEROS,1891,Rubén Solano,Orihuela CF,Segunda Federación,217070,"LIGA PJ, LIGA Min",—,,False,Orihuela CF,False,3/165/1/1 | 2/129/0/0 | 0/0/0/0 | 0/0/0/0 | 0/0/0/0,4/188/1/1 | 2/129/0/0 | 0/0/0/0 | 0/0/0/0 | 0/0/0/0
2026-27,DELANTEROS,1893,Marco Delle Monache,Pineto,Serie C,899543,"LIGA PJ, LIGA Min",—,,False,Pineto,False,4/247/0/1 | 1/45/1/0 | 0/0/0/0 | 0/0/0/0 | 0/0/0/0,5/292/0/1 | 1/45/1/0 | 0/0/0/0 | 0/0/0/0 | 0/0/0/0
2026-27,DELANTEROS,1904,Ted Tattermusch,Altglienicke,Regionalliga,679013,"LIGA PJ, LIGA Min",—,,False,Altglienicke,False,4/186/0/1 | 1/90/1/0 | 0/0/0/0 | 0/0/0/0 | 0/0/0/0,5/210/0/1 | 1/90/1/0 | 0/0/0/0 | 0/0/0/0 | 0/0/0/0
2026-27,DELANTEROS,1906,Alexis Araújo,VFC La Roche,Ligue 3,277268,"LIGA PJ, LIGA Min, LIGA G/GC",—,,False,VFC La Roche,False,5/273/1/1 | 0/0/0/0 | 0/0/0/0 | 0/0/0/0 | 0/0/0/0,6/283/2/1 | 0/0/0/0 | 0/0/0/0 | 0/0/0/0 | 0/0/0/0
2026-27,DELANTEROS,1933,Valentin Lavigne,FC Fleury 91,Ligue 3,236414,"LIGA PJ, LIGA Min",—,,False,FC Fleury 91,False,5/235/1/1 | 0/0/0/0 | 0/0/0/0 | 0/0/0/0 | 0/0/0/0,6/264/1/1 | 0/0/0/0 | 0/0/0/0 | 0/0/0/0 | 0/0/0/0
2026-27,DELANTEROS,1946,Marquitos,Ourense,Segunda Federación,887649,"LIGA PJ, LIGA Min, LIGA G/GC",—,,False,Ourense,False,3/209/1/1 | 0/0/0/0 | 0/0/0/0 | 0/0/0/0 | 0/0/0/0,4/281/2/1 | 0/0/0/0 | 0/0/0/0 | 0/0/0/0 | 0/0/0/0
2026-27,DELANTEROS,1964,Santi Miguélez,CD Guadalajara,Segunda Federación,719728,"LIGA PJ, LIGA Min, LIGA G/GC, LIGA A/CS",—,,False,CD Guadalajara,False,2/170/1/1 | 0/0/0/0 | 0/0/0/0 | 0/0/0/0 | 0/0/0/0,0/0/0/0 | 0/0/0/0 | 0/0/0/0 | 0/0/0/0 | 0/0/0/0
2026-27,DELANTEROS,1971,Lorenzo Carfora,Campobasso,Serie C,976219,"LIGA PJ, LIGA Min",—,,False,Campobasso,False,5/117/1/1 | 1/45/0/0 | 0/0/0/0 | 0/0/0/0 | 0/0/0/0,6/127/1/1 | 1/45/0/0 | 0/0/0/0 | 0/0/0/0 | 0/0/0/0
2026-27,DELANTEROS,1978,Miguel Leyva,G. Segoviana,Segunda Federación,742001,"LIGA PJ, LIGA Min, LIGA G/GC",—,,False,G. Segoviana,False,3/139/1/1 | 0/0/0/0 | 0/0/0/0 | 0/0/0/0 | 0/0/0/0,4/213/2/1 | 0/0/0/0 | 0/0/0/0 | 0/0/0/0 | 0/0/0/0
2026-27,DELANTEROS,1994,Benjamin Goller,SSV Ulm 1846,Regionalliga,388058,"LIGA PJ, LIGA Min",—,,False,SSV Ulm 1846,False,3/81/1/1 | 0/0/0/0 | 0/0/0/0 | 0/0/0/0 | 0/0/0/0,4/156/1/1 | 0/0/0/0 | 0/0/0/0 | 0/0/0/0 | 0/0/0/0
2026-27,DELANTEROS,1998,Diego Gómez,Gimnàstic,Primera Federación,554814,"LIGA PJ, LIGA Min, LIGA A/CS",—,,False,Gimnàstic,False,4/65/1/1 | 0/0/0/0 | 0/0/0/0 | 0/0/0/0 | 0/0/0/0,5/86/1/2 | 0/0/0/0 | 0/0/0/0 | 0/0/0/0 | 0/0/0/0
2026-27,DELANTEROS,2007,Gwion Edwards,Exeter City,League Two,192766,"LIGA PJ, LIGA Min",—,,False,Exeter City,False,7/455/0/2 | 2/130/0/0 | 0/0/0/0 | 0/0/0/0 | 0/0/0/0,8/532/0/2 | 2/130/0/0 | 0/0/0/0 | 0/0/0/0 | 0/0/0/0
2026-27,DELANTEROS,2008,Charles Vernam,Grimsby Town,League Two,335181,"LIGA PJ, LIGA Min",—,,False,Grimsby Town,False,7/487/0/2 | 1/90/0/0 | 0/0/0/0 | 0/0/0/0 | 0/0/0/0,8/560/0/2 | 1/90/0/0 | 0/0/0/0 | 0/0/0/0 | 0/0/0/0
2026-27,DELANTEROS,2020,Francesco Orlando,Cavese,Serie C,334341,"LIGA PJ, LIGA Min, LIGA G/GC, LIGA A/CS",—,,False,Cavese,False,6/392/0/2 | 1/90/0/0 | 0/0/0/0 | 0/0/0/0 | 0/0/0/0,7/474/1/3 | 1/90/0/0 | 0/0/0/0 | 0/0/0/0 | 0/0/0/0
2026-27,DELANTEROS,2033,Eugenio D'Ursi,Salernitana,Serie C,341498,"LIGA PJ, LIGA Min",—,,False,Salernitana,False,6/397/0/2 | 0/0/0/0 | 0/0/0/0 | 0/0/0/0 | 0/0/0/0,7/487/0/2 | 0/0/0/0 | 0/0/0/0 | 0/0/0/0 | 0/0/0/0
2026-27,DELANTEROS,2039,Loren Burón,Orihuela CF,Segunda Federación,480445,"LIGA PJ, LIGA Min",—,,False,Orihuela CF,False,3/203/0/2 | 2/135/0/0 | 0/0/0/0 | 0/0/0/0 | 0/0/0/0,4/293/0/2 | 2/135/0/0 | 0/0/0/0 | 0/0/0/0 | 0/0/0/0
2026-27,DELANTEROS,2051,Osman Atilgan,Hallescher FC,Regionalliga,369895,"LIGA PJ, LIGA Min, LIGA G/GC",—,,False,Hallescher FC,False,6/238/0/2 | 1/35/0/0 | 0/0/0/0 | 0/0/0/0 | 0/0/0/0,7/314/1/2 | 1/35/0/0 | 0/0/0/0 | 0/0/0/0 | 0/0/0/0
2026-27,DELANTEROS,2052,Matteo Della Morte,Bari,Serie C,391797,"LIGA PJ, LIGA Min",—,,False,Bari,False,4/272/0/2 | 0/0/0/0 | 0/0/0/0 | 0/0/0/0 | 0/0/0/0,5/346/0/2 | 0/0/0/0 | 0/0/0/0 | 0/0/0/0 | 0/0/0/0
2026-27,DELANTEROS,2055,Ludovico D'Orazio,Cerignola,Serie C,370435,"LIGA PJ, LIGA Min",—,,False,Cerignola,False,6/236/0/2 | 1/27/0/0 | 0/0/0/0 | 0/0/0/0 | 0/0/0/0,7/298/0/2 | 1/27/0/0 | 0/0/0/0 | 0/0/0/0 | 0/0/0/0
2026-27,DELANTEROS,2056,Millar Matthews-Lewis,Fylde,National League,965943,"LIGA PJ, LIGA Min",—,,False,Fylde,False,3/245/0/2 | 1/14/0/0 | 0/0/0/0 | 0/0/0/0 | 0/0/0/0,4/315/0/2 | 1/14/0/0 | 0/0/0/0 | 0/0/0/0 | 0/0/0/0
2026-27,DELANTEROS,2065,Dejan Galjen,Eintracht Trier,Regionalliga,594725,"LIGA PJ, LIGA Min",—,,False,Eintracht Trier,False,4/215/0/2 | 0/0/0/0 | 0/0/0/0 | 0/0/0/0 | 0/0/0/0,5/301/0/2 | 0/0/0/0 | 0/0/0/0 | 0/0/0/0 | 0/0/0/0
2026-27,DELANTEROS,2070,Alexis Gouletquer,Thionville Lus.,Ligue 3,745938,"LIGA PJ, LIGA Min",—,,False,Thionville Lus.,False,7/133/0/2 | 0/0/0/0 | 0/0/0/0 | 0/0/0/0 | 0/0/0/0,8/161/0/2 | 0/0/0/0 | 0/0/0/0 | 0/0/0/0 | 0/0/0/0
2026-27,DELANTEROS,2095,Kane Drummond,Oldham Athletic,League Two,1263583,"LIGA PJ, LIGA Min",—,,False,Oldham Athletic,False,7/596/1/0 | 2/108/0/0 | 0/0/0/0 | 0/0/0/0 | 0/0/0/0,8/641/1/0 | 2/108/0/0 | 0/0/0/0 | 0/0/0/0 | 0/0/0/0
2026-27,DELANTEROS,2097,Michael Spellman,Gateshead,National League,991323,"LIGA PJ, LIGA Min",—,,False,Gateshead,False,8/611/1/0 | 2/90/0/0 | 0/0/0/0 | 0/0/0/0 | 0/0/0/0,9/639/1/0 | 2/90/0/0 | 0/0/0/0 | 0/0/0/0 | 0/0/0/0
2026-27,DELANTEROS,2106,Ashley Boatswain,Gateshead,National League,893416,"SEL PJ, SEL Min",—,,False,Gateshead,False,8/644/1/0 | 0/0/0/0 | 0/0/0/0 | 0/0/0/0 | 1/90/2/0,8/644/1/0 | 0/0/0/0 | 0/0/0/0 | 0/0/0/0 | 2/180/2/0
2026-27,DELANTEROS,2112,Aboubacar Sidibé,Paris 13 Atl.,Ligue 3,1314454,"LIGA PJ, LIGA Min",—,,False,Paris 13 Atl.,False,7/601/1/0 | 0/0/0/0 | 0/0/0/0 | 0/0/0/0 | 0/0/0/0,8/629/1/0 | 0/0/0/0 | 0/0/0/0 | 0/0/0/0 | 0/0/0/0
2026-27,DELANTEROS,2132,Maximilian Seemüller,TSV Landsberg,Regionalliga,1034102,"LIGA PJ, LIGA Min",—,,False,TSV Landsberg,False,9/284/0/0 | 4/270/1/0 | 0/0/0/0 | 0/0/0/0 | 0/0/0/0,10/285/0/0 | 4/270/1/0 | 0/0/0/0 | 0/0/0/0 | 0/0/0/0
2026-27,DELANTEROS,2139,Jack Nolan,Hartlepool Utd.,National League,503760,"LIGA PJ, LIGA Min",—,,False,Hartlepool Utd.,False,8/536/1/0 | 0/0/0/0 | 0/0/0/0 | 0/0/0/0 | 0/0/0/0,9/626/1/0 | 0/0/0/0 | 0/0/0/0 | 0/0/0/0 | 0/0/0/0
2026-27,DELANTEROS,2143,Hakeem Sandah,Aldershot,National League,969368,"LIGA PJ, LIGA Min, LIGA A/CS",—,,False,Aldershot,False,8/448/0/0 | 2/79/1/0 | 0/0/0/0 | 0/0/0/0 | 0/0/0/0,9/518/0/1 | 2/79/1/0 | 0/0/0/0 | 0/0/0/0 | 0/0/0/0
2026-27,DELANTEROS,2144,Antonino Musso,Crotone,Serie C,395357,"LIGA PJ, LIGA Min, LIGA G/GC",—,,False,Crotone,False,6/431/1/0 | 1/90/0/0 | 0/0/0/0 | 0/0/0/0 | 0/0/0/0,7/507/2/0 | 1/90/0/0 | 0/0/0/0 | 0/0/0/0 | 0/0/0/0
2026-27,DELANTEROS,2154,Nicola Dalmonte,Trento,Serie C,301237,"LIGA PJ, LIGA Min",—,,False,Trento,False,5/420/1/0 | 1/90/0/0 | 0/0/0/0 | 0/0/0/0 | 0/0/0/0,6/487/1/0 | 1/90/0/0 | 0/0/0/0 | 0/0/0/0 | 0/0/0/0
2026-27,DELANTEROS,2158,Alberto Pala,Pergolettese,Serie C,1051734,"LIGA PJ, LIGA Min",—,,False,Pergolettese,False,6/402/1/0 | 1/90/0/0 | 0/0/0/0 | 0/0/0/0 | 0/0/0/0,7/483/1/0 | 1/90/0/0 | 0/0/0/0 | 0/0/0/0 | 0/0/0/0
2026-27,DELANTEROS,2182,Tomi Petrovic,Cosenza,Serie C,370110,"LIGA PJ, LIGA Min",—,,False,Cosenza,False,6/379/1/0 | 1/56/0/0 | 0/0/0/0 | 0/0/0/0 | 0/0/0/0,7/469/1/0 | 1/56/0/0 | 0/0/0/0 | 0/0/0/0 | 0/0/0/0
2026-27,DELANTEROS,2186,Marvin Emmanuel,Le Puy FC,Ligue 3,819116,"LIGA PJ, LIGA Min",—,,False,Le Puy FC,False,7/424/1/0 | 0/0/0/0 | 0/0/0/0 | 0/0/0/0 | 0/0/0/0,8/453/1/0 | 0/0/0/0 | 0/0/0/0 | 0/0/0/0 | 0/0/0/0
2026-27,DELANTEROS,2187,Alessandro Ghillani,Lumezzane,Serie C,1300722,"LIGA PJ, LIGA Min",—,,False,Lumezzane,False,6/424/1/0 | 0/0/0/0 | 0/0/0/0 | 0/0/0/0 | 0/0/0/0,7/489/1/0 | 0/0/0/0 | 0/0/0/0 | 0/0/0/0 | 0/0/0/0
2026-27,DELANTEROS,2189,Marco Ladisa,Trento,Serie C,966905,"LIGA PJ, LIGA Min",—,,False,Trento,False,6/328/1/0 | 2/93/0/0 | 0/0/0/0 | 0/0/0/0 | 0/0/0/0,7/408/1/0 | 2/93/0/0 | 0/0/0/0 | 0/0/0/0 | 0/0/0/0
2026-27,DELANTEROS,2204,Yohan Zemoura,Aubagne Air Bel,Ligue 3,971827,"LIGA PJ, LIGA Min",—,,False,Aubagne Air Bel,False,7/400/1/0 | 0/0/0/0 | 0/0/0/0 | 0/0/0/0 | 0/0/0/0,8/415/1/0 | 0/0/0/0 | 0/0/0/0 | 0/0/0/0 | 0/0/0/0
2026-27,DELANTEROS,2208,Andy Dallas,FC Walsall,League Two,406736,"LIGA PJ, LIGA Min",—,,False,FC Walsall,False,7/253/1/0 | 3/142/0/0 | 0/0/0/0 | 0/0/0/0 | 0/0/0/0,8/330/1/0 | 3/142/0/0 | 0/0/0/0 | 0/0/0/0 | 0/0/0/0
2026-27,DELANTEROS,2218,Etienne Sohn,SV Todesfelde,Regionalliga,639476,"LIGA PJ, LIGA Min, LIGA G/GC",—,,False,SV Todesfelde,False,7/387/1/0 | 0/0/0/0 | 0/0/0/0 | 0/0/0/0 | 0/0/0/0,8/477/2/0 | 0/0/0/0 | 0/0/0/0 | 0/0/0/0 | 0/0/0/0
2026-27,DELANTEROS,2224,Cedric Main,Fylde,National League,415650,"LIGA PJ, LIGA Min",—,,False,Fylde,False,5/380/1/0 | 0/0/0/0 | 0/0/0/0 | 0/0/0/0 | 0/0/0/0,6/400/1/0 | 0/0/0/0 | 0/0/0/0 | 0/0/0/0 | 0/0/0/0
2026-27,DELANTEROS,2230,Chris Popov,Hartlepool Utd.,National League,667508,"LIGA PJ, LIGA Min",—,,False,Hartlepool Utd.,False,8/365/1/0 | 2/8/0/0 | 0/0/0/0 | 0/0/0/0 | 0/0/0/0,9/422/1/0 | 2/8/0/0 | 0/0/0/0 | 0/0/0/0 | 0/0/0/0
2026-27,DELANTEROS,2252,Danny Rose,Exeter City,League Two,185702,"LIGA PJ, LIGA Min",—,,False,Exeter City,False,7/303/0/0 | 1/45/1/0 | 0/0/0/0 | 0/0/0/0 | 0/0/0/0,8/393/0/0 | 1/45/1/0 | 0/0/0/0 | 0/0/0/0 | 0/0/0/0
2026-27,DELANTEROS,2254,Rubén Torres,Arenas Club,Primera Federación,715686,"LIGA PJ, LIGA Min",—,,False,Arenas Club,False,4/347/1/0 | 0/0/0/0 | 0/0/0/0 | 0/0/0/0 | 0/0/0/0,5/437/1/0 | 0/0/0/0 | 0/0/0/0 | 0/0/0/0 | 0/0/0/0
2026-27,DELANTEROS,2265,Lenell John-Lewis,Boston Utd,National League,67386,"LIGA PJ, LIGA Min",—,,False,Boston Utd,False,8/255/1/0 | 2/85/0/0 | 0/0/0/0 | 0/0/0/0 | 0/0/0/0,9/264/1/0 | 2/85/0/0 | 0/0/0/0 | 0/0/0/0 | 0/0/0/0
2026-27,DELANTEROS,2271,Antonio Energe,Cosenza,Serie C,465222,"LIGA PJ, LIGA Min",—,,False,Cosenza,False,5/270/1/0 | 1/56/0/0 | 0/0/0/0 | 0/0/0/0 | 0/0/0/0,6/351/1/0 | 1/56/0/0 | 0/0/0/0 | 0/0/0/0 | 0/0/0/0
2026-27,DELANTEROS,2274,Ander Castillo,Sestao River ,Segunda Federación,1417829,"LIGA PJ, LIGA Min",—,,False,Sestao River ,False,3/138/0/0 | 2/185/1/0 | 0/0/0/0 | 0/0/0/0 | 0/0/0/0,4/206/0/0 | 2/185/1/0 | 0/0/0/0 | 0/0/0/0 | 0/0/0/0
2026-27,DELANTEROS,2278,Brad Dolaghan,Harrogate Town,National League,1228275,"LIGA PJ, LIGA Min, LIGA G/GC",—,,False,Harrogate Town,False,6/319/1/0 | 0/0/0/0 | 0/0/0/0 | 0/0/0/0 | 0/0/0/0,7/392/3/0 | 0/0/0/0 | 0/0/0/0 | 0/0/0/0 | 0/0/0/0
2026-27,DELANTEROS,2285,Raphaël Gerbeaud,Cannes,Ligue 3,540663,"LIGA PJ, LIGA Min",—,,False,Cannes,False,6/317/1/0 | 0/0/0/0 | 0/0/0/0 | 0/0/0/0 | 0/0/0/0,7/336/1/0 | 0/0/0/0 | 0/0/0/0 | 0/0/0/0 | 0/0/0/0
2026-27,DELANTEROS,2292,Javi Castedo,Águilas FC,Primera Federación,896016,"LIGA PJ, LIGA Min",—,,False,Águilas FC,False,4/310/1/0 | 0/0/0/0 | 0/0/0/0 | 0/0/0/0 | 0/0/0/0,5/391/1/0 | 0/0/0/0 | 0/0/0/0 | 0/0/0/0 | 0/0/0/0
2026-27,DELANTEROS,2305,Iván Ramos,CD Coria,Primera Federación,709381,"LIGA PJ, LIGA Min",—,,False,CD Coria,False,4/306/1/0 | 0/0/0/0 | 0/0/0/0 | 0/0/0/0 | 0/0/0/0,5/351/1/0 | 0/0/0/0 | 0/0/0/0 | 0/0/0/0 | 0/0/0/0
2026-27,DELANTEROS,2306,Noah Wallenßus,SF Lotte,Regionalliga,827690,"LIGA PJ, LIGA Min",—,,False,SF Lotte,False,4/304/1/0 | 0/0/0/0 | 0/0/0/0 | 0/0/0/0 | 0/0/0/0,5/364/1/0 | 0/0/0/0 | 0/0/0/0 | 0/0/0/0 | 0/0/0/0
2026-27,DELANTEROS,2310,Jaka Cuber Potocnik,RW Essen,3. Liga,940198,"COPA PJ, COPA Min, COPA A/CS",—,,False,RW Essen,False,7/215/0/0 | 2/87/1/0 | 0/0/0/0 | 0/0/0/0 | 0/0/0/0,7/215/0/0 | 3/177/1/1 | 0/0/0/0 | 0/0/0/0 | 0/0/0/0
2026-27,DELANTEROS,2314,Kevin Makowski,Schwaben Augsb.,Regionalliga,1285629,"LIGA PJ, LIGA Min",—,,False,Schwaben Augsb.,False,6/190/1/0 | 2/110/0/0 | 0/0/0/0 | 0/0/0/0 | 0/0/0/0,7/191/1/0 | 2/110/0/0 | 0/0/0/0 | 0/0/0/0 | 0/0/0/0
2026-27,DELANTEROS,2319,Diego Zuppel,Novara,Serie C,581912,"LIGA PJ, LIGA Min",—,,False,Novara,False,5/297/1/0 | 0/0/0/0 | 0/0/0/0 | 0/0/0/0 | 0/0/0/0,6/336/1/0 | 0/0/0/0 | 0/0/0/0 | 0/0/0/0 | 0/0/0/0
2026-27,DELANTEROS,2328,Raúl Rubio,Algeciras CF,Primera Federación,599207,"LIGA PJ, LIGA Min",—,,False,Algeciras CF,False,4/288/1/0 | 0/0/0/0 | 0/0/0/0 | 0/0/0/0 | 0/0/0/0,5/324/1/0 | 0/0/0/0 | 0/0/0/0 | 0/0/0/0 | 0/0/0/0
2026-27,DELANTEROS,2329,Tommaso Mancini,Livorno,Serie C,659416,"LIGA PJ, LIGA Min",—,,False,Livorno,False,6/174/0/0 | 2/114/1/0 | 0/0/0/0 | 0/0/0/0 | 0/0/0/0,7/192/0/0 | 2/114/1/0 | 0/0/0/0 | 0/0/0/0 | 0/0/0/0
2026-27,DELANTEROS,2348,Lukas Schmidt,SpVgg Ansbach,Regionalliga,379472,"LIGA PJ, LIGA Min",—,,False,SpVgg Ansbach,False,6/183/0/0 | 2/90/1/0 | 0/0/0/0 | 0/0/0/0 | 0/0/0/0,7/244/0/0 | 2/90/1/0 | 0/0/0/0 | 0/0/0/0 | 0/0/0/0
2026-27,DELANTEROS,2357,Nando Copete,CD Don Benito,Segunda Federación,289707,"LIGA PJ, LIGA Min",—,,False,CD Don Benito,False,3/270/1/0 | 0/0/0/0 | 0/0/0/0 | 0/0/0/0 | 0/0/0/0,4/315/1/0 | 0/0/0/0 | 0/0/0/0 | 0/0/0/0 | 0/0/0/0
2026-27,DELANTEROS,2370,Unai García,Real Unión,Primera Federación,629384,"LIGA PJ, LIGA Min",—,,False,Real Unión,False,4/258/1/0 | 0/0/0/0 | 0/0/0/0 | 0/0/0/0 | 0/0/0/0,5/348/1/0 | 0/0/0/0 | 0/0/0/0 | 0/0/0/0 | 0/0/0/0
2026-27,DELANTEROS,2371,Viti Oliver,Ourense,Segunda Federación,1153008,"LIGA PJ, LIGA Min",—,,False,Ourense,False,3/258/1/0 | 0/0/0/0 | 0/0/0/0 | 0/0/0/0 | 0/0/0/0,4/348/1/0 | 0/0/0/0 | 0/0/0/0 | 0/0/0/0 | 0/0/0/0
2026-27,DELANTEROS,2377,Isaac Boudaoud,CD Ebro,Segunda Federación,1073760,"LIGA PJ, LIGA Min",—,,False,CD Ebro,False,3/254/1/0 | 0/0/0/0 | 0/0/0/0 | 0/0/0/0 | 0/0/0/0,4/330/1/0 | 0/0/0/0 | 0/0/0/0 | 0/0/0/0 | 0/0/0/0
2026-27,DELANTEROS,2388,Cole Stockton,Accrington,League Two,213398,"LIGA PJ, LIGA Min",—,,False,Accrington,False,6/113/0/0 | 2/135/1/0 | 0/0/0/0 | 0/0/0/0 | 0/0/0/0,7/135/0/0 | 2/135/1/0 | 0/0/0/0 | 0/0/0/0 | 0/0/0/0
2026-27,DELANTEROS,2393,David Eguaibor,Gateshead,National League,985144,"LIGA PJ, LIGA Min",—,,False,Gateshead,False,6/157/1/0 | 1/90/0/0 | 0/0/0/0 | 0/0/0/0 | 0/0/0/0,7/233/1/0 | 1/90/0/0 | 0/0/0/0 | 0/0/0/0 | 0/0/0/0
2026-27,DELANTEROS,2395,David Momoh,Manresa,Segunda Federación,1138783,"LIGA PJ, LIGA Min",—,,False,Manresa,False,3/245/1/0 | 0/0/0/0 | 0/0/0/0 | 0/0/0/0 | 0/0/0/0,4/335/1/0 | 0/0/0/0 | 0/0/0/0 | 0/0/0/0 | 0/0/0/0
2026-27,DELANTEROS,2400,Paolo Maiella,FC Gütersloh,Regionalliga,435309,"LIGA PJ, LIGA Min",—,,False,FC Gütersloh,False,9/144/0/0 | 2/98/1/0 | 0/0/0/0 | 0/0/0/0 | 0/0/0/0,10/172/0/0 | 2/98/1/0 | 0/0/0/0 | 0/0/0/0 | 0/0/0/0
2026-27,DELANTEROS,2404,Brice Oggad,Cannes,Ligue 3,966069,"LIGA PJ, LIGA Min",—,,False,Cannes,False,6/239/1/0 | 0/0/0/0 | 0/0/0/0 | 0/0/0/0 | 0/0/0/0,7/310/1/0 | 0/0/0/0 | 0/0/0/0 | 0/0/0/0 | 0/0/0/0
2026-27,DELANTEROS,2408,Aaron Nemane,Rotherham,League Two,248325,"LIGA PJ, LIGA Min",—,,False,Rotherham,False,4/178/1/0 | 2/58/0/0 | 0/0/0/0 | 0/0/0/0 | 0/0/0/0,5/236/1/0 | 2/58/0/0 | 0/0/0/0 | 0/0/0/0 | 0/0/0/0
2026-27,DELANTEROS,2412,Devante Rodney,AFC Rochdale,League Two,483383,"LIGA PJ, LIGA Min",—,,False,AFC Rochdale,False,1/90/0/0 | 3/144/1/0 | 0/0/0/0 | 0/0/0/0 | 0/0/0/0,2/96/0/0 | 3/144/1/0 | 0/0/0/0 | 0/0/0/0 | 0/0/0/0
2026-27,DELANTEROS,2422,Andrea Procaccio,Desenzano,Serie C,397448,"LIGA PJ, LIGA Min",—,,False,Desenzano,False,6/141/0/0 | 2/87/1/0 | 0/0/0/0 | 0/0/0/0 | 0/0/0/0,7/207/0/0 | 2/87/1/0 | 0/0/0/0 | 0/0/0/0 | 0/0/0/0
2026-27,DELANTEROS,2427,Emmanuel Attipoe,CD Don Benito,Segunda Federación,579304,"LIGA PJ, LIGA Min",—,,False,CD Don Benito,False,3/225/1/0 | 0/0/0/0 | 0/0/0/0 | 0/0/0/0 | 0/0/0/0,4/315/1/0 | 0/0/0/0 | 0/0/0/0 | 0/0/0/0 | 0/0/0/0
2026-27,DELANTEROS,2433,David Velázquez,Linares,Segunda Federación,838748,"LIGA PJ, LIGA Min",—,,False,Linares,False,3/222/1/0 | 0/0/0/0 | 0/0/0/0 | 0/0/0/0 | 0/0/0/0,4/267/1/0 | 0/0/0/0 | 0/0/0/0 | 0/0/0/0 | 0/0/0/0
2026-27,DELANTEROS,2437,Juanma García,Algeciras CF,Primera Federación,315312,"LIGA PJ, LIGA Min, LIGA G/GC",—,,False,Algeciras CF,False,4/219/1/0 | 0/0/0/0 | 0/0/0/0 | 0/0/0/0 | 0/0/0/0,5/288/2/0 | 0/0/0/0 | 0/0/0/0 | 0/0/0/0 | 0/0/0/0
2026-27,DELANTEROS,2439,Antonio Foti,SC Verl,3. Liga,615036,"COPA PJ, COPA Min, COPA G/GC",—,,False,SC Verl,False,4/94/0/0 | 3/125/1/0 | 0/0/0/0 | 0/0/0/0 | 0/0/0/0,4/94/0/0 | 4/202/2/0 | 0/0/0/0 | 0/0/0/0 | 0/0/0/0
2026-27,DELANTEROS,2454,Álex Bermejo,Sant Andreu,Primera Federación,473695,"LIGA PJ, LIGA Min, LIGA G/GC",—,,False,Sant Andreu,False,4/209/1/0 | 0/0/0/0 | 0/0/0/0 | 0/0/0/0 | 0/0/0/0,5/279/2/0 | 0/0/0/0 | 0/0/0/0 | 0/0/0/0 | 0/0/0/0
2026-27,DELANTEROS,2463,Jake Bickerstaff,Cheltenham,League Two,705159,"LIGA PJ, LIGA Min",—,,False,Cheltenham,False,5/102/0/0 | 2/101/1/0 | 0/0/0/0 | 0/0/0/0 | 0/0/0/0,6/106/0/0 | 2/101/1/0 | 0/0/0/0 | 0/0/0/0 | 0/0/0/0
2026-27,DELANTEROS,2464,Benjamin Friesen,1.FC Bocholt,Regionalliga,916693,"LIGA PJ, LIGA Min",—,,False,1.FC Bocholt,False,6/167/0/0 | 1/36/1/0 | 0/0/0/0 | 0/0/0/0 | 0/0/0/0,7/174/0/0 | 1/36/1/0 | 0/0/0/0 | 0/0/0/0 | 0/0/0/0
2026-27,DELANTEROS,2467,Raúl Alcaina,Racing Ferrol,Primera Federación,611172,"LIGA PJ, LIGA Min",—,,False,Racing Ferrol,False,4/201/1/0 | 0/0/0/0 | 0/0/0/0 | 0/0/0/0 | 0/0/0/0,5/246/1/0 | 0/0/0/0 | 0/0/0/0 | 0/0/0/0 | 0/0/0/0
2026-27,DELANTEROS,2473,Nassim Sabihi,FC Villefranche,Ligue 3,941180,"LIGA PJ, LIGA Min",—,,False,FC Villefranche,False,3/198/1/0 | 0/0/0/0 | 0/0/0/0 | 0/0/0/0 | 0/0/0/0,4/218/1/0 | 0/0/0/0 | 0/0/0/0 | 0/0/0/0 | 0/0/0/0
2026-27,DELANTEROS,2480,Simon Zöls,SF Lotte,Regionalliga,1149488,"LIGA PJ, LIGA Min",—,,False,SF Lotte,False,3/192/1/0 | 0/0/0/0 | 0/0/0/0 | 0/0/0/0 | 0/0/0/0,4/207/1/0 | 0/0/0/0 | 0/0/0/0 | 0/0/0/0 | 0/0/0/0
2026-27,DELANTEROS,2481,Ruben Rosa,QRM,Ligue 3,1196657,"LIGA PJ, LIGA Min",—,,False,QRM,False,7/191/1/0 | 0/0/0/0 | 0/0/0/0 | 0/0/0/0 | 0/0/0/0,8/200/1/0 | 0/0/0/0 | 0/0/0/0 | 0/0/0/0 | 0/0/0/0
2026-27,DELANTEROS,2485,Georgiy Nachkebia,TSV Aubstadt,Regionalliga,1394908,"LIGA PJ, LIGA Min",—,,False,TSV Aubstadt,False,5/100/1/0 | 3/90/0/0 | 0/0/0/0 | 0/0/0/0 | 0/0/0/0,6/109/1/0 | 3/90/0/0 | 0/0/0/0 | 0/0/0/0 | 0/0/0/0
2026-27,DELANTEROS,2488,Marco Luburic,Schwaben Augsb.,Regionalliga,497691,"LIGA PJ, LIGA Min",—,,False,Schwaben Augsb.,False,6/115/0/0 | 2/73/1/0 | 0/0/0/0 | 0/0/0/0 | 0/0/0/0,7/137/0/0 | 2/73/1/0 | 0/0/0/0 | 0/0/0/0 | 0/0/0/0
2026-27,DELANTEROS,2489,Phil Halbauer,SV Sandhausen,Regionalliga,312378,LIGA PJ,—,,False,SV Sandhausen,False,4/97/1/0 | 1/90/0/0 | 0/0/0/0 | 0/0/0/0 | 0/0/0/0,5/97/1/0 | 1/90/0/0 | 0/0/0/0 | 0/0/0/0 | 0/0/0/0
2026-27,DELANTEROS,2497,Josh Kelly,Woking,National League,526852,"LIGA PJ, LIGA Min",—,,False,Woking,False,5/183/1/0 | 0/0/0/0 | 0/0/0/0 | 0/0/0/0 | 0/0/0/0,6/199/1/0 | 0/0/0/0 | 0/0/0/0 | 0/0/0/0 | 0/0/0/0
2026-27,DELANTEROS,2508,Javi Solsona,Orihuela CF,Segunda Federación,842786,"LIGA PJ, LIGA Min",—,,False,Orihuela CF,False,3/160/1/0 | 1/20/0/0 | 0/0/0/0 | 0/0/0/0 | 0/0/0/0,4/250/1/0 | 1/20/0/0 | 0/0/0/0 | 0/0/0/0 | 0/0/0/0
2026-27,DELANTEROS,2512,Álex Ribeiro,Astorga,Segunda Federación,1162648,"LIGA PJ, LIGA Min",—,,False,Astorga,False,3/175/1/0 | 0/0/0/0 | 0/0/0/0 | 0/0/0/0 | 0/0/0/0,4/220/1/0 | 0/0/0/0 | 0/0/0/0 | 0/0/0/0 | 0/0/0/0
2026-27,DELANTEROS,2513,Finn Cramer,BFC Preussen,Regionalliga,1158534,"LIGA PJ, LIGA Min",—,,False,BFC Preussen,False,6/63/0/0 | 2/112/1/0 | 0/0/0/0 | 0/0/0/0 | 0/0/0/0,7/129/0/0 | 2/112/1/0 | 0/0/0/0 | 0/0/0/0 | 0/0/0/0
2026-27,DELANTEROS,2518,Dioni Villalba,Torremolinos,Primera Federación,164402,"LIGA PJ, LIGA Min",—,,False,Torremolinos,False,2/173/1/0 | 0/0/0/0 | 0/0/0/0 | 0/0/0/0 | 0/0/0/0,3/263/1/0 | 0/0/0/0 | 0/0/0/0 | 0/0/0/0 | 0/0/0/0
2026-27,DELANTEROS,2519,David Conejero,Orihuela CF,Segunda Federación,947447,"LIGA PJ, LIGA Min",—,,False,Orihuela CF,False,3/100/1/0 | 2/73/0/0 | 0/0/0/0 | 0/0/0/0 | 0/0/0/0,4/145/1/0 | 2/73/0/0 | 0/0/0/0 | 0/0/0/0 | 0/0/0/0
2026-27,DELANTEROS,2522,Gorka Santamaría,CD Don Benito,Segunda Federación,226812,"LIGA PJ, LIGA Min",—,,False,CD Don Benito,False,2/172/1/0 | 0/0/0/0 | 0/0/0/0 | 0/0/0/0 | 0/0/0/0,3/241/1/0 | 0/0/0/0 | 0/0/0/0 | 0/0/0/0 | 0/0/0/0
2026-27,DELANTEROS,2552,Marvin Mika,TSV Steinbach,Regionalliga,527546,"LIGA PJ, LIGA Min",—,,False,TSV Steinbach,False,5/152/1/0 | 0/0/0/0 | 0/0/0/0 | 0/0/0/0 | 0/0/0/0,6/154/1/0 | 0/0/0/0 | 0/0/0/0 | 0/0/0/0 | 0/0/0/0
2026-27,DELANTEROS,2569,Kahrel Reddin,Altrincham,National League,747571,"LIGA PJ, LIGA Min, LIGA A/CS",—,,False,Altrincham,False,6/136/1/0 | 0/0/0/0 | 0/0/0/0 | 0/0/0/0 | 0/0/0/0,7/210/1/2 | 0/0/0/0 | 0/0/0/0 | 0/0/0/0 | 0/0/0/0
2026-27,DELANTEROS,2576,Alessandro Torri,Ospitaletto,Serie C,897617,"LIGA PJ, LIGA Min",—,,False,Ospitaletto,False,6/132/1/0 | 1/1/0/0 | 0/0/0/0 | 0/0/0/0 | 0/0/0/0,7/134/1/0 | 1/1/0/0 | 0/0/0/0 | 0/0/0/0 | 0/0/0/0
2026-27,DELANTEROS,2578,Thibaut Ehling,Bourg-en-Bresse,Ligue 3,618479,"LIGA PJ, LIGA Min, LIGA G/GC",—,,False,Bourg-en-Bresse,False,3/131/1/0 | 0/0/0/0 | 0/0/0/0 | 0/0/0/0 | 0/0/0/0,4/212/2/0 | 0/0/0/0 | 0/0/0/0 | 0/0/0/0 | 0/0/0/0
2026-27,DELANTEROS,2583,Dominik Martin,FC Memmingen,Regionalliga,1048267,"LIGA PJ, LIGA Min",—,,False,FC Memmingen,False,4/81/1/0 | 2/48/0/0 | 0/0/0/0 | 0/0/0/0 | 0/0/0/0,5/98/1/0 | 2/48/0/0 | 0/0/0/0 | 0/0/0/0 | 0/0/0/0
2026-27,DELANTEROS,2594,Ángel Cerveró,Astorga,Segunda Federación,1427866,"LIGA PJ, LIGA Min",—,,False,Astorga,False,3/124/1/0 | 0/0/0/0 | 0/0/0/0 | 0/0/0/0 | 0/0/0/0,4/210/1/0 | 0/0/0/0 | 0/0/0/0 | 0/0/0/0 | 0/0/0/0
2026-27,DELANTEROS,2598,Gerard Garner,Newport County,League Two,618883,"LIGA PJ, LIGA Min",—,,False,Newport County,False,2/17/0/0 | 2/104/1/0 | 0/0/0/0 | 0/0/0/0 | 0/0/0/0,3/26/0/0 | 2/104/1/0 | 0/0/0/0 | 0/0/0/0 | 0/0/0/0
2026-27,DELANTEROS,2600,Arturo Palma,CD Lugo,Primera Federación,886295,"LIGA PJ, LIGA Min, LIGA A/CS",—,,False,CD Lugo,False,2/120/1/0 | 0/0/0/0 | 0/0/0/0 | 0/0/0/0 | 0/0/0/0,3/210/1/1 | 0/0/0/0 | 0/0/0/0 | 0/0/0/0 | 0/0/0/0
2026-27,DELANTEROS,2602,Adrià Mercadal,At. Sanluqueño,Segunda Federación,632503,"LIGA PJ, LIGA Min",—,,False,At. Sanluqueño,False,3/120/1/0 | 0/0/0/0 | 0/0/0/0 | 0/0/0/0 | 0/0/0/0,4/181/1/0 | 0/0/0/0 | 0/0/0/0 | 0/0/0/0 | 0/0/0/0
2026-27,DELANTEROS,2614,Jan Becker,K. Offenbach,Regionalliga,1155273,"LIGA PJ, LIGA Min",—,,False,K. Offenbach,False,6/113/1/0 | 0/0/0/0 | 0/0/0/0 | 0/0/0/0 | 0/0/0/0,7/135/1/0 | 0/0/0/0 | 0/0/0/0 | 0/0/0/0 | 0/0/0/0
2026-27,DELANTEROS,2615,Pedro Vitor Cruz Magalhaes,Tasmania Berlin,Regionalliga,1128163,"LIGA PJ, LIGA Min",—,,False,Tasmania Berlin,False,2/113/1/0 | 0/0/0/0 | 0/0/0/0 | 0/0/0/0 | 0/0/0/0,3/203/1/0 | 0/0/0/0 | 0/0/0/0 | 0/0/0/0 | 0/0/0/0
2026-27,DELANTEROS,2618,Cosimo da Graça,Novara,Serie C,564795,"LIGA PJ, LIGA Min",—,,False,Novara,False,3/112/1/0 | 0/0/0/0 | 0/0/0/0 | 0/0/0/0 | 0/0/0/0,4/202/1/0 | 0/0/0/0 | 0/0/0/0 | 0/0/0/0 | 0/0/0/0
2026-27,DELANTEROS,2631,Luka Petrovic,FC Memmingen,Regionalliga,934303,"LIGA PJ, LIGA Min",—,,False,FC Memmingen,False,3/30/1/0 | 2/75/0/0 | 0/0/0/0 | 0/0/0/0 | 0/0/0/0,4/38/1/0 | 2/75/0/0 | 0/0/0/0 | 0/0/0/0 | 0/0/0/0
2026-27,DELANTEROS,2643,David Álvarez,G. Segoviana,Segunda Federación,620405,"LIGA PJ, LIGA Min",—,,False,G. Segoviana,False,3/92/1/0 | 0/0/0/0 | 0/0/0/0 | 0/0/0/0 | 0/0/0/0,4/177/1/0 | 0/0/0/0 | 0/0/0/0 | 0/0/0/0 | 0/0/0/0
2026-27,DELANTEROS,2650,Marc Ehrhart,FC 08 Homburg,Regionalliga,741916,"LIGA PJ, LIGA Min",—,,False,FC 08 Homburg,False,6/90/1/0 | 0/0/0/0 | 0/0/0/0 | 0/0/0/0 | 0/0/0/0,7/134/1/0 | 0/0/0/0 | 0/0/0/0 | 0/0/0/0 | 0/0/0/0
2026-27,DELANTEROS,2653,Lucas Röser,SSV Ulm 1846,Regionalliga,115210,"LIGA PJ, LIGA Min",—,,False,SSV Ulm 1846,False,3/89/1/0 | 0/0/0/0 | 0/0/0/0 | 0/0/0/0 | 0/0/0/0,4/104/1/0 | 0/0/0/0 | 0/0/0/0 | 0/0/0/0 | 0/0/0/0
2026-27,DELANTEROS,2661,César Gómez,UD Sanse,Segunda Federación,783882,"LIGA PJ, LIGA Min",—,,False,UD Sanse,False,3/85/1/0 | 0/0/0/0 | 0/0/0/0 | 0/0/0/0 | 0/0/0/0,4/112/1/0 | 0/0/0/0 | 0/0/0/0 | 0/0/0/0 | 0/0/0/0
2026-27,DELANTEROS,2681,Jelle Goselink,K. Offenbach,Regionalliga,458409,"LIGA PJ, LIGA Min",—,,False,K. Offenbach,False,5/72/1/0 | 0/0/0/0 | 0/0/0/0 | 0/0/0/0 | 0/0/0/0,6/94/1/0 | 0/0/0/0 | 0/0/0/0 | 0/0/0/0 | 0/0/0/0
2026-27,DELANTEROS,2688,Ivan Laca,Torremolinos,Primera Federación,663898,"LIGA PJ, LIGA Min, LIGA A/CS",—,,False,Torremolinos,False,4/69/1/0 | 0/0/0/0 | 0/0/0/0 | 0/0/0/0 | 0/0/0/0,5/134/1/1 | 0/0/0/0 | 0/0/0/0 | 0/0/0/0 | 0/0/0/0
2026-27,DELANTEROS,2722,Álex Toper,CD Coria,Primera Federación,1069692,"LIGA PJ, LIGA Min",—,,False,CD Coria,False,1/32/1/0 | 0/0/0/0 | 0/0/0/0 | 0/0/0/0 | 0/0/0/0,2/77/1/0 | 0/0/0/0 | 0/0/0/0 | 0/0/0/0 | 0/0/0/0
2026-27,DELANTEROS,2744,Julien Damelang,Hallescher FC,Regionalliga,996868,"LIGA PJ, LIGA Min",—,,False,Hallescher FC,False,10/708/0/1 | 1/120/0/0 | 0/0/0/0 | 0/0/0/0 | 0/0/0/0,11/738/0/1 | 1/120/0/0 | 0/0/0/0 | 0/0/0/0 | 0/0/0/0
2026-27,DELANTEROS,2746,Sam Taylor,Altrincham,National League,1014223,"LIGA PJ, LIGA Min, LIGA G/GC",—,,False,Altrincham,False,9/810/0/1 | 0/0/0/0 | 0/0/0/0 | 0/0/0/0 | 0/0/0/0,10/900/1/1 | 0/0/0/0 | 0/0/0/0 | 0/0/0/0 | 0/0/0/0
2026-27,DELANTEROS,2753,Emmanuel Dieseruvwe,AFC Rochdale,League Two,268451,"LIGA PJ, LIGA Min",—,,False,AFC Rochdale,False,7/437/0/1 | 3/228/0/0 | 0/0/0/0 | 0/0/0/0 | 0/0/0/0,8/443/0/1 | 3/228/0/0 | 0/0/0/0 | 0/0/0/0 | 0/0/0/0
2026-27,DELANTEROS,2754,Max Dickov,Eastleigh,National League,1406626,"LIGA PJ, LIGA Min",—,,False,Eastleigh,False,8/645/0/1 | 0/0/0/0 | 0/0/0/0 | 0/0/0/0 | 0/0/0/0,9/713/0/1 | 0/0/0/0 | 0/0/0/0 | 0/0/0/0 | 0/0/0/0
2026-27,DELANTEROS,2756,Pascal Moll,TSV Aubstadt,Regionalliga,607856,"LIGA PJ, LIGA Min",—,,False,TSV Aubstadt,False,7/440/0/1 | 3/191/0/0 | 0/0/0/0 | 0/0/0/0 | 0/0/0/0,8/495/0/1 | 3/191/0/0 | 0/0/0/0 | 0/0/0/0 | 0/0/0/0
2026-27,DELANTEROS,2757,Michael Kleinschrodt,VfR Aalen,Regionalliga,284061,"LIGA PJ, LIGA Min, LIGA G/GC",—,,False,VfR Aalen,False,8/629/0/1 | 0/0/0/0 | 0/0/0/0 | 0/0/0/0 | 0/0/0/0,9/719/1/1 | 0/0/0/0 | 0/0/0/0 | 0/0/0/0 | 0/0/0/0
2026-27,DELANTEROS,2769,Konrad Riehle,FCA Walldorf,Regionalliga,623805,"LIGA PJ, LIGA Min",—,,False,FCA Walldorf,False,8/519/0/1 | 1/45/0/0 | 0/0/0/0 | 0/0/0/0 | 0/0/0/0,9/588/0/1 | 1/45/0/0 | 0/0/0/0 | 0/0/0/0 | 0/0/0/0
2026-27,DELANTEROS,2779,Eric Voufack,TSV Havelse,3. Liga,452563,"LIGA PJ, LIGA Min",—,,False,TSV Havelse,False,6/487/0/1 | 0/0/0/0 | 0/0/0/0 | 0/0/0/0 | 0/0/0/0,7/577/0/1 | 0/0/0/0 | 0/0/0/0 | 0/0/0/0 | 0/0/0/0
2026-27,DELANTEROS,2790,Charlie Kirk,Altrincham,National League,421443,"LIGA PJ, LIGA Min, LIGA G/GC",—,,False,Altrincham,False,9/464/0/1 | 0/0/0/0 | 0/0/0/0 | 0/0/0/0 | 0/0/0/0,10/538/1/1 | 0/0/0/0 | 0/0/0/0 | 0/0/0/0 | 0/0/0/0
2026-27,DELANTEROS,2800,Alan Kerouedan,Cannes,Ligue 3,395244,"LIGA PJ, LIGA Min",—,,False,Cannes,False,7/439/0/1 | 0/0/0/0 | 0/0/0/0 | 0/0/0/0 | 0/0/0/0,8/529/0/1 | 0/0/0/0 | 0/0/0/0 | 0/0/0/0 | 0/0/0/0
2026-27,DELANTEROS,2823,Adama Diakité,FC Villefranche,Ligue 3,808838,"LIGA PJ, LIGA Min, LIGA G/GC",—,,False,FC Villefranche,False,6/387/0/1 | 0/0/0/0 | 0/0/0/0 | 0/0/0/0 | 0/0/0/0,7/466/1/1 | 0/0/0/0 | 0/0/0/0 | 0/0/0/0 | 0/0/0/0
2026-27,DELANTEROS,2833,Cornelius Pfeiffer,Unterhaching,Regionalliga,1046239,"LIGA PJ, LIGA Min",—,,False,Unterhaching,False,8/289/0/1 | 3/72/0/0 | 0/0/0/0 | 0/0/0/0 | 0/0/0/0,9/319/0/1 | 3/72/0/0 | 0/0/0/0 | 0/0/0/0 | 0/0/0/0
2026-27,DELANTEROS,2844,Diego Díaz,CD Extremadura,Primera Federación,439488,"LIGA PJ, LIGA Min",—,,False,CD Extremadura,False,4/352/0/1 | 0/0/0/0 | 0/0/0/0 | 0/0/0/0 | 0/0/0/0,5/412/0/1 | 0/0/0/0 | 0/0/0/0 | 0/0/0/0 | 0/0/0/0
2026-27,DELANTEROS,2849,José Manuel Raigal,Águilas FC,Primera Federación,565242,"LIGA PJ, LIGA Min",—,,False,Águilas FC,False,4/342/0/1 | 0/0/0/0 | 0/0/0/0 | 0/0/0/0 | 0/0/0/0,5/432/0/1 | 0/0/0/0 | 0/0/0/0 | 0/0/0/0 | 0/0/0/0
2026-27,DELANTEROS,2853,Emre Böyükata,Hessen Kassel,Regionalliga,1202448,"LIGA PJ, LIGA Min",—,,False,Hessen Kassel,False,8/341/0/1 | 0/0/0/0 | 0/0/0/0 | 0/0/0/0 | 0/0/0/0,9/351/0/1 | 0/0/0/0 | 0/0/0/0 | 0/0/0/0 | 0/0/0/0
2026-27,DELANTEROS,2854,İlkan Atak,FV Illertissen,Regionalliga,1064289,"LIGA PJ, LIGA Min",—,,False,FV Illertissen,False,9/321/0/1 | 1/18/0/0 | 0/0/0/0 | 0/0/0/0 | 0/0/0/0,10/367/0/1 | 1/18/0/0 | 0/0/0/0 | 0/0/0/0 | 0/0/0/0
2026-27,DELANTEROS,2859,Jaume Tovar,Sant Andreu,Primera Federación,784722,"LIGA PJ, LIGA Min",—,,False,Sant Andreu,False,4/330/0/1 | 0/0/0/0 | 0/0/0/0 | 0/0/0/0 | 0/0/0/0,5/350/0/1 | 0/0/0/0 | 0/0/0/0 | 0/0/0/0 | 0/0/0/0
2026-27,DELANTEROS,2862,Nicolas Wähling,SG Barockstadt,Regionalliga,282180,"LIGA PJ, LIGA Min",—,,False,SG Barockstadt,False,8/326/0/1 | 0/0/0/0 | 0/0/0/0 | 0/0/0/0 | 0/0/0/0,9/370/0/1 | 0/0/0/0 | 0/0/0/0 | 0/0/0/0 | 0/0/0/0
2026-27,DELANTEROS,2866,Tom Gaida,Eintracht Trier,Regionalliga,1120596,"LIGA PJ, LIGA Min",—,,False,Eintracht Trier,False,5/229/0/1 | 1/90/0/0 | 0/0/0/0 | 0/0/0/0 | 0/0/0/0,6/249/0/1 | 1/90/0/0 | 0/0/0/0 | 0/0/0/0 | 0/0/0/0
2026-27,DELANTEROS,2868,Raphael Ott,1860 München,Regionalliga,897060,"LIGA PJ, LIGA Min",—,,False,1860 München,False,5/245/0/1 | 1/72/0/0 | 0/0/0/0 | 0/0/0/0 | 0/0/0/0,6/311/0/1 | 1/72/0/0 | 0/0/0/0 | 0/0/0/0 | 0/0/0/0
2026-27,DELANTEROS,2888,Cédric Odzoumo,FC Versailles,Ligue 3,494208,"LIGA PJ, LIGA Min",—,,False,FC Versailles,False,5/278/0/1 | 0/0/0/0 | 0/0/0/0 | 0/0/0/0 | 0/0/0/0,6/302/0/1 | 0/0/0/0 | 0/0/0/0 | 0/0/0/0 | 0/0/0/0
2026-27,DELANTEROS,2892,Mario Losada,Zamora CF,Primera Federación,677181,"LIGA PJ, LIGA Min",—,,False,Zamora CF,False,4/272/0/1 | 0/0/0/0 | 0/0/0/0 | 0/0/0/0 | 0/0/0/0,5/288/0/1 | 0/0/0/0 | 0/0/0/0 | 0/0/0/0 | 0/0/0/0
2026-27,DELANTEROS,2896,Sahid Kamara,Southend United,National League,965621,"LIGA PJ, LIGA Min",—,,False,Southend United,False,6/266/0/1 | 0/0/0/0 | 0/0/0/0 | 0/0/0/0 | 0/0/0/0,7/302/0/1 | 0/0/0/0 | 0/0/0/0 | 0/0/0/0 | 0/0/0/0
2026-27,DELANTEROS,2909,Kirsten Otchere,Cheltenham,League Two,1120515,"LIGA PJ, LIGA Min",—,,False,Cheltenham,False,6/139/0/0 | 2/115/0/1 | 0/0/0/0 | 0/0/0/0 | 0/0/0/0,7/142/0/0 | 2/115/0/1 | 0/0/0/0 | 0/0/0/0 | 0/0/0/0
2026-27,DELANTEROS,2924,Christ Letono,Amiens SC,Ligue 3,1069038,"LIGA PJ, LIGA Min, LIGA G/GC",—,,False,Amiens SC,False,3/231/0/1 | 0/0/0/0 | 0/0/0/0 | 0/0/0/0 | 0/0/0/0,4/302/1/1 | 0/0/0/0 | 0/0/0/0 | 0/0/0/0 | 0/0/0/0
2026-27,DELANTEROS,2925,Lorenzo Lischetti,Vado,Serie C,1050787,"LIGA PJ, LIGA Min",—,,False,Vado,False,2/114/0/1 | 2/117/0/0 | 0/0/0/0 | 0/0/0/0 | 0/0/0/0,3/115/0/1 | 2/117/0/0 | 0/0/0/0 | 0/0/0/0 | 0/0/0/0
2026-27,DELANTEROS,2934,Giuseppe D'Agostino,Savoia,Serie C,662562,"LIGA PJ, LIGA Min",—,,False,Savoia,False,3/163/0/1 | 1/60/0/0 | 0/0/0/0 | 0/0/0/0 | 0/0/0/0,4/171/0/1 | 1/60/0/0 | 0/0/0/0 | 0/0/0/0 | 0/0/0/0
2026-27,DELANTEROS,2935,Mo Dauda,CD Lugo,Primera Federación,360711,"LIGA PJ, LIGA Min",—,,False,CD Lugo,False,4/219/0/1 | 0/0/0/0 | 0/0/0/0 | 0/0/0/0 | 0/0/0/0,5/298/0/1 | 0/0/0/0 | 0/0/0/0 | 0/0/0/0 | 0/0/0/0
2026-27,DELANTEROS,2936,Filippo Scotti,Savoia,Serie C,938676,"LIGA PJ, LIGA Min, LIGA G/GC",—,,False,Savoia,False,6/97/0/0 | 2/120/0/1 | 0/0/0/0 | 0/0/0/0 | 0/0/0/0,7/142/1/0 | 2/120/0/1 | 0/0/0/0 | 0/0/0/0 | 0/0/0/0
2026-27,DELANTEROS,2962,Albert Adomah,FC Walsall,League Two,83430,"LIGA PJ, LIGA Min",—,,False,FC Walsall,False,4/19/0/0 | 2/147/0/1 | 0/0/0/0 | 0/0/0/0 | 0/0/0/0,5/32/0/0 | 2/147/0/1 | 0/0/0/0 | 0/0/0/0 | 0/0/0/0
2026-27,DELANTEROS,2965,Ely Julien,Amiens SC,Ligue 3,1070115,"LIGA PJ, LIGA Min",—,,False,Amiens SC,False,5/155/0/1 | 0/0/0/0 | 0/0/0/0 | 0/0/0/0 | 0/0/0/0,6/174/0/1 | 0/0/0/0 | 0/0/0/0 | 0/0/0/0 | 0/0/0/0
2026-27,DELANTEROS,2966,Garath McCleary,Gillingham,League Two,69653,"LIGA PJ, LIGA Min",—,,False,Gillingham,False,5/109/0/1 | 1/45/0/0 | 0/0/0/0 | 0/0/0/0 | 0/0/0/0,6/168/0/1 | 1/45/0/0 | 0/0/0/0 | 0/0/0/0 | 0/0/0/0
2026-27,DELANTEROS,2973,Niklas Antlitz,VfR Aalen,Regionalliga,329372,"LIGA PJ, LIGA Min",—,,False,VfR Aalen,False,7/147/0/1 | 0/0/0/0 | 0/0/0/0 | 0/0/0/0 | 0/0/0/0,8/225/0/1 | 0/0/0/0 | 0/0/0/0 | 0/0/0/0 | 0/0/0/0
2026-27,DELANTEROS,2975,Mariano Aké,CD Ebro,Segunda Federación,896472,"LIGA PJ, LIGA Min",—,,False,CD Ebro,False,3/146/0/1 | 0/0/0/0 | 0/0/0/0 | 0/0/0/0 | 0/0/0/0,4/183/0/1 | 0/0/0/0 | 0/0/0/0 | 0/0/0/0 | 0/0/0/0
2026-27,DELANTEROS,2985,Giacomo Gabbiani,Livorno,Serie C,897668,"LIGA PJ, LIGA Min, LIGA G/GC",—,,False,Livorno,False,4/120/0/1 | 1/16/0/0 | 0/0/0/0 | 0/0/0/0 | 0/0/0/0,5/192/2/1 | 1/16/0/0 | 0/0/0/0 | 0/0/0/0 | 0/0/0/0
2026-27,DELANTEROS,2986,Mattia Valente,Ospitaletto,Serie C,1284513,"LIGA PJ, LIGA Min",—,,False,Ospitaletto,False,6/113/0/1 | 1/19/0/0 | 0/0/0/0 | 0/0/0/0 | 0/0/0/0,7/115/0/1 | 1/19/0/0 | 0/0/0/0 | 0/0/0/0 | 0/0/0/0
2026-27,DELANTEROS,2991,Luhe Brun,G. Segoviana,Segunda Federación,1580893,"LIGA PJ, LIGA Min",—,,False,G. Segoviana,False,3/126/0/1 | 0/0/0/0 | 0/0/0/0 | 0/0/0/0 | 0/0/0/0,4/142/0/1 | 0/0/0/0 | 0/0/0/0 | 0/0/0/0 | 0/0/0/0
2026-27,DELANTEROS,3001,Javi Avilés,Algeciras CF,Primera Federación,456938,"LIGA PJ, LIGA Min, LIGA G/GC",—,,False,Algeciras CF,False,4/113/0/1 | 0/0/0/0 | 0/0/0/0 | 0/0/0/0 | 0/0/0/0,5/127/1/1 | 0/0/0/0 | 0/0/0/0 | 0/0/0/0 | 0/0/0/0
2026-27,DELANTEROS,3014,Richard Martínez,Manresa,Segunda Federación,1245752,"LIGA PJ, LIGA Min",—,,False,Manresa,False,3/98/0/1 | 0/0/0/0 | 0/0/0/0 | 0/0/0/0 | 0/0/0/0,4/164/0/1 | 0/0/0/0 | 0/0/0/0 | 0/0/0/0 | 0/0/0/0
2026-27,DELANTEROS,3018,Unai Buján,Arenas Club,Primera Federación,634543,"LIGA PJ, LIGA Min",—,,False,Arenas Club,False,4/95/0/1 | 0/0/0/0 | 0/0/0/0 | 0/0/0/0 | 0/0/0/0,5/174/0/1 | 0/0/0/0 | 0/0/0/0 | 0/0/0/0 | 0/0/0/0
2026-27,DELANTEROS,3023,Aboudoul-Rachid Tchadjei,BFC Preussen,Regionalliga,451931,"LIGA PJ, LIGA Min",—,,False,BFC Preussen,False,2/41/0/1 | 1/45/0/0 | 0/0/0/0 | 0/0/0/0 | 0/0/0/0,3/65/0/1 | 1/45/0/0 | 0/0/0/0 | 0/0/0/0 | 0/0/0/0
2026-27,DELANTEROS,3029,Imanol Barace,CD Extremadura,Primera Federación,614217,"LIGA PJ, LIGA Min",—,,False,CD Extremadura,False,1/77/0/1 | 0/0/0/0 | 0/0/0/0 | 0/0/0/0 | 0/0/0/0,2/86/0/1 | 0/0/0/0 | 0/0/0/0 | 0/0/0/0 | 0/0/0/0
2026-27,DELANTEROS,3030,Jannik Mause,Fortuna Köln,3. Liga,331515,"LIGA PJ, LIGA Min, LIGA G/GC, LIGA A/CS",—,,False,Fortuna Köln,False,3/75/0/1 | 0/0/0/0 | 0/0/0/0 | 0/0/0/0 | 0/0/0/0,4/96/1/2 | 0/0/0/0 | 0/0/0/0 | 0/0/0/0 | 0/0/0/0
2026-27,DELANTEROS,3041,Henrick Selitaj,VfR Aalen,Regionalliga,825934,"LIGA PJ, LIGA Min",—,,False,VfR Aalen,False,4/60/0/1 | 0/0/0/0 | 0/0/0/0 | 0/0/0/0 | 0/0/0/0,5/76/0/1 | 0/0/0/0 | 0/0/0/0 | 0/0/0/0 | 0/0/0/0
2026-27,DELANTEROS,3050,Tommy Montenegro,Linares,Segunda Federación,894320,"LIGA PJ, LIGA Min",—,,False,Linares,False,2/35/0/1 | 0/0/0/0 | 0/0/0/0 | 0/0/0/0 | 0/0/0/0,3/45/0/1 | 0/0/0/0 | 0/0/0/0 | 0/0/0/0 | 0/0/0/0
2026-27,DELANTEROS,3051,Unai Ropero,Racing Ferrol,Primera Federación,718029,"LIGA PJ, LIGA Min",—,,False,Racing Ferrol,False,2/34/0/1 | 0/0/0/0 | 0/0/0/0 | 0/0/0/0 | 0/0/0/0,3/59/0/1 | 0/0/0/0 | 0/0/0/0 | 0/0/0/0 | 0/0/0/0
2026-27,DELANTEROS,3069,Lewis McCann,Fleetwood,League Two,586938,"LIGA PJ, LIGA Min",—,,False,Fleetwood,False,7/630/0/0 | 4/297/0/0 | 0/0/0/0 | 0/0/0/0 | 0/0/0/0,8/720/0/0 | 4/297/0/0 | 0/0/0/0 | 0/0/0/0 | 0/0/0/0
2026-27,DELANTEROS,3079,Phinees Bonianga,Hessen Kassel,Regionalliga,521143,"LIGA PJ, LIGA Min",—,,False,Hessen Kassel,False,8/647/0/0 | 0/0/0/0 | 0/0/0/0 | 0/0/0/0 | 0/0/0/0,9/703/0/0 | 0/0/0/0 | 0/0/0/0 | 0/0/0/0 | 0/0/0/0
2026-27,DELANTEROS,3088,Otis Khan,Altrincham,National League,318799,"LIGA PJ, LIGA Min",—,,False,Altrincham,False,7/589/0/0 | 0/0/0/0 | 0/0/0/0 | 0/0/0/0 | 0/0/0/0,8/671/0/0 | 0/0/0/0 | 0/0/0/0 | 0/0/0/0 | 0/0/0/0
2026-27,DELANTEROS,3094,Claudio Santini,Desenzano,Serie C,281872,"LIGA PJ, LIGA Min",—,,False,Desenzano,False,6/466/0/0 | 1/81/0/0 | 0/0/0/0 | 0/0/0/0 | 0/0/0/0,7/556/0/0 | 1/81/0/0 | 0/0/0/0 | 0/0/0/0 | 0/0/0/0
2026-27,DELANTEROS,3099,Kevin Schumacher,TSV Havelse,3. Liga,368922,"LIGA PJ, LIGA Min",—,,False,TSV Havelse,False,6/540/0/0 | 0/0/0/0 | 0/0/0/0 | 0/0/0/0 | 0/0/0/0,7/624/0/0 | 0/0/0/0 | 0/0/0/0 | 0/0/0/0 | 0/0/0/0
2026-27,DELANTEROS,3103,Jermaine Francis,Sutton Utd,National League,1171100,"SEL PJ, SEL Min",—,,False,Sutton Utd,False,7/343/0/0 | 2/180/0/0 | 0/0/0/0 | 0/0/0/0 | 0/0/0/0,7/343/0/0 | 2/180/0/0 | 0/0/0/0 | 0/0/0/0 | 1/35/0/0
2026-27,DELANTEROS,3105,Luca Magazzú,Giana Erminio,Serie C,567462,"LIGA PJ, LIGA Min",—,,False,Giana Erminio,False,6/447/0/0 | 2/75/0/0 | 0/0/0/0 | 0/0/0/0 | 0/0/0/0,7/507/0/0 | 2/75/0/0 | 0/0/0/0 | 0/0/0/0 | 0/0/0/0
2026-27,DELANTEROS,3107,Adama Diarrassouba,Cavese,Serie C,534244,"LIGA PJ, LIGA Min",—,,False,Cavese,False,5/441/0/0 | 1/76/0/0 | 0/0/0/0 | 0/0/0/0 | 0/0/0/0,6/462/0/0 | 1/76/0/0 | 0/0/0/0 | 0/0/0/0 | 0/0/0/0
2026-27,DELANTEROS,3108,Samuele Sava,Cavese,Serie C,1059529,"LIGA PJ, LIGA Min",—,,False,Cavese,False,6/419/0/0 | 1/90/0/0 | 0/0/0/0 | 0/0/0/0 | 0/0/0/0,7/488/0/0 | 1/90/0/0 | 0/0/0/0 | 0/0/0/0 | 0/0/0/0
2026-27,DELANTEROS,3112,Niccolò Corti,Pergolettese,Serie C,539186,"LIGA PJ, LIGA Min",—,,False,Pergolettese,False,5/415/0/0 | 1/87/0/0 | 0/0/0/0 | 0/0/0/0 | 0/0/0/0,6/442/0/0 | 1/87/0/0 | 0/0/0/0 | 0/0/0/0 | 0/0/0/0
2026-27,DELANTEROS,3116,Kevin Biondi,Desenzano,Serie C,499678,"LIGA PJ, LIGA Min",—,,False,Desenzano,False,5/402/0/0 | 2/93/0/0 | 0/0/0/0 | 0/0/0/0 | 0/0/0/0,6/492/0/0 | 2/93/0/0 | 0/0/0/0 | 0/0/0/0 | 0/0/0/0
2026-27,DELANTEROS,3117,Alessandro Pellegrino,Pineto,Serie C,928054,"LIGA PJ, LIGA Min",—,,False,Pineto,False,6/491/0/0 | 0/0/0/0 | 0/0/0/0 | 0/0/0/0 | 0/0/0/0,7/556/0/0 | 0/0/0/0 | 0/0/0/0 | 0/0/0/0 | 0/0/0/0
2026-27,DELANTEROS,3125,Julien Kurowski,SF Lotte,Regionalliga,1162333,"LIGA PJ, LIGA Min",—,,False,SF Lotte,False,8/357/0/0 | 2/111/0/0 | 0/0/0/0 | 0/0/0/0 | 0/0/0/0,9/366/0/0 | 2/111/0/0 | 0/0/0/0 | 0/0/0/0 | 0/0/0/0
2026-27,DELANTEROS,3127,Patrick Jones,Scunthorpe Utd.,National League,720269,"LIGA PJ, LIGA Min, LIGA G/GC",—,,False,Scunthorpe Utd.,False,6/462/0/0 | 0/0/0/0 | 0/0/0/0 | 0/0/0/0 | 0/0/0/0,7/526/1/0 | 0/0/0/0 | 0/0/0/0 | 0/0/0/0 | 0/0/0/0
2026-27,DELANTEROS,3133,Markus Lohner,VfB Eichstätt,Regionalliga,1156429,"LIGA PJ, LIGA Min",—,,False,VfB Eichstätt,False,10/364/0/0 | 2/90/0/0 | 0/0/0/0 | 0/0/0/0 | 0/0/0/0,11/454/0/0 | 2/90/0/0 | 0/0/0/0 | 0/0/0/0 | 0/0/0/0
2026-27,DELANTEROS,3157,Tai Sodje,FC Walsall,League Two,812683,"LIGA PJ, LIGA Min",—,,False,FC Walsall,False,6/281/0/0 | 2/135/0/0 | 0/0/0/0 | 0/0/0/0 | 0/0/0/0,7/313/0/0 | 2/135/0/0 | 0/0/0/0 | 0/0/0/0 | 0/0/0/0
2026-27,DELANTEROS,3160,Jonathan Rivas,FC Fleury 91,Ligue 3,267778,"LIGA PJ, LIGA Min",—,,False,FC Fleury 91,False,6/411/0/0 | 0/0/0/0 | 0/0/0/0 | 0/0/0/0 | 0/0/0/0,7/421/0/0 | 0/0/0/0 | 0/0/0/0 | 0/0/0/0 | 0/0/0/0
2026-27,DELANTEROS,3161,Plamedi Nsingi,Le Puy FC,Ligue 3,1027557,"LIGA PJ, LIGA Min",—,,False,Le Puy FC,False,7/408/0/0 | 0/0/0/0 | 0/0/0/0 | 0/0/0/0 | 0/0/0/0,8/493/0/0 | 0/0/0/0 | 0/0/0/0 | 0/0/0/0 | 0/0/0/0
2026-27,DELANTEROS,3171,Brandon Njoku,Sutton Utd,National League,976070,"LIGA PJ, LIGA Min, LIGA G/GC",—,,False,Sutton Utd,False,6/256/0/0 | 2/141/0/0 | 0/0/0/0 | 0/0/0/0 | 0/0/0/0,7/275/1/0 | 2/141/0/0 | 0/0/0/0 | 0/0/0/0 | 0/0/0/0
2026-27,DELANTEROS,3174,Jordan Young,Worthing,National League,321413,"LIGA PJ, LIGA Min, LIGA G/GC, LIGA A/CS",—,,False,Worthing,False,6/312/0/0 | 1/77/0/0 | 0/0/0/0 | 0/0/0/0 | 0/0/0/0,7/383/1/1 | 1/77/0/0 | 0/0/0/0 | 0/0/0/0 | 0/0/0/0
2026-27,DELANTEROS,3180,Eliakim Kukanda,RSV Eintracht,Regionalliga,522176,"LIGA PJ, LIGA Min",—,,False,RSV Eintracht,False,4/315/0/0 | 1/68/0/0 | 0/0/0/0 | 0/0/0/0 | 0/0/0/0,5/379/0/0 | 1/68/0/0 | 0/0/0/0 | 0/0/0/0 | 0/0/0/0
2026-27,DELANTEROS,3186,Aness Gharbi,Bourg-en-Bresse,Ligue 3,1356158,"LIGA PJ, LIGA Min, LIGA A/CS",—,,False,Bourg-en-Bresse,False,6/376/0/0 | 0/0/0/0 | 0/0/0/0 | 0/0/0/0 | 0/0/0/0,7/446/0/1 | 0/0/0/0 | 0/0/0/0 | 0/0/0/0 | 0/0/0/0
2026-27,DELANTEROS,3188,Moritz Reinhard,SG Barockstadt,Regionalliga,625147,"LIGA PJ, LIGA Min",—,,False,SG Barockstadt,False,8/374/0/0 | 0/0/0/0 | 0/0/0/0 | 0/0/0/0 | 0/0/0/0,9/420/0/0 | 0/0/0/0 | 0/0/0/0 | 0/0/0/0 | 0/0/0/0
2026-27,DELANTEROS,3191,Walid Bouaziz,Aubagne Air Bel,Ligue 3,1023838,"LIGA PJ, LIGA Min, LIGA G/GC",—,,False,Aubagne Air Bel,False,5/371/0/0 | 0/0/0/0 | 0/0/0/0 | 0/0/0/0 | 0/0/0/0,6/461/2/0 | 0/0/0/0 | 0/0/0/0 | 0/0/0/0 | 0/0/0/0
2026-27,DELANTEROS,3195,Aron Sasu,AFC Wimbledon,League One,874429,"LIGA PJ, LIGA Min",—,,False,AFC Wimbledon,False,6/217/0/0 | 3/146/0/0 | 0/0/0/0 | 0/0/0/0 | 0/0/0/0,7/307/0/0 | 3/146/0/0 | 0/0/0/0 | 0/0/0/0 | 0/0/0/0
2026-27,DELANTEROS,3202,Ryan Colclough,Southend United,National League,242802,"LIGA PJ, LIGA Min, LIGA G/GC",—,,False,Southend United,False,8/359/0/0 | 0/0/0/0 | 0/0/0/0 | 0/0/0/0 | 0/0/0/0,9/395/1/0 | 0/0/0/0 | 0/0/0/0 | 0/0/0/0 | 0/0/0/0
2026-27,DELANTEROS,3206,Joan Prohens,Gimnàstic,Primera Federación,1063342,"LIGA PJ, LIGA Min",—,,False,Gimnàstic,False,4/355/0/0 | 0/0/0/0 | 0/0/0/0 | 0/0/0/0 | 0/0/0/0,5/440/0/0 | 0/0/0/0 | 0/0/0/0 | 0/0/0/0 | 0/0/0/0
2026-27,DELANTEROS,3214,Pasquale Marranzino,Sambenedettese,Serie C,703246,"LIGA PJ, LIGA Min, LIGA G/GC",—,,False,Sambenedettese,False,5/293/0/0 | 2/53/0/0 | 0/0/0/0 | 0/0/0/0 | 0/0/0/0,6/366/1/0 | 2/53/0/0 | 0/0/0/0 | 0/0/0/0 | 0/0/0/0
2026-27,DELANTEROS,3217,James Daly,Yeovil Town,National League,577779,"LIGA PJ, LIGA Min",—,,False,Yeovil Town,False,7/345/0/0 | 0/0/0/0 | 0/0/0/0 | 0/0/0/0 | 0/0/0/0,8/428/0/0 | 0/0/0/0 | 0/0/0/0 | 0/0/0/0 | 0/0/0/0
2026-27,DELANTEROS,3221,Alessandro Faggioli,Sambenedettese,Serie C,488515,"LIGA PJ, LIGA Min",—,,False,Sambenedettese,False,4/254/0/0 | 1/89/0/0 | 0/0/0/0 | 0/0/0/0 | 0/0/0/0,5/271/0/0 | 1/89/0/0 | 0/0/0/0 | 0/0/0/0 | 0/0/0/0
2026-27,DELANTEROS,3248,Chiqui,CD Lugo,Primera Federación,729187,"LIGA PJ, LIGA Min",—,,False,CD Lugo,False,4/323/0/0 | 0/0/0/0 | 0/0/0/0 | 0/0/0/0 | 0/0/0/0,5/394/0/0 | 0/0/0/0 | 0/0/0/0 | 0/0/0/0 | 0/0/0/0
2026-27,DELANTEROS,3257,Pau Miguélez,Sestao River ,Segunda Federación,341265,"LIGA PJ, LIGA Min",—,,False,Sestao River ,False,3/241/0/0 | 2/80/0/0 | 0/0/0/0 | 0/0/0/0 | 0/0/0/0,4/331/0/0 | 2/80/0/0 | 0/0/0/0 | 0/0/0/0 | 0/0/0/0
2026-27,DELANTEROS,3262,Jamie Reid,Reading,League One,250840,"LIGA PJ, LIGA Min",—,,False,Reading,False,4/181/0/0 | 2/138/0/0 | 0/0/0/0 | 0/0/0/0 | 0/0/0/0,5/187/0/0 | 2/138/0/0 | 0/0/0/0 | 0/0/0/0 | 0/0/0/0
2026-27,DELANTEROS,3267,Jordy Hiwula,Gateshead,National League,201576,"LIGA PJ, LIGA Min",—,,False,Gateshead,False,4/226/0/0 | 1/90/0/0 | 0/0/0/0 | 0/0/0/0 | 0/0/0/0,5/288/0/0 | 1/90/0/0 | 0/0/0/0 | 0/0/0/0 | 0/0/0/0
2026-27,DELANTEROS,3283,Alexis García,Sant Andreu,Primera Federación,1147579,"LIGA PJ, LIGA Min, LIGA G/GC",—,,False,Sant Andreu,False,4/304/0/0 | 0/0/0/0 | 0/0/0/0 | 0/0/0/0 | 0/0/0/0,5/324/1/0 | 0/0/0/0 | 0/0/0/0 | 0/0/0/0 | 0/0/0/0
2026-27,DELANTEROS,3288,Sam Folarin,Sutton Utd,National League,670658,"LIGA PJ, LIGA Min",—,,False,Sutton Utd,False,6/212/0/0 | 2/90/0/0 | 0/0/0/0 | 0/0/0/0 | 0/0/0/0,7/219/0/0 | 2/90/0/0 | 0/0/0/0 | 0/0/0/0 | 0/0/0/0
2026-27,DELANTEROS,3294,Diego Iglesias,Algeciras CF,Primera Federación,710483,"LIGA PJ, LIGA Min",—,,False,Algeciras CF,False,4/299/0/0 | 0/0/0/0 | 0/0/0/0 | 0/0/0/0 | 0/0/0/0,5/320/0/0 | 0/0/0/0 | 0/0/0/0 | 0/0/0/0 | 0/0/0/0
2026-27,DELANTEROS,3298,Moritz Kaube,SC Verl,3. Liga,818807,"COPA PJ, COPA Min",—,,False,SC Verl,False,5/166/0/0 | 2/131/0/0 | 0/0/0/0 | 0/0/0/0 | 0/0/0/0,5/166/0/0 | 3/144/0/0 | 0/0/0/0 | 0/0/0/0 | 0/0/0/0
2026-27,DELANTEROS,3302,Ander Yoldi,UD Ibiza,Primera Federación,635581,"LIGA PJ, LIGA Min",—,,False,UD Ibiza,False,4/293/0/0 | 0/0/0/0 | 0/0/0/0 | 0/0/0/0 | 0/0/0/0,5/338/0/0 | 0/0/0/0 | 0/0/0/0 | 0/0/0/0 | 0/0/0/0
2026-27,DELANTEROS,3309,Abdelmalek Amara,Paris 13 Atl.,Ligue 3,592984,"LIGA PJ, LIGA Min",—,,False,Paris 13 Atl.,False,6/289/0/0 | 0/0/0/0 | 0/0/0/0 | 0/0/0/0 | 0/0/0/0,7/309/0/0 | 0/0/0/0 | 0/0/0/0 | 0/0/0/0 | 0/0/0/0
2026-27,DELANTEROS,3310,Ken Mata,SpVgg Ansbach,Regionalliga,684310,"LIGA PJ, LIGA Min",—,,False,SpVgg Ansbach,False,6/229/0/0 | 1/60/0/0 | 0/0/0/0 | 0/0/0/0 | 0/0/0/0,7/258/0/0 | 1/60/0/0 | 0/0/0/0 | 0/0/0/0 | 0/0/0/0
2026-27,DELANTEROS,3320,Justin Amaluzor,Grimsby Town,League Two,380026,"LIGA PJ, LIGA Min",—,,False,Grimsby Town,False,3/203/0/0 | 2/78/0/0 | 0/0/0/0 | 0/0/0/0 | 0/0/0/0,4/220/0/0 | 2/78/0/0 | 0/0/0/0 | 0/0/0/0 | 0/0/0/0
2026-27,DELANTEROS,3322,Kike Márquez,CD Extremadura,Primera Federación,101733,"LIGA PJ, LIGA Min",—,,False,CD Extremadura,False,4/280/0/0 | 0/0/0/0 | 0/0/0/0 | 0/0/0/0 | 0/0/0/0,5/370/0/0 | 0/0/0/0 | 0/0/0/0 | 0/0/0/0 | 0/0/0/0
2026-27,DELANTEROS,3326,Bryan Labissiere,Thionville Lus.,Ligue 3,272630,"LIGA PJ, LIGA Min",—,,False,Thionville Lus.,False,6/277/0/0 | 0/0/0/0 | 0/0/0/0 | 0/0/0/0 | 0/0/0/0,7/339/0/0 | 0/0/0/0 | 0/0/0/0 | 0/0/0/0 | 0/0/0/0
2026-27,DELANTEROS,3350,Miguel Garci,UD Sanse,Segunda Federación,251852,"LIGA PJ, LIGA Min",—,,False,UD Sanse,False,3/269/0/0 | 0/0/0/0 | 0/0/0/0 | 0/0/0/0 | 0/0/0/0,4/359/0/0 | 0/0/0/0 | 0/0/0/0 | 0/0/0/0 | 0/0/0/0
2026-27,DELANTEROS,3353,Enzo Wirtz,Fortuna Köln,3. Liga,360625,"LIGA PJ, LIGA Min, LIGA G/GC",—,,False,Fortuna Köln,False,5/266/0/0 | 0/0/0/0 | 0/0/0/0 | 0/0/0/0 | 0/0/0/0,6/302/1/0 | 0/0/0/0 | 0/0/0/0 | 0/0/0/0 | 0/0/0/0
2026-27,DELANTEROS,3359,Fer Ruiz,UD Sanse,Segunda Federación,149483,"LIGA PJ, LIGA Min",—,,False,UD Sanse,False,3/263/0/0 | 0/0/0/0 | 0/0/0/0 | 0/0/0/0 | 0/0/0/0,4/353/0/0 | 0/0/0/0 | 0/0/0/0 | 0/0/0/0 | 0/0/0/0
2026-27,DELANTEROS,3361,Aly Sidibé,Concarneau,Ligue 3,1126376,"LIGA PJ, LIGA Min",—,,False,Concarneau,False,7/263/0/0 | 0/0/0/0 | 0/0/0/0 | 0/0/0/0 | 0/0/0/0,8/283/0/0 | 0/0/0/0 | 0/0/0/0 | 0/0/0/0 | 0/0/0/0
2026-27,DELANTEROS,3363,Alberto Guti,Terrassa FC,Segunda Federación,523994,"LIGA PJ, LIGA Min",—,,False,Terrassa FC,False,3/83/0/0 | 2/178/0/0 | 0/0/0/0 | 0/0/0/0 | 0/0/0/0,4/96/0/0 | 2/178/0/0 | 0/0/0/0 | 0/0/0/0 | 0/0/0/0
2026-27,DELANTEROS,3364,Rubén Sanchidrián,G. Segoviana,Segunda Federación,606572,"LIGA PJ, LIGA Min",—,,False,G. Segoviana,False,3/261/0/0 | 0/0/0/0 | 0/0/0/0 | 0/0/0/0 | 0/0/0/0,4/327/0/0 | 0/0/0/0 | 0/0/0/0 | 0/0/0/0 | 0/0/0/0
2026-27,DELANTEROS,3395,Isma García,At. Sanluqueño,Segunda Federación,1130178,"LIGA PJ, LIGA Min",—,,False,At. Sanluqueño,False,3/248/0/0 | 0/0/0/0 | 0/0/0/0 | 0/0/0/0 | 0/0/0/0,4/277/0/0 | 0/0/0/0 | 0/0/0/0 | 0/0/0/0 | 0/0/0/0
2026-27,DELANTEROS,3400,Idrissa Seydi,US Orléans,Ligue 3,902797,"LIGA PJ, LIGA Min",—,,False,US Orléans,False,4/247/0/0 | 0/0/0/0 | 0/0/0/0 | 0/0/0/0 | 0/0/0/0,5/308/0/0 | 0/0/0/0 | 0/0/0/0 | 0/0/0/0 | 0/0/0/0
2026-27,DELANTEROS,3409,Jean-Pierre Tiéhi,FC Villefranche,Ligue 3,607729,"LIGA PJ, LIGA Min",—,,False,FC Villefranche,False,5/244/0/0 | 0/0/0/0 | 0/0/0/0 | 0/0/0/0 | 0/0/0/0,6/255/0/0 | 0/0/0/0 | 0/0/0/0 | 0/0/0/0 | 0/0/0/0
2026-27,DELANTEROS,3410,Nicola Fasan,Lecco,Serie C,404972,"LIGA PJ, LIGA Min",—,,False,Lecco,False,6/244/0/0 | 0/0/0/0 | 0/0/0/0 | 0/0/0/0 | 0/0/0/0,7/261/0/0 | 0/0/0/0 | 0/0/0/0 | 0/0/0/0 | 0/0/0/0
2026-27,DELANTEROS,3413,Shaban Veselaj,FV Illertissen,Regionalliga,1154924,"LIGA PJ, LIGA Min, LIGA G/GC",—,,False,FV Illertissen,False,8/173/0/0 | 2/70/0/0 | 0/0/0/0 | 0/0/0/0 | 0/0/0/0,9/217/1/0 | 2/70/0/0 | 0/0/0/0 | 0/0/0/0 | 0/0/0/0
2026-27,DELANTEROS,3420,Luca Fabrizi,Pianese,Serie C,478766,"LIGA PJ, LIGA Min",—,,False,Pianese,False,6/211/0/0 | 1/29/0/0 | 0/0/0/0 | 0/0/0/0 | 0/0/0/0,7/215/0/0 | 1/29/0/0 | 0/0/0/0 | 0/0/0/0 | 0/0/0/0
2026-27,DELANTEROS,3423,Mamadou Sarr,Real Ávila,Segunda Federación,1382940,"LIGA Min, CONT PJ, CONT Min",UEL,,False,Real Ávila,False,2/148/0/0 | 0/0/0/0 | 1/90/0/0 | 0/0/0/0 | 0/0/0/0,2/24/0/0 | 0/0/0/0 | 0/0/0/0 | 0/0/0/0 | 0/0/0/0
2026-27,DELANTEROS,3446,Adri Carrión,Sestao River ,Segunda Federación,710489,"LIGA PJ, LIGA Min",—,,False,Sestao River ,False,3/144/0/0 | 2/85/0/0 | 0/0/0/0 | 0/0/0/0 | 0/0/0/0,4/166/0/0 | 2/85/0/0 | 0/0/0/0 | 0/0/0/0 | 0/0/0/0
2026-27,DELANTEROS,3452,Alfredo Sualdea,Terrassa FC,Segunda Federación,435337,"LIGA PJ, LIGA Min",—,,False,Terrassa FC,False,2/94/0/0 | 2/134/0/0 | 0/0/0/0 | 0/0/0/0 | 0/0/0/0,3/171/0/0 | 2/134/0/0 | 0/0/0/0 | 0/0/0/0 | 0/0/0/0
2026-27,DELANTEROS,3460,Ibai Cabo,SD Amorebieta,Segunda Federación,1310108,"LIGA PJ, LIGA Min",—,,False,SD Amorebieta,False,3/224/0/0 | 0/0/0/0 | 0/0/0/0 | 0/0/0/0 | 0/0/0/0,4/314/0/0 | 0/0/0/0 | 0/0/0/0 | 0/0/0/0 | 0/0/0/0
2026-27,DELANTEROS,3469,Lewys Twamley,Southend United,National League,721659,"LIGA PJ, LIGA Min",—,,False,Southend United,False,6/222/0/0 | 0/0/0/0 | 0/0/0/0 | 0/0/0/0 | 0/0/0/0,7/243/0/0 | 0/0/0/0 | 0/0/0/0 | 0/0/0/0 | 0/0/0/0
2026-27,DELANTEROS,3473,Eric Lanini,Novara,Serie C,199635,"LIGA PJ, LIGA Min",—,,False,Novara,False,3/96/0/0 | 2/125/0/0 | 0/0/0/0 | 0/0/0/0 | 0/0/0/0,4/141/0/0 | 2/125/0/0 | 0/0/0/0 | 0/0/0/0 | 0/0/0/0
2026-27,DELANTEROS,3482,Ion Etxaniz,SD Amorebieta,Segunda Federación,122843,"LIGA PJ, LIGA Min",—,,False,SD Amorebieta,False,3/216/0/0 | 0/0/0/0 | 0/0/0/0 | 0/0/0/0 | 0/0/0/0,4/295/0/0 | 0/0/0/0 | 0/0/0/0 | 0/0/0/0 | 0/0/0/0
2026-27,DELANTEROS,3505,Nahuel Arroyo,Terrassa FC,Segunda Federación,681708,"LIGA PJ, LIGA Min",—,,False,Terrassa FC,False,3/148/0/0 | 1/62/0/0 | 0/0/0/0 | 0/0/0/0 | 0/0/0/0,4/213/0/0 | 1/62/0/0 | 0/0/0/0 | 0/0/0/0 | 0/0/0/0
2026-27,DELANTEROS,3514,Loïck Piquionne,FC Villefranche,Ligue 3,495670,"LIGA PJ, LIGA Min",—,,False,FC Villefranche,False,4/207/0/0 | 0/0/0/0 | 0/0/0/0 | 0/0/0/0 | 0/0/0/0,5/297/0/0 | 0/0/0/0 | 0/0/0/0 | 0/0/0/0 | 0/0/0/0
2026-27,DELANTEROS,3518,Souleymane Anne,FC Fleury 91,Ligue 3,562601,"LIGA PJ, LIGA Min",—,,False,FC Fleury 91,False,7/206/0/0 | 0/0/0/0 | 0/0/0/0 | 0/0/0/0 | 0/0/0/0,8/267/0/0 | 0/0/0/0 | 0/0/0/0 | 0/0/0/0 | 0/0/0/0
2026-27,DELANTEROS,3523,Alex Reid,Barrow,National League,480233,"LIGA PJ, LIGA Min, LIGA A/CS",—,,False,Barrow,False,7/205/0/0 | 0/0/0/0 | 0/0/0/0 | 0/0/0/0 | 0/0/0/0,8/272/0/1 | 0/0/0/0 | 0/0/0/0 | 0/0/0/0 | 0/0/0/0
2026-27,DELANTEROS,3533,Andoni Arzak,Sestao River ,Segunda Federación,907823,"LIGA PJ, LIGA Min",—,,False,Sestao River ,False,2/66/0/0 | 2/136/0/0 | 0/0/0/0 | 0/0/0/0 | 0/0/0/0,3/134/0/0 | 2/136/0/0 | 0/0/0/0 | 0/0/0/0 | 0/0/0/0
2026-27,DELANTEROS,3537,Santi Guzmán,Manresa,Segunda Federación,1123333,"LIGA PJ, LIGA Min",—,,False,Manresa,False,3/201/0/0 | 0/0/0/0 | 0/0/0/0 | 0/0/0/0 | 0/0/0/0,4/277/0/0 | 0/0/0/0 | 0/0/0/0 | 0/0/0/0 | 0/0/0/0
2026-27,DELANTEROS,3544,Chus Villar,CD Extremadura,Primera Federación,636127,"LIGA PJ, LIGA Min",—,,False,CD Extremadura,False,4/199/0/0 | 0/0/0/0 | 0/0/0/0 | 0/0/0/0 | 0/0/0/0,5/220/0/0 | 0/0/0/0 | 0/0/0/0 | 0/0/0/0 | 0/0/0/0
2026-27,DELANTEROS,3549,Ylan El Hadary,AS Nancy,Ligue 2,1146314,"SEL PJ, SEL Min",—,,False,AS Nancy,False,4/197/0/0 | 0/0/0/0 | 0/0/0/0 | 0/0/0/0 | 0/0/0/0,4/197/0/0 | 0/0/0/0 | 0/0/0/0 | 0/0/0/0 | 1/67/0/0
2026-27,DELANTEROS,3551,Ritoré,At. Sanluqueño,Segunda Federación,1131213,"LIGA PJ, LIGA Min",—,,False,At. Sanluqueño,False,3/196/0/0 | 0/0/0/0 | 0/0/0/0 | 0/0/0/0 | 0/0/0/0,4/257/0/0 | 0/0/0/0 | 0/0/0/0 | 0/0/0/0 | 0/0/0/0
2026-27,DELANTEROS,3563,José Luis Cortés,Arenas Club,Primera Federación,628471,"LIGA PJ, LIGA Min",—,,False,Arenas Club,False,3/193/0/0 | 0/0/0/0 | 0/0/0/0 | 0/0/0/0 | 0/0/0/0,4/238/0/0 | 0/0/0/0 | 0/0/0/0 | 0/0/0/0 | 0/0/0/0
2026-27,DELANTEROS,3577,Mattia Tordini,Crotone,Serie C,616133,"LIGA PJ, LIGA Min",—,,False,Crotone,False,6/158/0/0 | 1/31/0/0 | 0/0/0/0 | 0/0/0/0 | 0/0/0/0,7/188/0/0 | 1/31/0/0 | 0/0/0/0 | 0/0/0/0 | 0/0/0/0
2026-27,DELANTEROS,3583,Fran Pérez,UD Sanse,Segunda Federación,610370,"LIGA PJ, LIGA Min",—,,False,UD Sanse,False,3/188/0/0 | 0/0/0/0 | 0/0/0/0 | 0/0/0/0 | 0/0/0/0,4/205/0/0 | 0/0/0/0 | 0/0/0/0 | 0/0/0/0 | 0/0/0/0
2026-27,DELANTEROS,3603,Pau Mascaró,Zamora CF,Primera Federación,947460,"LIGA PJ, LIGA Min",—,,False,Zamora CF,False,4/182/0/0 | 0/0/0/0 | 0/0/0/0 | 0/0/0/0 | 0/0/0/0,5/186/0/0 | 0/0/0/0 | 0/0/0/0 | 0/0/0/0 | 0/0/0/0
2026-27,DELANTEROS,3610,Omar Ugartemendia,Peña Sport FC,Segunda Federación,892626,"LIGA PJ, LIGA Min",—,,False,Peña Sport FC,False,2/180/0/0 | 0/0/0/0 | 0/0/0/0 | 0/0/0/0 | 0/0/0/0,3/270/0/0 | 0/0/0/0 | 0/0/0/0 | 0/0/0/0 | 0/0/0/0
2026-27,DELANTEROS,3622,Gonzalo Serrano,Águilas FC,Primera Federación,940405,"LIGA PJ, LIGA Min",—,,False,Águilas FC,False,2/176/0/0 | 0/0/0/0 | 0/0/0/0 | 0/0/0/0 | 0/0/0/0,3/245/0/0 | 0/0/0/0 | 0/0/0/0 | 0/0/0/0 | 0/0/0/0
2026-27,DELANTEROS,3625,Lucas Weaver,Altrincham,National League,1265114,"LIGA PJ, LIGA Min",—,,False,Altrincham,False,5/176/0/0 | 0/0/0/0 | 0/0/0/0 | 0/0/0/0 | 0/0/0/0,6/192/0/0 | 0/0/0/0 | 0/0/0/0 | 0/0/0/0 | 0/0/0/0
2026-27,DELANTEROS,3627,Simon Kalambayi,Thionville Lus.,Ligue 3,997566,"LIGA PJ, LIGA Min",—,,False,Thionville Lus.,False,4/176/0/0 | 0/0/0/0 | 0/0/0/0 | 0/0/0/0 | 0/0/0/0,5/238/0/0 | 0/0/0/0 | 0/0/0/0 | 0/0/0/0 | 0/0/0/0
2026-27,DELANTEROS,3630,Cristian Padula,Cerignola,Serie C,813134,"LIGA PJ, LIGA Min",—,,False,Cerignola,False,6/157/0/0 | 1/18/0/0 | 0/0/0/0 | 0/0/0/0 | 0/0/0/0,7/175/0/0 | 1/18/0/0 | 0/0/0/0 | 0/0/0/0 | 0/0/0/0
2026-27,DELANTEROS,3639,Carlo Evangelista,Pergolettese,Serie C,988980,"LIGA PJ, LIGA Min",—,,False,Pergolettese,False,6/150/0/0 | 1/23/0/0 | 0/0/0/0 | 0/0/0/0 | 0/0/0/0,7/177/0/0 | 1/23/0/0 | 0/0/0/0 | 0/0/0/0 | 0/0/0/0
2026-27,DELANTEROS,3646,Simun Birkic,SSV Ulm 1846,Regionalliga,1417456,"LIGA PJ, LIGA Min",—,,False,SSV Ulm 1846,False,4/171/0/0 | 0/0/0/0 | 0/0/0/0 | 0/0/0/0 | 0/0/0/0,5/186/0/0 | 0/0/0/0 | 0/0/0/0 | 0/0/0/0 | 0/0/0/0
2026-27,DELANTEROS,3651,Seb Thompson,Barrow,National League,580770,"LIGA PJ, LIGA Min, LIGA G/GC",—,,False,Barrow,False,6/170/0/0 | 0/0/0/0 | 0/0/0/0 | 0/0/0/0 | 0/0/0/0,7/237/1/0 | 0/0/0/0 | 0/0/0/0 | 0/0/0/0 | 0/0/0/0
2026-27,DELANTEROS,3652,Alexis Kabamba,FC Versailles,Ligue 3,923836,"LIGA PJ, LIGA Min",—,,False,FC Versailles,False,3/170/0/0 | 0/0/0/0 | 0/0/0/0 | 0/0/0/0 | 0/0/0/0,4/187/0/0 | 0/0/0/0 | 0/0/0/0 | 0/0/0/0 | 0/0/0/0
2026-27,DELANTEROS,3656,Lucas Ehrlich,Hallescher FC,Regionalliga,661709,"LIGA PJ, LIGA Min",—,,False,Hallescher FC,False,8/169/0/0 | 0/0/0/0 | 0/0/0/0 | 0/0/0/0 | 0/0/0/0,9/183/0/0 | 0/0/0/0 | 0/0/0/0 | 0/0/0/0 | 0/0/0/0
2026-27,DELANTEROS,3657,Alberto Lunghi,Torres,Serie C,678212,"LIGA PJ, LIGA Min",—,,False,Torres,False,4/169/0/0 | 0/0/0/0 | 0/0/0/0 | 0/0/0/0 | 0/0/0/0,5/179/0/0 | 0/0/0/0 | 0/0/0/0 | 0/0/0/0 | 0/0/0/0
2026-27,DELANTEROS,3664,Cheikh Tall,CD Ebro,Segunda Federación,1493458,"LIGA PJ, LIGA Min",—,,False,CD Ebro,False,3/167/0/0 | 0/0/0/0 | 0/0/0/0 | 0/0/0/0 | 0/0/0/0,4/220/0/0 | 0/0/0/0 | 0/0/0/0 | 0/0/0/0 | 0/0/0/0
2026-27,DELANTEROS,3696,Shayne Lavery,Cambridge Utd.,League One,351597,"LIGA PJ, LIGA Min",—,,False,Cambridge Utd.,False,6/117/0/0 | 2/42/0/0 | 0/0/0/0 | 0/0/0/0 | 0/0/0/0,7/162/0/0 | 2/42/0/0 | 0/0/0/0 | 0/0/0/0 | 0/0/0/0
2026-27,DELANTEROS,3698,Kain Adom,Burton Albion,League One,1169956,"LIGA PJ, LIGA Min",—,,False,Burton Albion,False,5/113/0/0 | 1/45/0/0 | 0/0/0/0 | 0/0/0/0 | 0/0/0/0,6/158/0/0 | 1/45/0/0 | 0/0/0/0 | 0/0/0/0 | 0/0/0/0
2026-27,DELANTEROS,3724,Luis Coordes,VfB Lübeck,Regionalliga,422086,"LIGA PJ, LIGA Min",—,,False,VfB Lübeck,False,7/151/0/0 | 0/0/0/0 | 0/0/0/0 | 0/0/0/0 | 0/0/0/0,8/241/0/0 | 0/0/0/0 | 0/0/0/0 | 0/0/0/0 | 0/0/0/0
2026-27,DELANTEROS,3731,Gaetano Monachello,Lumezzane,Serie C,162952,"LIGA PJ, LIGA Min",—,,False,Lumezzane,False,6/123/0/0 | 1/26/0/0 | 0/0/0/0 | 0/0/0/0 | 0/0/0/0,7/128/0/0 | 1/26/0/0 | 0/0/0/0 | 0/0/0/0 | 0/0/0/0
2026-27,DELANTEROS,3732,Isaac González,CD Guadalajara,Segunda Federación,1019380,"LIGA PJ, LIGA Min",—,,False,CD Guadalajara,False,2/148/0/0 | 0/0/0/0 | 0/0/0/0 | 0/0/0/0 | 0/0/0/0,0/0/0/0 | 0/0/0/0 | 0/0/0/0 | 0/0/0/0 | 0/0/0/0
2026-27,DELANTEROS,3738,Víctor Morillo,CD Guadalajara,Segunda Federación,396114,"LIGA PJ, LIGA Min",—,,False,CD Guadalajara,False,2/147/0/0 | 0/0/0/0 | 0/0/0/0 | 0/0/0/0 | 0/0/0/0,0/0/0/0 | 0/0/0/0 | 0/0/0/0 | 0/0/0/0 | 0/0/0/0
2026-27,DELANTEROS,3742,David Cabezas,Astorga,Segunda Federación,1451803,"LIGA PJ, LIGA Min",—,,False,Astorga,False,3/146/0/0 | 0/0/0/0 | 0/0/0/0 | 0/0/0/0 | 0/0/0/0,4/174/0/0 | 0/0/0/0 | 0/0/0/0 | 0/0/0/0 | 0/0/0/0
2026-27,DELANTEROS,3743,Hamza Kadamani,Metz,Ligue 2,1339869,"SEL PJ, SEL Min",—,,False,Metz,False,5/146/0/0 | 0/0/0/0 | 0/0/0/0 | 0/0/0/0 | 0/0/0/0,5/146/0/0 | 0/0/0/0 | 0/0/0/0 | 0/0/0/0 | 1/83/0/0
2026-27,DELANTEROS,3786,Iker Gil,Peña Sport FC,Segunda Federación,1532670,"LIGA PJ, LIGA Min",—,,False,Peña Sport FC,False,2/137/0/0 | 0/0/0/0 | 0/0/0/0 | 0/0/0/0 | 0/0/0/0,3/186/0/0 | 0/0/0/0 | 0/0/0/0 | 0/0/0/0 | 0/0/0/0
2026-27,DELANTEROS,3795,Filippo Palazzino,Cosenza,Serie C,713357,"LIGA PJ, LIGA Min",—,,False,Cosenza,False,2/109/0/0 | 1/26/0/0 | 0/0/0/0 | 0/0/0/0 | 0/0/0/0,3/119/0/0 | 1/26/0/0 | 0/0/0/0 | 0/0/0/0 | 0/0/0/0
2026-27,DELANTEROS,3807,Simone Magnaghi,Sambenedettese,Serie C,136114,"LIGA PJ, LIGA Min",—,,False,Sambenedettese,False,4/133/0/0 | 0/0/0/0 | 0/0/0/0 | 0/0/0/0 | 0/0/0/0,5/140/0/0 | 0/0/0/0 | 0/0/0/0 | 0/0/0/0 | 0/0/0/0
2026-27,DELANTEROS,3836,Joel Catesby,Accrington,League Two,1083709,"LIGA PJ, LIGA Min",—,,False,Accrington,False,2/35/0/0 | 1/90/0/0 | 0/0/0/0 | 0/0/0/0 | 0/0/0/0,3/42/0/0 | 1/90/0/0 | 0/0/0/0 | 0/0/0/0 | 0/0/0/0
2026-27,DELANTEROS,3843,Ricardo Coutinho,QRM,Ligue 3,1004383,"LIGA PJ, LIGA Min",—,,False,QRM,False,3/124/0/0 | 0/0/0/0 | 0/0/0/0 | 0/0/0/0 | 0/0/0/0,4/191/0/0 | 0/0/0/0 | 0/0/0/0 | 0/0/0/0 | 0/0/0/0
2026-27,DELANTEROS,3875,Jules Varvat,Concarneau,Ligue 3,948587,"LIGA PJ, LIGA Min",—,,False,Concarneau,False,5/117/0/0 | 0/0/0/0 | 0/0/0/0 | 0/0/0/0 | 0/0/0/0,6/174/0/0 | 0/0/0/0 | 0/0/0/0 | 0/0/0/0 | 0/0/0/0
2026-27,DELANTEROS,3876,Fodié Camara,Paris 13 Atl.,Ligue 3,1170484,"LIGA PJ, LIGA Min",—,,False,Paris 13 Atl.,False,3/117/0/0 | 0/0/0/0 | 0/0/0/0 | 0/0/0/0 | 0/0/0/0,4/188/0/0 | 0/0/0/0 | 0/0/0/0 | 0/0/0/0 | 0/0/0/0
2026-27,DELANTEROS,3881,Lorenzo Paldino,TSV Havelse,3. Liga,595093,"LIGA PJ, LIGA Min",—,,False,TSV Havelse,False,6/116/0/0 | 0/0/0/0 | 0/0/0/0 | 0/0/0/0 | 0/0/0/0,7/131/0/0 | 0/0/0/0 | 0/0/0/0 | 0/0/0/0 | 0/0/0/0
2026-27,DELANTEROS,3890,Federico Caia,Trento,Serie C,667056,"LIGA PJ, LIGA Min",—,,False,Trento,False,3/49/0/0 | 1/65/0/0 | 0/0/0/0 | 0/0/0/0 | 0/0/0/0,4/52/0/0 | 1/65/0/0 | 0/0/0/0 | 0/0/0/0 | 0/0/0/0
2026-27,DELANTEROS,3901,Pau Martínez,Algeciras CF,Primera Federación,366931,"LIGA PJ, LIGA Min",—,,False,Algeciras CF,False,4/112/0/0 | 0/0/0/0 | 0/0/0/0 | 0/0/0/0 | 0/0/0/0,5/166/0/0 | 0/0/0/0 | 0/0/0/0 | 0/0/0/0 | 0/0/0/0
2026-27,DELANTEROS,3917,Xalbat Larralde,SD Amorebieta,Segunda Federación,1354782,"LIGA PJ, LIGA Min",—,,False,SD Amorebieta,False,3/109/0/0 | 0/0/0/0 | 0/0/0/0 | 0/0/0/0 | 0/0/0/0,4/135/0/0 | 0/0/0/0 | 0/0/0/0 | 0/0/0/0 | 0/0/0/0
2026-27,DELANTEROS,3925,Giuseppe Fella,Cavese,Serie C,199896,"LIGA PJ, LIGA Min",—,,False,Cavese,False,4/83/0/0 | 1/25/0/0 | 0/0/0/0 | 0/0/0/0 | 0/0/0/0,5/91/0/0 | 1/25/0/0 | 0/0/0/0 | 0/0/0/0 | 0/0/0/0
2026-27,DELANTEROS,3965,Nicolas Mercier,Concarneau,Ligue 3,627363,"LIGA PJ, LIGA Min",—,,False,Concarneau,False,4/101/0/0 | 0/0/0/0 | 0/0/0/0 | 0/0/0/0 | 0/0/0/0,5/121/0/0 | 0/0/0/0 | 0/0/0/0 | 0/0/0/0 | 0/0/0/0
2026-27,DELANTEROS,3966,Robin Velasco,TSV Havelse,3. Liga,472247,"LIGA PJ, LIGA Min",—,,False,TSV Havelse,False,5/101/0/0 | 0/0/0/0 | 0/0/0/0 | 0/0/0/0 | 0/0/0/0,6/176/0/0 | 0/0/0/0 | 0/0/0/0 | 0/0/0/0 | 0/0/0/0
2026-27,DELANTEROS,3967,Ezra Edward,SF Lotte,Regionalliga,1457811,"LIGA PJ, LIGA Min",—,,False,SF Lotte,False,2/101/0/0 | 0/0/0/0 | 0/0/0/0 | 0/0/0/0 | 0/0/0/0,3/131/0/0 | 0/0/0/0 | 0/0/0/0 | 0/0/0/0 | 0/0/0/0
2026-27,DELANTEROS,3971,Javier Carbonell,Zamora CF,Primera Federación,1005309,"LIGA PJ, LIGA Min",—,,False,Zamora CF,False,4/100/0/0 | 0/0/0/0 | 0/0/0/0 | 0/0/0/0 | 0/0/0/0,5/174/0/0 | 0/0/0/0 | 0/0/0/0 | 0/0/0/0 | 0/0/0/0
2026-27,DELANTEROS,3989,Ifenna Dorgu,Torremolinos,Primera Federación,1090954,"LIGA PJ, LIGA Min",—,,False,Torremolinos,False,2/94/0/0 | 0/0/0/0 | 0/0/0/0 | 0/0/0/0 | 0/0/0/0,3/95/0/0 | 0/0/0/0 | 0/0/0/0 | 0/0/0/0 | 0/0/0/0
2026-27,DELANTEROS,4010,Alexander Murillo,Lecco,Serie C,982833,"LIGA PJ, LIGA Min",—,,False,Lecco,False,2/91/0/0 | 0/0/0/0 | 0/0/0/0 | 0/0/0/0 | 0/0/0/0,3/150/0/0 | 0/0/0/0 | 0/0/0/0 | 0/0/0/0 | 0/0/0/0
2026-27,DELANTEROS,4023,Javi Gascón,Linares,Segunda Federación,995988,"LIGA PJ, LIGA Min",—,,False,Linares,False,2/90/0/0 | 0/0/0/0 | 0/0/0/0 | 0/0/0/0 | 0/0/0/0,3/113/0/0 | 0/0/0/0 | 0/0/0/0 | 0/0/0/0 | 0/0/0/0
2026-27,DELANTEROS,4024,Giovanni Navarro,Linares,Segunda Federación,396331,"LIGA PJ, LIGA Min",—,,False,Linares,False,1/90/0/0 | 0/0/0/0 | 0/0/0/0 | 0/0/0/0 | 0/0/0/0,2/135/0/0 | 0/0/0/0 | 0/0/0/0 | 0/0/0/0 | 0/0/0/0
2026-27,DELANTEROS,4026,Hady Ghandour,Eastleigh,National League,819712,"LIGA PJ, LIGA Min",—,,False,Eastleigh,False,2/90/0/0 | 0/0/0/0 | 0/0/0/0 | 0/0/0/0 | 0/0/0/0,3/174/0/0 | 0/0/0/0 | 0/0/0/0 | 0/0/0/0 | 0/0/0/0
2026-27,DELANTEROS,4028,Merveille Biankadi,Heilbronn-Frei.,Regionalliga,196843,"LIGA PJ, LIGA Min",—,,False,Heilbronn-Frei.,False,2/90/0/0 | 0/0/0/0 | 0/0/0/0 | 0/0/0/0 | 0/0/0/0,3/134/0/0 | 0/0/0/0 | 0/0/0/0 | 0/0/0/0 | 0/0/0/0
2026-27,DELANTEROS,4031,Mattia Rossetti,Pergolettese,Serie C,287337,"LIGA PJ, LIGA Min",—,,False,Pergolettese,False,3/89/0/0 | 0/0/0/0 | 0/0/0/0 | 0/0/0/0 | 0/0/0/0,4/152/0/0 | 0/0/0/0 | 0/0/0/0 | 0/0/0/0 | 0/0/0/0
2026-27,DELANTEROS,4033,Shinnosuke Katsushima,Gimnàstic,Primera Federación,629852,"LIGA PJ, LIGA Min",—,,False,Gimnàstic,False,2/88/0/0 | 0/0/0/0 | 0/0/0/0 | 0/0/0/0 | 0/0/0/0,3/89/0/0 | 0/0/0/0 | 0/0/0/0 | 0/0/0/0 | 0/0/0/0
2026-27,DELANTEROS,4045,Álex Castillo,Peña Sport FC,Segunda Federación,1187178,"LIGA PJ, LIGA Min",—,,False,Peña Sport FC,False,2/86/0/0 | 0/0/0/0 | 0/0/0/0 | 0/0/0/0 | 0/0/0/0,3/112/0/0 | 0/0/0/0 | 0/0/0/0 | 0/0/0/0 | 0/0/0/0
2026-27,DELANTEROS,4066,Tyreece Simpson,Port Vale,League Two,664558,"SEL PJ, SEL Min",—,,False,Port Vale,False,4/84/0/0 | 0/0/0/0 | 0/0/0/0 | 0/0/0/0 | 0/0/0/0,4/84/0/0 | 0/0/0/0 | 0/0/0/0 | 0/0/0/0 | 1/80/0/0
2026-27,DELANTEROS,4072,Jaime Sancho,Zamora CF,Primera Federación,632899,"LIGA PJ, LIGA Min",—,,False,Zamora CF,False,3/82/0/0 | 0/0/0/0 | 0/0/0/0 | 0/0/0/0 | 0/0/0/0,4/172/0/0 | 0/0/0/0 | 0/0/0/0 | 0/0/0/0 | 0/0/0/0
2026-27,DELANTEROS,4081,Will Randall,Eastleigh,National League,318069,"LIGA PJ, LIGA Min",—,,False,Eastleigh,False,8/81/0/0 | 0/0/0/0 | 0/0/0/0 | 0/0/0/0 | 0/0/0/0,9/103/0/0 | 0/0/0/0 | 0/0/0/0 | 0/0/0/0 | 0/0/0/0
2026-27,DELANTEROS,4093,Juancho Victoria,CD Guadalajara,Segunda Federación,368635,"LIGA PJ, LIGA Min",—,,False,CD Guadalajara,False,2/79/0/0 | 0/0/0/0 | 0/0/0/0 | 0/0/0/0 | 0/0/0/0,0/0/0/0 | 0/0/0/0 | 0/0/0/0 | 0/0/0/0 | 0/0/0/0
2026-27,DELANTEROS,4095,Yamin H-Wold,Schwaben Augsb.,Regionalliga,1008817,"LIGA PJ, LIGA Min",—,,False,Schwaben Augsb.,False,3/79/0/0 | 0/0/0/0 | 0/0/0/0 | 0/0/0/0 | 0/0/0/0,4/101/0/0 | 0/0/0/0 | 0/0/0/0 | 0/0/0/0 | 0/0/0/0
2026-27,DELANTEROS,4105,Amar Numic,Tasmania Berlin,Regionalliga,1187041,"LIGA PJ, LIGA Min",—,,False,Tasmania Berlin,False,3/33/0/0 | 1/45/0/0 | 0/0/0/0 | 0/0/0/0 | 0/0/0/0,4/104/0/0 | 1/45/0/0 | 0/0/0/0 | 0/0/0/0 | 0/0/0/0
2026-27,DELANTEROS,4128,Daou Diomandé,Valenciennes FC,Ligue 3,1028505,"LIGA PJ, LIGA Min",—,,False,Valenciennes FC,False,2/75/0/0 | 0/0/0/0 | 0/0/0/0 | 0/0/0/0 | 0/0/0/0,3/158/0/0 | 0/0/0/0 | 0/0/0/0 | 0/0/0/0 | 0/0/0/0
2026-27,DELANTEROS,4166,Andreas Hirtlreiter,TSV Buchbach,Regionalliga,620494,"LIGA PJ, LIGA Min",—,,False,TSV Buchbach,False,2/22/0/0 | 2/46/0/0 | 0/0/0/0 | 0/0/0/0 | 0/0/0/0,3/33/0/0 | 2/46/0/0 | 0/0/0/0 | 0/0/0/0 | 0/0/0/0
2026-27,DELANTEROS,4198,Mathis Mazaudier,Le Puy FC,Ligue 3,1533111,"LIGA PJ, LIGA Min",—,,False,Le Puy FC,False,6/64/0/0 | 0/0/0/0 | 0/0/0/0 | 0/0/0/0 | 0/0/0/0,7/69/0/0 | 0/0/0/0 | 0/0/0/0 | 0/0/0/0 | 0/0/0/0
2026-27,DELANTEROS,4202,Sergi Armero,Sant Andreu,Primera Federación,633095,"LIGA PJ, LIGA Min",—,,False,Sant Andreu,False,2/63/0/0 | 0/0/0/0 | 0/0/0/0 | 0/0/0/0 | 0/0/0/0,3/133/0/0 | 0/0/0/0 | 0/0/0/0 | 0/0/0/0 | 0/0/0/0
2026-27,DELANTEROS,4216,Nick Karnitzschky,SpVgg Bayreuth,Regionalliga,1360900,"LIGA PJ, LIGA Min",—,,False,SpVgg Bayreuth,False,1/61/0/0 | 0/0/0/0 | 0/0/0/0 | 0/0/0/0 | 0/0/0/0,2/100/0/0 | 0/0/0/0 | 0/0/0/0 | 0/0/0/0 | 0/0/0/0
2026-27,DELANTEROS,4222,Óscar Gómez,Manresa,Segunda Federación,628501,"LIGA PJ, LIGA Min",—,,False,Manresa,False,3/60/0/0 | 0/0/0/0 | 0/0/0/0 | 0/0/0/0 | 0/0/0/0,4/84/0/0 | 0/0/0/0 | 0/0/0/0 | 0/0/0/0 | 0/0/0/0
2026-27,DELANTEROS,4223,Edis Bakic,VfB Eichstätt,Regionalliga,1284833,"LIGA PJ, LIGA Min",—,,False,VfB Eichstätt,False,1/1/0/0 | 3/59/0/0 | 0/0/0/0 | 0/0/0/0 | 0/0/0/0,2/2/0/0 | 3/59/0/0 | 0/0/0/0 | 0/0/0/0 | 0/0/0/0
2026-27,DELANTEROS,4233,Jonas Arcalean,Lok Leipzig,Regionalliga,585761,"LIGA PJ, LIGA Min",—,,False,Lok Leipzig,False,3/58/0/0 | 0/0/0/0 | 0/0/0/0 | 0/0/0/0 | 0/0/0/0,4/118/0/0 | 0/0/0/0 | 0/0/0/0 | 0/0/0/0 | 0/0/0/0
2026-27,DELANTEROS,4247,Alessio Vacca,Caratese,Serie C,683100,"LIGA PJ, LIGA Min",—,,False,Caratese,False,4/52/0/0 | 1/4/0/0 | 0/0/0/0 | 0/0/0/0 | 0/0/0/0,5/53/0/0 | 1/4/0/0 | 0/0/0/0 | 0/0/0/0 | 0/0/0/0
2026-27,DELANTEROS,4254,Sergi Serrano,Sant Andreu,Primera Federación,617054,"LIGA PJ, LIGA Min",—,,False,Sant Andreu,False,4/55/0/0 | 0/0/0/0 | 0/0/0/0 | 0/0/0/0 | 0/0/0/0,5/140/0/0 | 0/0/0/0 | 0/0/0/0 | 0/0/0/0 | 0/0/0/0
2026-27,DELANTEROS,4255,Christ Filipe,Eintracht Trier,Regionalliga,1123406,"LIGA PJ, LIGA Min",—,,False,Eintracht Trier,False,2/10/0/0 | 1/45/0/0 | 0/0/0/0 | 0/0/0/0 | 0/0/0/0,3/14/0/0 | 1/45/0/0 | 0/0/0/0 | 0/0/0/0 | 0/0/0/0
2026-27,DELANTEROS,4263,Guillermo Fernández,SD Amorebieta,Segunda Federación,142023,"LIGA PJ, LIGA Min",—,,False,SD Amorebieta,False,2/54/0/0 | 0/0/0/0 | 0/0/0/0 | 0/0/0/0 | 0/0/0/0,3/80/0/0 | 0/0/0/0 | 0/0/0/0 | 0/0/0/0 | 0/0/0/0
2026-27,DELANTEROS,4268,Iker Burgos,CD Extremadura,Primera Federación,635289,"LIGA PJ, LIGA Min",—,,False,CD Extremadura,False,4/53/0/0 | 0/0/0/0 | 0/0/0/0 | 0/0/0/0 | 0/0/0/0,5/143/0/0 | 0/0/0/0 | 0/0/0/0 | 0/0/0/0 | 0/0/0/0
2026-27,DELANTEROS,4276,Halim Eroğlu,SSV Ulm 1846,Regionalliga,717448,"LIGA PJ, LIGA Min",—,,False,SSV Ulm 1846,False,3/52/0/0 | 0/0/0/0 | 0/0/0/0 | 0/0/0/0 | 0/0/0/0,4/75/0/0 | 0/0/0/0 | 0/0/0/0 | 0/0/0/0 | 0/0/0/0
2026-27,DELANTEROS,4302,Usher Lobede,Águilas FC,Primera Federación,1061120,"LIGA PJ, LIGA Min",—,,False,Águilas FC,False,3/48/0/0 | 0/0/0/0 | 0/0/0/0 | 0/0/0/0 | 0/0/0/0,4/57/0/0 | 0/0/0/0 | 0/0/0/0 | 0/0/0/0 | 0/0/0/0
2026-27,DELANTEROS,4308,Daniel Pérez,Peña Sport FC,Segunda Federación,1008754,"LIGA PJ, LIGA Min",—,,False,Peña Sport FC,False,3/47/0/0 | 0/0/0/0 | 0/0/0/0 | 0/0/0/0 | 0/0/0/0,4/88/0/0 | 0/0/0/0 | 0/0/0/0 | 0/0/0/0 | 0/0/0/0
2026-27,DELANTEROS,4343,Samuel Dié,Cannes,Ligue 3,1169159,"LIGA PJ, LIGA Min",—,,False,Cannes,False,2/43/0/0 | 0/0/0/0 | 0/0/0/0 | 0/0/0/0 | 0/0/0/0,3/123/0/0 | 0/0/0/0 | 0/0/0/0 | 0/0/0/0 | 0/0/0/0
2026-27,DELANTEROS,4344,Jérémie Porsan-Clemente,Aubagne Air Bel,Ligue 3,290872,"LIGA PJ, LIGA Min",—,,False,Aubagne Air Bel,False,1/43/0/0 | 0/0/0/0 | 0/0/0/0 | 0/0/0/0 | 0/0/0/0,2/118/0/0 | 0/0/0/0 | 0/0/0/0 | 0/0/0/0 | 0/0/0/0
2026-27,DELANTEROS,4348,Gabriele Negri,Pianese,Serie C,1162026,"LIGA PJ, LIGA Min",—,,False,Pianese,False,3/37/0/0 | 1/5/0/0 | 0/0/0/0 | 0/0/0/0 | 0/0/0/0,4/82/0/0 | 1/5/0/0 | 0/0/0/0 | 0/0/0/0 | 0/0/0/0
2026-27,DELANTEROS,4356,Stéphane Emaná,CD Ebro,Segunda Federación,259223,"LIGA PJ, LIGA Min",—,,False,CD Ebro,False,3/41/0/0 | 0/0/0/0 | 0/0/0/0 | 0/0/0/0 | 0/0/0/0,4/94/0/0 | 0/0/0/0 | 0/0/0/0 | 0/0/0/0 | 0/0/0/0
2026-27,DELANTEROS,4387,Martín Crespo,Astorga,Segunda Federación,562480,"LIGA PJ, LIGA Min",—,,False,Astorga,False,1/36/0/0 | 0/0/0/0 | 0/0/0/0 | 0/0/0/0 | 0/0/0/0,2/81/0/0 | 0/0/0/0 | 0/0/0/0 | 0/0/0/0 | 0/0/0/0
2026-27,DELANTEROS,4388,Dani Ferrer,Manresa,Segunda Federación,1237302,"LIGA PJ, LIGA Min",—,,False,Manresa,False,1/36/0/0 | 0/0/0/0 | 0/0/0/0 | 0/0/0/0 | 0/0/0/0,2/50/0/0 | 0/0/0/0 | 0/0/0/0 | 0/0/0/0 | 0/0/0/0
2026-27,DELANTEROS,4425,Bouba Barry,CD Guadalajara,Segunda Federación,715813,"LIGA PJ, LIGA Min",—,,False,CD Guadalajara,False,1/32/0/0 | 0/0/0/0 | 0/0/0/0 | 0/0/0/0 | 0/0/0/0,0/0/0/0 | 0/0/0/0 | 0/0/0/0 | 0/0/0/0 | 0/0/0/0
2026-27,DELANTEROS,4426,Matthieu Villette,VFC La Roche,Ligue 3,804631,"LIGA PJ, LIGA Min",—,,False,VFC La Roche,False,2/32/0/0 | 0/0/0/0 | 0/0/0/0 | 0/0/0/0 | 0/0/0/0,3/42/0/0 | 0/0/0/0 | 0/0/0/0 | 0/0/0/0 | 0/0/0/0
2026-27,DELANTEROS,4434,Dan Mooney,Barrow,National League,543141,"LIGA PJ, LIGA Min, LIGA G/GC",—,,False,Barrow,False,2/31/0/0 | 0/0/0/0 | 0/0/0/0 | 0/0/0/0 | 0/0/0/0,3/54/1/0 | 0/0/0/0 | 0/0/0/0 | 0/0/0/0 | 0/0/0/0
2026-27,DELANTEROS,4437,Diego Russo,Crotone,Serie C,936584,"LIGA PJ, LIGA Min",—,,False,Crotone,False,3/31/0/0 | 0/0/0/0 | 0/0/0/0 | 0/0/0/0 | 0/0/0/0,4/45/0/0 | 0/0/0/0 | 0/0/0/0 | 0/0/0/0 | 0/0/0/0
2026-27,DELANTEROS,4454,Ihab Nurudeen,Ourense,Segunda Federación,1457789,"LIGA PJ, LIGA Min",—,,False,Ourense,False,2/29/0/0 | 0/0/0/0 | 0/0/0/0 | 0/0/0/0 | 0/0/0/0,3/47/0/0 | 0/0/0/0 | 0/0/0/0 | 0/0/0/0 | 0/0/0/0
2026-27,DELANTEROS,4463,Karim Cardoni,Salernitana,Serie C,888136,"LIGA PJ, LIGA Min",—,,False,Salernitana,False,2/21/0/0 | 1/7/0/0 | 0/0/0/0 | 0/0/0/0 | 0/0/0/0,3/24/0/0 | 1/7/0/0 | 0/0/0/0 | 0/0/0/0 | 0/0/0/0
2026-27,DELANTEROS,4488,Michael De Marchi,Pergolettese,Serie C,445884,"LIGA PJ, LIGA Min",—,,False,Pergolettese,False,2/25/0/0 | 0/0/0/0 | 0/0/0/0 | 0/0/0/0 | 0/0/0/0,3/34/0/0 | 0/0/0/0 | 0/0/0/0 | 0/0/0/0 | 0/0/0/0
2026-27,DELANTEROS,4494,Alessandro Capello,Lecco,Serie C,200190,"LIGA PJ, LIGA Min",—,,False,Lecco,False,2/24/0/0 | 0/0/0/0 | 0/0/0/0 | 0/0/0/0 | 0/0/0/0,3/55/0/0 | 0/0/0/0 | 0/0/0/0 | 0/0/0/0 | 0/0/0/0
2026-27,DELANTEROS,4498,Pere Marco,Gimnàstic,Primera Federación,1135730,"LIGA PJ, LIGA Min",—,,False,Gimnàstic,False,1/23/0/0 | 0/0/0/0 | 0/0/0/0 | 0/0/0/0 | 0/0/0/0,2/28/0/0 | 0/0/0/0 | 0/0/0/0 | 0/0/0/0 | 0/0/0/0
2026-27,DELANTEROS,4499,Ethan Ennis,Stockport,League One,817866,"LIGA PJ, LIGA Min",—,,False,Stockport,False,2/23/0/0 | 0/0/0/0 | 0/0/0/0 | 0/0/0/0 | 0/0/0/0,3/47/0/0 | 0/0/0/0 | 0/0/0/0 | 0/0/0/0 | 0/0/0/0
2026-27,DELANTEROS,4512,Mathieu Seyram,Águilas FC,Primera Federación,1452360,"LIGA PJ, LIGA Min",—,,False,Águilas FC,False,1/22/0/0 | 0/0/0/0 | 0/0/0/0 | 0/0/0/0 | 0/0/0/0,2/31/0/0 | 0/0/0/0 | 0/0/0/0 | 0/0/0/0 | 0/0/0/0
2026-27,DELANTEROS,4516,Marvyn Belliard,FC Fleury 91,Ligue 3,773796,"LIGA PJ, LIGA Min",—,,False,FC Fleury 91,False,1/22/0/0 | 0/0/0/0 | 0/0/0/0 | 0/0/0/0 | 0/0/0/0,2/46/0/0 | 0/0/0/0 | 0/0/0/0 | 0/0/0/0 | 0/0/0/0
2026-27,DELANTEROS,4550,Antón Escobar,CyD Leonesa,Primera Federación,645318,"LIGA PJ, LIGA Min",—,,False,CyD Leonesa,False,1/18/0/0 | 0/0/0/0 | 0/0/0/0 | 0/0/0/0 | 0/0/0/0,2/44/0/0 | 0/0/0/0 | 0/0/0/0 | 0/0/0/0 | 0/0/0/0
2026-27,DELANTEROS,4555,Inza Koné,Paris 13 Atl.,Ligue 3,1464905,"LIGA PJ, LIGA Min",—,,False,Paris 13 Atl.,False,2/18/0/0 | 0/0/0/0 | 0/0/0/0 | 0/0/0/0 | 0/0/0/0,3/80/0/0 | 0/0/0/0 | 0/0/0/0 | 0/0/0/0 | 0/0/0/0
2026-27,DELANTEROS,4589,Bailey Smith,Worthing,National League,882391,"LIGA PJ, LIGA Min",—,,False,Worthing,False,1/14/0/0 | 0/0/0/0 | 0/0/0/0 | 0/0/0/0 | 0/0/0/0,2/15/0/0 | 0/0/0/0 | 0/0/0/0 | 0/0/0/0 | 0/0/0/0
2026-27,DELANTEROS,4591,Kasim Rabihic,SC Verl,3. Liga,196146,"COPA PJ, COPA Min",—,,False,SC Verl,False,1/1/0/0 | 1/13/0/0 | 0/0/0/0 | 0/0/0/0 | 0/0/0/0,1/1/0/0 | 2/58/0/0 | 0/0/0/0 | 0/0/0/0 | 0/0/0/0
2026-27,DELANTEROS,4631,Alfred Gøthler,CD Extremadura,Primera Federación,1140564,"LIGA PJ, LIGA Min",—,,False,CD Extremadura,False,1/10/0/0 | 0/0/0/0 | 0/0/0/0 | 0/0/0/0 | 0/0/0/0,2/19/0/0 | 0/0/0/0 | 0/0/0/0 | 0/0/0/0 | 0/0/0/0
2026-27,DELANTEROS,4691,Aarón Delgado,Ourense,Segunda Federación,1111085,"LIGA PJ, LIGA Min",—,,False,Ourense,False,1/5/0/0 | 0/0/0/0 | 0/0/0/0 | 0/0/0/0 | 0/0/0/0,2/6/0/0 | 0/0/0/0 | 0/0/0/0 | 0/0/0/0 | 0/0/0/0
2026-27,DELANTEROS,4692,Barney Stone,Eastleigh,National League,1443445,"LIGA PJ, LIGA Min",—,,False,Eastleigh,False,2/5/0/0 | 0/0/0/0 | 0/0/0/0 | 0/0/0/0 | 0/0/0/0,3/11/0/0 | 0/0/0/0 | 0/0/0/0 | 0/0/0/0 | 0/0/0/0
2026-27,DELANTEROS,4714,Ruben Beliandjou,SC Bastia,Ligue 3,1180301,"LIGA PJ, LIGA Min",—,,False,SC Bastia,False,1/3/0/0 | 0/0/0/0 | 0/0/0/0 | 0/0/0/0 | 0/0/0/0,2/31/0/0 | 0/0/0/0 | 0/0/0/0 | 0/0/0/0 | 0/0/0/0
2026-27,DELANTEROS,4729,Javirro,CD Ebro,Segunda Federación,1064414,"LIGA PJ, LIGA Min",—,,False,CD Ebro,False,1/2/0/0 | 0/0/0/0 | 0/0/0/0 | 0/0/0/0 | 0/0/0/0,2/16/0/0 | 0/0/0/0 | 0/0/0/0 | 0/0/0/0 | 0/0/0/0
2026-27,DELANTEROS,4748,Jasin Abou-Chaker,BFC Preussen,Regionalliga,1426044,"LIGA PJ, LIGA Min",—,,False,BFC Preussen,False,1/1/0/0 | 0/0/0/0 | 0/0/0/0 | 0/0/0/0 | 0/0/0/0,2/16/0/0 | 0/0/0/0 | 0/0/0/0 | 0/0/0/0 | 0/0/0/0
2026-27,MEDIOCENTROS,5,Harry Wood,Stockport,League One,746622,"LIGA PJ, LIGA Min",—,,False,Stockport,False,31/2470/12/7 | 1/61/0/0 | 0/0/0/0 | 0/0/0/0 | 0/0/0/0,32/2524/12/7 | 1/61/0/0 | 0/0/0/0 | 0/0/0/0 | 0/0/0/0
2026-27,MEDIOCENTROS,13,Zak Brunt,Boreham Wood,National League,746777,"LIGA PJ, LIGA Min, LIGA A/CS",—,,False,Boreham Wood,False,9/790/3/9 | 3/79/2/0 | 0/0/0/0 | 0/0/0/0 | 0/0/0/0,10/880/3/10 | 3/79/2/0 | 0/0/0/0 | 0/0/0/0 | 0/0/0/0
2026-27,MEDIOCENTROS,14,Samed Bahar,TSV Buchbach,Regionalliga,434971,"LIGA PJ, LIGA Min",—,,False,TSV Buchbach,False,9/810/6/2 | 4/328/5/0 | 0/0/0/0 | 0/0/0/0 | 0/0/0/0,10/900/6/2 | 4/328/5/0 | 0/0/0/0 | 0/0/0/0 | 0/0/0/0
2026-27,MEDIOCENTROS,35,Tom Baumgart,Chemnitzer FC,Regionalliga,422052,"LIGA PJ, LIGA Min, LIGA G/GC",—,,False,Chemnitzer FC,False,10/889/4/5 | 1/45/0/1 | 0/0/0/0 | 0/0/0/0 | 0/0/0/0,11/953/5/5 | 1/45/0/1 | 0/0/0/0 | 0/0/0/0 | 0/0/0/0
2026-27,MEDIOCENTROS,40,Niclas Stierlin,Hallescher FC,Regionalliga,388026,"LIGA PJ, LIGA Min, LIGA G/GC",—,,False,Hallescher FC,False,10/878/7/0 | 1/120/1/1 | 0/0/0/0 | 0/0/0/0 | 0/0/0/0,11/968/8/0 | 1/120/1/1 | 0/0/0/0 | 0/0/0/0 | 0/0/0/0
2026-27,MEDIOCENTROS,53,Stanislav Fehler,Rot-Weiß Erfurt,Regionalliga,602197,"LIGA PJ, LIGA Min, LIGA G/GC",—,,False,Rot-Weiß Erfurt,False,10/412/2/5 | 2/113/2/0 | 0/0/0/0 | 0/0/0/0 | 0/0/0/0,11/437/3/5 | 2/113/2/0 | 0/0/0/0 | 0/0/0/0 | 0/0/0/0
2026-27,MEDIOCENTROS,75,Felix Bachschmid,W. Burghausen,Regionalliga,229896,"LIGA PJ, LIGA Min",—,,False,W. Burghausen,False,8/667/7/0 | 3/231/0/0 | 0/0/0/0 | 0/0/0/0 | 0/0/0/0,9/712/7/0 | 3/231/0/0 | 0/0/0/0 | 0/0/0/0 | 0/0/0/0
2026-27,MEDIOCENTROS,79,Moritz Leitner,W. Burghausen,Regionalliga,1514362,"LIGA PJ, LIGA Min, LIGA A/CS",—,,False,W. Burghausen,False,9/529/4/1 | 3/105/2/0 | 0/0/0/0 | 0/0/0/0 | 0/0/0/0,10/547/4/2 | 3/105/2/0 | 0/0/0/0 | 0/0/0/0 | 0/0/0/0
2026-27,MEDIOCENTROS,80,Alex Newby,York City,League Two,390687,"LIGA PJ, LIGA Min",—,,False,York City,False,7/526/6/1 | 1/33/0/0 | 0/0/0/0 | 0/0/0/0 | 0/0/0/0,8/583/6/1 | 1/33/0/0 | 0/0/0/0 | 0/0/0/0 | 0/0/0/0
2026-27,MEDIOCENTROS,83,Gwang-in Lee,Heilbronn-Frei.,Regionalliga,813471,"LIGA PJ, LIGA Min",—,,False,Heilbronn-Frei.,False,8/641/5/2 | 1/59/0/0 | 0/0/0/0 | 0/0/0/0 | 0/0/0/0,9/731/5/2 | 1/59/0/0 | 0/0/0/0 | 0/0/0/0 | 0/0/0/0
2026-27,MEDIOCENTROS,95,Ben Tollitt,Halifax Town,National League,381616,"LIGA PJ, LIGA Min, LIGA A/CS",—,,False,Halifax Town,False,9/534/3/1 | 2/180/1/2 | 0/0/0/0 | 0/0/0/0 | 0/0/0/0,10/608/3/2 | 2/180/1/2 | 0/0/0/0 | 0/0/0/0 | 0/0/0/0
2026-27,MEDIOCENTROS,105,Milad Nejad,E. Norderstedt,Regionalliga,729177,"LIGA PJ, LIGA Min",—,,False,E. Norderstedt,False,9/776/3/3 | 1/80/0/1 | 0/0/0/0 | 0/0/0/0 | 0/0/0/0,10/866/3/3 | 1/80/0/1 | 0/0/0/0 | 0/0/0/0 | 0/0/0/0
2026-27,MEDIOCENTROS,120,Diren-Mehmet Günay,BFC Dynamo,Regionalliga,601908,"LIGA PJ, LIGA Min",—,,False,BFC Dynamo,False,7/487/0/4 | 1/45/1/2 | 0/0/0/0 | 0/0/0/0 | 0/0/0/0,8/577/0/4 | 1/45/1/2 | 0/0/0/0 | 0/0/0/0 | 0/0/0/0
2026-27,MEDIOCENTROS,124,Charlie McCann,Cheltenham,League Two,573133,"LIGA PJ, LIGA Min, LIGA G/GC",—,,False,Cheltenham,False,7/630/6/0 | 1/90/0/0 | 0/0/0/0 | 0/0/0/0 | 0/0/0/0,8/720/7/0 | 1/90/0/0 | 0/0/0/0 | 0/0/0/0 | 0/0/0/0
2026-27,MEDIOCENTROS,131,Tobias Heiland,TSV Buchbach,Regionalliga,388343,"LIGA PJ, LIGA Min",—,,False,TSV Buchbach,False,9/681/3/1 | 4/285/2/0 | 0/0/0/0 | 0/0/0/0 | 0/0/0/0,10/760/3/1 | 4/285/2/0 | 0/0/0/0 | 0/0/0/0 | 0/0/0/0
2026-27,MEDIOCENTROS,134,Levin Mattmüller,BFC Dynamo,Regionalliga,745246,"LIGA PJ, LIGA Min, LIGA A/CS",—,,False,BFC Dynamo,False,10/900/5/1 | 0/0/0/0 | 0/0/0/0 | 0/0/0/0 | 0/0/0/0,11/990/5/2 | 0/0/0/0 | 0/0/0/0 | 0/0/0/0 | 0/0/0/0
2026-27,MEDIOCENTROS,145,Samuel Pugliese,Picerno,Serie C,1054827,"LIGA PJ, LIGA Min, LIGA G/GC",—,,False,Picerno,False,6/536/3/1 | 2/180/1/1 | 0/0/0/0 | 0/0/0/0 | 0/0/0/0,7/620/4/1 | 2/180/1/1 | 0/0/0/0 | 0/0/0/0 | 0/0/0/0
2026-27,MEDIOCENTROS,146,Ben Knight,Cambridge Utd.,League One,568007,"LIGA PJ, LIGA Min",—,,False,Cambridge Utd.,False,7/482/3/0 | 2/152/1/2 | 0/0/0/0 | 0/0/0/0 | 0/0/0/0,8/572/3/0 | 2/152/1/2 | 0/0/0/0 | 0/0/0/0 | 0/0/0/0
2026-27,MEDIOCENTROS,155,Tim Janßen,SSV Jeddeloh II,Regionalliga,345079,"LIGA PJ, LIGA Min",—,,False,SSV Jeddeloh II,False,10/840/2/2 | 2/166/1/1 | 0/0/0/0 | 0/0/0/0 | 0/0/0/0,11/930/2/2 | 2/166/1/1 | 0/0/0/0 | 0/0/0/0 | 0/0/0/0
2026-27,MEDIOCENTROS,157,Mike Gevorgyan,Unterhaching,Regionalliga,692473,"LIGA PJ, LIGA Min",—,,False,Unterhaching,False,7/536/1/3 | 3/225/2/0 | 0/0/0/0 | 0/0/0/0 | 0/0/0/0,8/626/1/3 | 3/225/2/0 | 0/0/0/0 | 0/0/0/0 | 0/0/0/0
2026-27,MEDIOCENTROS,161,Tunay Deniz,1860 München,Regionalliga,254944,"LIGA PJ, LIGA Min",—,,False,1860 München,False,7/473/3/3 | 2/123/0/0 | 0/0/0/0 | 0/0/0/0 | 0/0/0/0,8/563/3/3 | 2/123/0/0 | 0/0/0/0 | 0/0/0/0 | 0/0/0/0
2026-27,MEDIOCENTROS,166,Áron Csongvai,St-Étienne ,Ligue 2,719926,"SEL PJ, SEL Min",—,,False,St-Étienne ,False,19/1682/2/3 | 4/360/0/1 | 0/0/0/0 | 0/0/0/0 | 0/0/0/0,19/1682/2/3 | 4/360/0/1 | 0/0/0/0 | 0/0/0/0 | 1/66/0/0
2026-27,MEDIOCENTROS,172,Eren Öztürk,Lok Leipzig,Regionalliga,729155,"LIGA PJ, LIGA Min, LIGA G/GC",—,,False,Lok Leipzig,False,9/601/1/2 | 1/90/1/2 | 0/0/0/0 | 0/0/0/0 | 0/0/0/0,10/691/2/2 | 1/90/1/2 | 0/0/0/0 | 0/0/0/0 | 0/0/0/0
2026-27,MEDIOCENTROS,174,Harry Boyes,York City,League Two,746778,"LIGA PJ, LIGA Min, LIGA A/CS",—,,False,York City,False,7/606/2/4 | 0/0/0/0 | 0/0/0/0 | 0/0/0/0 | 0/0/0/0,8/696/2/6 | 0/0/0/0 | 0/0/0/0 | 0/0/0/0 | 0/0/0/0
2026-27,MEDIOCENTROS,175,Daniel Muteba,TSV Buchbach,Regionalliga,572850,"LIGA PJ, LIGA Min, LIGA A/CS",—,,False,TSV Buchbach,False,7/424/2/3 | 2/148/0/1 | 0/0/0/0 | 0/0/0/0 | 0/0/0/0,8/513/2/4 | 2/148/0/1 | 0/0/0/0 | 0/0/0/0 | 0/0/0/0
2026-27,MEDIOCENTROS,176,Paolo Virgilio,Picerno,Serie C,1181176,"LIGA PJ, LIGA Min, LIGA A/CS",—,,False,Picerno,False,5/431/2/4 | 1/28/0/0 | 0/0/0/0 | 0/0/0/0 | 0/0/0/0,6/521/2/5 | 1/28/0/0 | 0/0/0/0 | 0/0/0/0 | 0/0/0/0
2026-27,MEDIOCENTROS,195,Leon Chambers-Parillon,Southend United,National League,658563,"LIGA PJ, LIGA Min, LIGA G/GC",—,,False,Southend United,False,9/687/5/0 | 0/0/0/0 | 0/0/0/0 | 0/0/0/0 | 0/0/0/0,10/777/6/0 | 0/0/0/0 | 0/0/0/0 | 0/0/0/0 | 0/0/0/0
2026-27,MEDIOCENTROS,197,Antoine Gauthier,Le Puy FC,Ligue 3,1052290,"LIGA PJ, LIGA Min, LIGA G/GC",—,,False,Le Puy FC,False,7/534/5/0 | 0/0/0/0 | 0/0/0/0 | 0/0/0/0 | 0/0/0/0,8/595/6/0 | 0/0/0/0 | 0/0/0/0 | 0/0/0/0 | 0/0/0/0
2026-27,MEDIOCENTROS,198,Halit Yilmaz,TSV Landsberg,Regionalliga,669213,"LIGA PJ, LIGA Min",—,,False,TSV Landsberg,False,4/130/1/0 | 3/225/4/0 | 0/0/0/0 | 0/0/0/0 | 0/0/0/0,5/144/1/0 | 3/225/4/0 | 0/0/0/0 | 0/0/0/0 | 0/0/0/0
2026-27,MEDIOCENTROS,209,Bjarne Pfundheller,VfB Lübeck,Regionalliga,1039831,"LIGA PJ, LIGA Min",—,,False,VfB Lübeck,False,10/868/3/1 | 2/179/1/0 | 0/0/0/0 | 0/0/0/0 | 0/0/0/0,11/958/3/1 | 2/179/1/0 | 0/0/0/0 | 0/0/0/0 | 0/0/0/0
2026-27,MEDIOCENTROS,221,Nathan Tshikuna,Tamworth,National League,1159848,"LIGA PJ, LIGA Min",—,,False,Tamworth,False,9/408/3/1 | 2/168/1/0 | 0/0/0/0 | 0/0/0/0 | 0/0/0/0,10/482/3/1 | 2/168/1/0 | 0/0/0/0 | 0/0/0/0 | 0/0/0/0
2026-27,MEDIOCENTROS,233,Bamo Karim,Eimsbütteler TV,Regionalliga,447795,"LIGA PJ, LIGA Min, LIGA G/GC",—,,False,Eimsbütteler TV,False,10/825/3/2 | 2/147/0/0 | 0/0/0/0 | 0/0/0/0 | 0/0/0/0,11/915/4/2 | 2/147/0/0 | 0/0/0/0 | 0/0/0/0 | 0/0/0/0
2026-27,MEDIOCENTROS,235,Mohamed Sydney Sylla,Altglienicke,Regionalliga,373702,"LIGA PJ, LIGA Min",—,,False,Altglienicke,False,10/778/3/2 | 1/120/0/0 | 0/0/0/0 | 0/0/0/0 | 0/0/0/0,11/864/3/2 | 1/120/0/0 | 0/0/0/0 | 0/0/0/0 | 0/0/0/0
2026-27,MEDIOCENTROS,238,Harvey Bunker,Carlisle United,National League,734509,"LIGA PJ, LIGA Min",—,,False,Carlisle United,False,9/781/3/2 | 0/0/0/0 | 0/0/0/0 | 0/0/0/0 | 0/0/0/0,10/871/3/2 | 0/0/0/0 | 0/0/0/0 | 0/0/0/0 | 0/0/0/0
2026-27,MEDIOCENTROS,245,Kieran Green,Grimsby Town,League Two,343301,"LIGA PJ, LIGA Min",—,,False,Grimsby Town,False,7/610/3/2 | 1/75/0/0 | 0/0/0/0 | 0/0/0/0 | 0/0/0/0,8/700/3/2 | 1/75/0/0 | 0/0/0/0 | 0/0/0/0 | 0/0/0/0
2026-27,MEDIOCENTROS,249,Max Meyer,DJK Vilzing,Regionalliga,897422,"LIGA PJ, LIGA Min",—,,False,DJK Vilzing,False,7/495/1/2 | 2/113/2/0 | 0/0/0/0 | 0/0/0/0 | 0/0/0/0,8/585/1/2 | 2/113/2/0 | 0/0/0/0 | 0/0/0/0 | 0/0/0/0
2026-27,MEDIOCENTROS,270,Valdemar Sadrifar,BFC Dynamo,Regionalliga,605454,"LIGA PJ, LIGA Min",—,,False,BFC Dynamo,False,9/791/2/3 | 0/0/0/0 | 0/0/0/0 | 0/0/0/0 | 0/0/0/0,10/881/2/3 | 0/0/0/0 | 0/0/0/0 | 0/0/0/0 | 0/0/0/0
2026-27,MEDIOCENTROS,271,Harvey White,Plymouth Argyle,League One,581598,"LIGA PJ, LIGA Min",—,,False,Plymouth Argyle,False,7/629/2/1 | 2/149/0/2 | 0/0/0/0 | 0/0/0/0 | 0/0/0/0,8/719/2/1 | 2/149/0/2 | 0/0/0/0 | 0/0/0/0 | 0/0/0/0
2026-27,MEDIOCENTROS,272,Farid Abderrahmane,Lok Leipzig,Regionalliga,213947,"LIGA PJ, LIGA Min",—,,False,Lok Leipzig,False,9/755/2/3 | 0/0/0/0 | 0/0/0/0 | 0/0/0/0 | 0/0/0/0,10/845/2/3 | 0/0/0/0 | 0/0/0/0 | 0/0/0/0 | 0/0/0/0
2026-27,MEDIOCENTROS,273,Mario García,SD Huesca,Primera Federación,786039,"LIGA PJ, LIGA Min, LIGA G/GC, LIGA A/CS, COPA PJ, COPA Min",—,,False,SD Huesca,False,8/648/2/3 | 1/90/0/0 | 0/0/0/0 | 0/0/0/0 | 0/0/0/0,2/165/0/1 | 0/0/0/0 | 0/0/0/0 | 0/0/0/0 | 0/0/0/0
2026-27,MEDIOCENTROS,276,Kyle McAdam,Southend United,National League,697283,"LIGA PJ, LIGA Min",—,,False,Southend United,False,8/673/2/3 | 0/0/0/0 | 0/0/0/0 | 0/0/0/0 | 0/0/0/0,9/763/2/3 | 0/0/0/0 | 0/0/0/0 | 0/0/0/0 | 0/0/0/0
2026-27,MEDIOCENTROS,282,Greg Olley,Fylde,National League,257533,"LIGA PJ, LIGA Min",—,,False,Fylde,False,7/508/2/3 | 1/13/0/0 | 0/0/0/0 | 0/0/0/0 | 0/0/0/0,8/528/2/3 | 1/13/0/0 | 0/0/0/0 | 0/0/0/0 | 0/0/0/0
2026-27,MEDIOCENTROS,311,Tom Crawford,Altrincham,National League,523536,"LIGA PJ, LIGA Min",—,,False,Altrincham,False,8/675/4/0 | 0/0/0/0 | 0/0/0/0 | 0/0/0/0 | 0/0/0/0,9/749/4/0 | 0/0/0/0 | 0/0/0/0 | 0/0/0/0 | 0/0/0/0
2026-27,MEDIOCENTROS,315,Sam Austin,Southend United,National League,335843,"LIGA PJ, LIGA Min",—,,False,Southend United,False,7/258/4/0 | 0/0/0/0 | 0/0/0/0 | 0/0/0/0 | 0/0/0/0,8/312/4/0 | 0/0/0/0 | 0/0/0/0 | 0/0/0/0 | 0/0/0/0
2026-27,MEDIOCENTROS,325,Nathanael Kukanda,RSV Eintracht,Regionalliga,605269,"LIGA PJ, LIGA Min",—,,False,RSV Eintracht,False,10/848/2/1 | 1/90/1/0 | 0/0/0/0 | 0/0/0/0 | 0/0/0/0,11/922/2/1 | 1/90/1/0 | 0/0/0/0 | 0/0/0/0 | 0/0/0/0
2026-27,MEDIOCENTROS,329,Ricky Aguiar,Worthing,National League,919509,"LIGA PJ, LIGA Min",—,,False,Worthing,False,9/761/3/1 | 1/76/0/0 | 0/0/0/0 | 0/0/0/0 | 0/0/0/0,10/851/3/1 | 1/76/0/0 | 0/0/0/0 | 0/0/0/0 | 0/0/0/0
2026-27,MEDIOCENTROS,331,Josh Lundstram,Eastleigh,National League,505693,"LIGA PJ, LIGA Min",—,,False,Eastleigh,False,8/714/3/1 | 0/0/0/0 | 0/0/0/0 | 0/0/0/0 | 0/0/0/0,9/804/3/1 | 0/0/0/0 | 0/0/0/0 | 0/0/0/0 | 0/0/0/0
2026-27,MEDIOCENTROS,335,Janis Juckel,Greifswalder FC,Regionalliga,745073,"LIGA PJ, LIGA Min",—,,False,Greifswalder FC,False,10/617/3/1 | 2/36/0/0 | 0/0/0/0 | 0/0/0/0 | 0/0/0/0,11/699/3/1 | 2/36/0/0 | 0/0/0/0 | 0/0/0/0 | 0/0/0/0
2026-27,MEDIOCENTROS,344,Marvin Weiß,TSV Aubstadt,Regionalliga,472251,"LIGA PJ, LIGA Min",—,,False,TSV Aubstadt,False,8/328/0/1 | 4/243/3/0 | 0/0/0/0 | 0/0/0/0 | 0/0/0/0,9/363/0/1 | 4/243/3/0 | 0/0/0/0 | 0/0/0/0 | 0/0/0/0
2026-27,MEDIOCENTROS,349,Lewis Richardson,Boreham Wood,National League,657863,"LIGA PJ, LIGA Min",—,,False,Boreham Wood,False,9/249/1/1 | 3/202/2/0 | 0/0/0/0 | 0/0/0/0 | 0/0/0/0,10/319/1/1 | 3/202/2/0 | 0/0/0/0 | 0/0/0/0 | 0/0/0/0
2026-27,MEDIOCENTROS,353,Josh Hmami,Harrogate Town,National League,539277,"LIGA PJ, LIGA Min",—,,False,Harrogate Town,False,6/389/3/1 | 0/0/0/0 | 0/0/0/0 | 0/0/0/0 | 0/0/0/0,7/462/3/1 | 0/0/0/0 | 0/0/0/0 | 0/0/0/0 | 0/0/0/0
2026-27,MEDIOCENTROS,357,Sven Ho,BFC Dynamo,Regionalliga,1369647,"LIGA PJ, LIGA Min",—,,False,BFC Dynamo,False,3/82/0/0 | 2/180/3/1 | 0/0/0/0 | 0/0/0/0 | 0/0/0/0,4/86/0/0 | 2/180/3/1 | 0/0/0/0 | 0/0/0/0 | 0/0/0/0
2026-27,MEDIOCENTROS,358,Caleb Watts,Plymouth Argyle,League One,610665,"LIGA PJ, LIGA Min",—,,False,Plymouth Argyle,False,6/97/1/1 | 2/104/2/0 | 0/0/0/0 | 0/0/0/0 | 0/0/0/0,7/128/1/1 | 2/104/2/0 | 0/0/0/0 | 0/0/0/0 | 0/0/0/0
2026-27,MEDIOCENTROS,372,Roy Syla,Woking,National League,454269,"LIGA PJ, LIGA Min, LIGA A/CS",—,,False,Woking,False,9/798/2/2 | 2/135/0/0 | 0/0/0/0 | 0/0/0/0 | 0/0/0/0,10/888/2/3 | 2/135/0/0 | 0/0/0/0 | 0/0/0/0 | 0/0/0/0
2026-27,MEDIOCENTROS,377,Dorian Cevis,Lok Leipzig,Regionalliga,528245,"LIGA PJ, LIGA Min, LIGA A/CS",—,,False,Lok Leipzig,False,10/834/2/2 | 1/3/0/0 | 0/0/0/0 | 0/0/0/0 | 0/0/0/0,11/924/2/3 | 1/3/0/0 | 0/0/0/0 | 0/0/0/0 | 0/0/0/0
2026-27,MEDIOCENTROS,378,Denis Vukancic,HSC Hannover,Regionalliga,579308,"LIGA PJ, LIGA Min",—,,False,HSC Hannover,False,10/731/2/2 | 1/88/0/0 | 0/0/0/0 | 0/0/0/0 | 0/0/0/0,11/821/2/2 | 1/88/0/0 | 0/0/0/0 | 0/0/0/0 | 0/0/0/0
2026-27,MEDIOCENTROS,380,Bailey Hobson,Harrogate Town,National League,924629,"LIGA PJ, LIGA Min, LIGA G/GC",—,,False,Harrogate Town,False,9/806/2/2 | 0/0/0/0 | 0/0/0/0 | 0/0/0/0 | 0/0/0/0,10/888/3/2 | 0/0/0/0 | 0/0/0/0 | 0/0/0/0 | 0/0/0/0
2026-27,MEDIOCENTROS,387,Alexander Siebeck,Lok Leipzig,Regionalliga,195611,"LIGA PJ, LIGA Min",—,,False,Lok Leipzig,False,9/545/1/2 | 1/90/1/0 | 0/0/0/0 | 0/0/0/0 | 0/0/0/0,10/635/1/2 | 1/90/1/0 | 0/0/0/0 | 0/0/0/0 | 0/0/0/0
2026-27,MEDIOCENTROS,400,Birkan Celik,FC 08 Homburg,Regionalliga,486455,"LIGA PJ, LIGA Min",—,,False,FC 08 Homburg,False,7/554/2/2 | 0/0/0/0 | 0/0/0/0 | 0/0/0/0 | 0/0/0/0,8/600/2/2 | 0/0/0/0 | 0/0/0/0 | 0/0/0/0 | 0/0/0/0
2026-27,MEDIOCENTROS,401,Romain Basque,FC Versailles,Ligue 3,409147,"LIGA PJ, LIGA Min",—,,False,FC Versailles,False,7/552/2/2 | 0/0/0/0 | 0/0/0/0 | 0/0/0/0 | 0/0/0/0,8/642/2/2 | 0/0/0/0 | 0/0/0/0 | 0/0/0/0 | 0/0/0/0
2026-27,MEDIOCENTROS,403,Ben Milnes,Tamworth,National League,194358,"LIGA PJ, LIGA Min",—,,False,Tamworth,False,8/455/2/2 | 2/70/0/0 | 0/0/0/0 | 0/0/0/0 | 0/0/0/0,9/486/2/2 | 2/70/0/0 | 0/0/0/0 | 0/0/0/0 | 0/0/0/0
2026-27,MEDIOCENTROS,405,Ben Woods,Peterborough,League One,733424,"LIGA PJ, LIGA Min",—,,False,Peterborough,False,6/317/2/0 | 3/180/0/2 | 0/0/0/0 | 0/0/0/0 | 0/0/0/0,7/396/2/0 | 3/180/0/2 | 0/0/0/0 | 0/0/0/0 | 0/0/0/0
2026-27,MEDIOCENTROS,436,Bogdan Shubin,Kickers Emden,Regionalliga,654723,"LIGA PJ, LIGA Min",—,,False,Kickers Emden,False,10/900/1/3 | 1/90/0/0 | 0/0/0/0 | 0/0/0/0 | 0/0/0/0,11/990/1/3 | 1/90/0/0 | 0/0/0/0 | 0/0/0/0 | 0/0/0/0
2026-27,MEDIOCENTROS,445,Tom Feulner,Eltersdorf,Regionalliga,283874,"LIGA PJ, LIGA Min",—,,False,Eltersdorf,False,9/754/1/3 | 1/45/0/0 | 0/0/0/0 | 0/0/0/0 | 0/0/0/0,10/811/1/3 | 1/45/0/0 | 0/0/0/0 | 0/0/0/0 | 0/0/0/0
2026-27,MEDIOCENTROS,447,Benjika Caciel,Rot-Weiß Erfurt,Regionalliga,678253,"LIGA PJ, LIGA Min",—,,False,Rot-Weiß Erfurt,False,10/710/1/3 | 1/14/0/0 | 0/0/0/0 | 0/0/0/0 | 0/0/0/0,11/775/1/3 | 1/14/0/0 | 0/0/0/0 | 0/0/0/0 | 0/0/0/0
2026-27,MEDIOCENTROS,457,Jon Pauli,Eimsbütteler TV,Regionalliga,467113,"LIGA PJ, LIGA Min",—,,False,Eimsbütteler TV,False,10/401/1/3 | 1/45/0/0 | 0/0/0/0 | 0/0/0/0 | 0/0/0/0,11/491/1/3 | 1/45/0/0 | 0/0/0/0 | 0/0/0/0 | 0/0/0/0
2026-27,MEDIOCENTROS,459,Keaton Ward,Barrow,National League,826063,"LIGA PJ, LIGA Min",—,,False,Barrow,False,7/425/1/3 | 0/0/0/0 | 0/0/0/0 | 0/0/0/0 | 0/0/0/0,8/438/1/3 | 0/0/0/0 | 0/0/0/0 | 0/0/0/0 | 0/0/0/0
2026-27,MEDIOCENTROS,468,Dennis Dressel,1860 München,Regionalliga,324856,"LIGA PJ, LIGA Min",—,,False,1860 München,False,9/810/0/4 | 2/180/0/0 | 0/0/0/0 | 0/0/0/0 | 0/0/0/0,10/900/0/4 | 2/180/0/0 | 0/0/0/0 | 0/0/0/0 | 0/0/0/0
2026-27,MEDIOCENTROS,469,Dominique Ndure,Drochtersen/A.,Regionalliga,443364,"LIGA PJ, LIGA Min",—,,False,Drochtersen/A.,False,10/787/0/4 | 2/149/0/0 | 0/0/0/0 | 0/0/0/0 | 0/0/0/0,11/877/0/4 | 2/149/0/0 | 0/0/0/0 | 0/0/0/0 | 0/0/0/0
2026-27,MEDIOCENTROS,470,Tom Kankowski,VfB Lübeck,Regionalliga,654235,"LIGA PJ, LIGA Min, LIGA G/GC",—,,False,VfB Lübeck,False,9/620/0/1 | 2/180/0/3 | 0/0/0/0 | 0/0/0/0 | 0/0/0/0,10/710/1/1 | 2/180/0/3 | 0/0/0/0 | 0/0/0/0 | 0/0/0/0
2026-27,MEDIOCENTROS,473,Adrian Bravo Sanchez,Hessen Kassel,Regionalliga,230749,"LIGA PJ, LIGA Min",—,,False,Hessen Kassel,False,8/720/0/4 | 0/0/0/0 | 0/0/0/0 | 0/0/0/0 | 0/0/0/0,9/810/0/4 | 0/0/0/0 | 0/0/0/0 | 0/0/0/0 | 0/0/0/0
2026-27,MEDIOCENTROS,494,Ernes Smailovic,RSV Eintracht,Regionalliga,924498,"LIGA PJ, LIGA Min",—,,False,RSV Eintracht,False,10/826/2/0 | 2/158/1/0 | 0/0/0/0 | 0/0/0/0 | 0/0/0/0,11/916/2/0 | 2/158/1/0 | 0/0/0/0 | 0/0/0/0 | 0/0/0/0
2026-27,MEDIOCENTROS,495,Philip Fontein,BFC Preussen,Regionalliga,116094,"LIGA PJ, LIGA Min",—,,False,BFC Preussen,False,10/900/3/0 | 1/45/0/0 | 0/0/0/0 | 0/0/0/0 | 0/0/0/0,11/990/3/0 | 1/45/0/0 | 0/0/0/0 | 0/0/0/0 | 0/0/0/0
2026-27,MEDIOCENTROS,496,Myles Hippolyte,AFC Wimbledon,League One,329849,"SEL PJ, SEL Min",—,,False,AFC Wimbledon,False,7/603/3/0 | 3/171/0/0 | 0/0/0/0 | 0/0/0/0 | 0/0/0/0,7/603/3/0 | 3/171/0/0 | 0/0/0/0 | 0/0/0/0 | 1/90/0/0
2026-27,MEDIOCENTROS,498,James Brophy,Gillingham,League Two,386505,"LIGA PJ, LIGA Min",—,,False,Gillingham,False,7/624/3/0 | 1/90/0/0 | 0/0/0/0 | 0/0/0/0 | 0/0/0/0,8/714/3/0 | 1/90/0/0 | 0/0/0/0 | 0/0/0/0 | 0/0/0/0
2026-27,MEDIOCENTROS,507,Roko Ivankovic,SG Barockstadt,Regionalliga,651387,"LIGA PJ, LIGA Min",—,,False,SG Barockstadt,False,7/586/3/0 | 0/0/0/0 | 0/0/0/0 | 0/0/0/0 | 0/0/0/0,8/647/3/0 | 0/0/0/0 | 0/0/0/0 | 0/0/0/0 | 0/0/0/0
2026-27,MEDIOCENTROS,518,Jonas Hartl,Altglienicke,Regionalliga,920045,"LIGA PJ, LIGA Min, LIGA A/CS",—,,False,Altglienicke,False,7/352/3/0 | 1/77/0/0 | 0/0/0/0 | 0/0/0/0 | 0/0/0/0,8/376/3/1 | 1/77/0/0 | 0/0/0/0 | 0/0/0/0 | 0/0/0/0
2026-27,MEDIOCENTROS,520,Ben Whitfield,Boreham Wood,National League,402089,"LIGA PJ, LIGA Min, LIGA G/GC",—,,False,Boreham Wood,False,9/273/3/0 | 1/90/0/0 | 0/0/0/0 | 0/0/0/0 | 0/0/0/0,10/363/5/0 | 1/90/0/0 | 0/0/0/0 | 0/0/0/0 | 0/0/0/0
2026-27,MEDIOCENTROS,521,Marco Ballabio,Giana Erminio,Serie C,396085,"LIGA PJ, LIGA Min, LIGA A/CS",—,,False,Giana Erminio,False,4/228/1/0 | 2/120/2/0 | 0/0/0/0 | 0/0/0/0 | 0/0/0/0,5/318/1/1 | 2/120/2/0 | 0/0/0/0 | 0/0/0/0 | 0/0/0/0
2026-27,MEDIOCENTROS,522,Farès Hadj,SF Lotte,Regionalliga,496596,"LIGA PJ, LIGA Min",—,,False,SF Lotte,False,7/220/2/0 | 2/92/1/0 | 0/0/0/0 | 0/0/0/0 | 0/0/0/0,8/310/2/0 | 2/92/1/0 | 0/0/0/0 | 0/0/0/0 | 0/0/0/0
2026-27,MEDIOCENTROS,525,Iosif Maroudis,FCA Walldorf,Regionalliga,301711,"LIGA PJ, LIGA Min",—,,False,FCA Walldorf,False,4/234/2/0 | 1/45/1/0 | 0/0/0/0 | 0/0/0/0 | 0/0/0/0,5/324/2/0 | 1/45/1/0 | 0/0/0/0 | 0/0/0/0 | 0/0/0/0
2026-27,MEDIOCENTROS,539,Lukas Rietzler,FC Memmingen,Regionalliga,446608,"LIGA PJ, LIGA Min",—,,False,FC Memmingen,False,10/900/1/1 | 2/180/1/0 | 0/0/0/0 | 0/0/0/0 | 0/0/0/0,11/973/1/1 | 2/180/1/0 | 0/0/0/0 | 0/0/0/0 | 0/0/0/0
2026-27,MEDIOCENTROS,544,Jasper Hölscher,Eimsbütteler TV,Regionalliga,333537,"LIGA PJ, LIGA Min, LIGA G/GC",—,,False,Eimsbütteler TV,False,9/810/1/0 | 2/135/1/1 | 0/0/0/0 | 0/0/0/0 | 0/0/0/0,10/900/2/0 | 2/135/1/1 | 0/0/0/0 | 0/0/0/0 | 0/0/0/0
2026-27,MEDIOCENTROS,547,Levis Schaber,Schwaben Augsb.,Regionalliga,789721,"LIGA PJ, LIGA Min",—,,False,Schwaben Augsb.,False,10/816/2/1 | 3/99/0/0 | 0/0/0/0 | 0/0/0/0 | 0/0/0/0,11/856/2/1 | 3/99/0/0 | 0/0/0/0 | 0/0/0/0 | 0/0/0/0
2026-27,MEDIOCENTROS,549,Shean Mensah,Tasmania Berlin,Regionalliga,597461,"LIGA PJ, LIGA Min",—,,False,Tasmania Berlin,False,10/804/1/1 | 1/55/1/0 | 0/0/0/0 | 0/0/0/0 | 0/0/0/0,11/875/1/1 | 1/55/1/0 | 0/0/0/0 | 0/0/0/0 | 0/0/0/0
2026-27,MEDIOCENTROS,553,Matt Ward,Woking,National League,920194,"LIGA PJ, LIGA Min, LIGA G/GC",—,,False,Woking,False,9/793/2/1 | 1/18/0/0 | 0/0/0/0 | 0/0/0/0 | 0/0/0/0,10/858/3/1 | 1/18/0/0 | 0/0/0/0 | 0/0/0/0 | 0/0/0/0
2026-27,MEDIOCENTROS,554,Jayden Clarke,Forest Green,National League,1046775,"LIGA PJ, LIGA Min, LIGA G/GC, LIGA A/CS",—,,False,Forest Green,False,9/809/2/1 | 0/0/0/0 | 0/0/0/0 | 0/0/0/0 | 0/0/0/0,10/899/3/2 | 0/0/0/0 | 0/0/0/0 | 0/0/0/0 | 0/0/0/0
2026-27,MEDIOCENTROS,555,Miguel Azeez,Carlisle United,National League,547533,"LIGA PJ, LIGA Min",—,,False,Carlisle United,False,9/804/2/1 | 0/0/0/0 | 0/0/0/0 | 0/0/0/0 | 0/0/0/0,10/877/2/1 | 0/0/0/0 | 0/0/0/0 | 0/0/0/0 | 0/0/0/0
2026-27,MEDIOCENTROS,561,Harry Sidwell,Eastleigh,National League,1089042,"LIGA PJ, LIGA Min",—,,False,Eastleigh,False,8/709/2/1 | 0/0/0/0 | 0/0/0/0 | 0/0/0/0 | 0/0/0/0,9/777/2/1 | 0/0/0/0 | 0/0/0/0 | 0/0/0/0 | 0/0/0/0
2026-27,MEDIOCENTROS,563,Oliver Coker,Southend United,National League,810541,"LIGA PJ, LIGA Min",—,,False,Southend United,False,9/654/2/1 | 0/0/0/0 | 0/0/0/0 | 0/0/0/0 | 0/0/0/0,10/723/2/1 | 0/0/0/0 | 0/0/0/0 | 0/0/0/0 | 0/0/0/0
2026-27,MEDIOCENTROS,566,Lukas Rupp,VfR Mannheim,Regionalliga,82863,"LIGA PJ, LIGA Min",—,,False,VfR Mannheim,False,8/569/0/1 | 1/60/2/0 | 0/0/0/0 | 0/0/0/0 | 0/0/0/0,9/659/0/1 | 1/60/2/0 | 0/0/0/0 | 0/0/0/0 | 0/0/0/0
2026-27,MEDIOCENTROS,568,Cédric Gonçalves,Cannes,Ligue 3,333676,"LIGA PJ, LIGA Min",—,,False,Cannes,False,7/614/2/1 | 0/0/0/0 | 0/0/0/0 | 0/0/0/0 | 0/0/0/0,8/704/2/1 | 0/0/0/0 | 0/0/0/0 | 0/0/0/0 | 0/0/0/0
2026-27,MEDIOCENTROS,571,Mirko Boland,SV Todesfelde,Regionalliga,36255,"LIGA PJ, LIGA Min",—,,False,SV Todesfelde,False,7/585/2/1 | 0/0/0/0 | 0/0/0/0 | 0/0/0/0 | 0/0/0/0,8/675/2/1 | 0/0/0/0 | 0/0/0/0 | 0/0/0/0 | 0/0/0/0
2026-27,MEDIOCENTROS,573,Will McGowan,Harrogate Town,National League,1077626,"LIGA PJ, LIGA Min",—,,False,Harrogate Town,False,9/577/2/1 | 0/0/0/0 | 0/0/0/0 | 0/0/0/0 | 0/0/0/0,10/657/2/1 | 0/0/0/0 | 0/0/0/0 | 0/0/0/0 | 0/0/0/0
2026-27,MEDIOCENTROS,584,Luca Palzer,E. Norderstedt,Regionalliga,862154,"LIGA PJ, LIGA Min",—,,False,E. Norderstedt,False,9/517/2/1 | 0/0/0/0 | 0/0/0/0 | 0/0/0/0 | 0/0/0/0,10/607/2/1 | 0/0/0/0 | 0/0/0/0 | 0/0/0/0 | 0/0/0/0
2026-27,MEDIOCENTROS,585,Felice D'Amico,Caratese,Serie C,392500,"LIGA PJ, LIGA Min, LIGA G/GC, LIGA A/CS",—,,False,Caratese,False,6/417/2/0 | 1/86/0/1 | 0/0/0/0 | 0/0/0/0 | 0/0/0/0,7/507/3/1 | 1/86/0/1 | 0/0/0/0 | 0/0/0/0 | 0/0/0/0
2026-27,MEDIOCENTROS,594,Maximilian Zaiser,Stuttg. Kickers,Regionalliga,380423,"LIGA PJ, LIGA Min",—,,False,Stuttg. Kickers,False,8/439/2/1 | 0/0/0/0 | 0/0/0/0 | 0/0/0/0 | 0/0/0/0,9/502/2/1 | 0/0/0/0 | 0/0/0/0 | 0/0/0/0 | 0/0/0/0
2026-27,MEDIOCENTROS,599,Simone Nicoli,Sambenedettese,Serie C,458805,"LIGA PJ, LIGA Min",—,,False,Sambenedettese,False,5/313/1/1 | 1/90/1/0 | 0/0/0/0 | 0/0/0/0 | 0/0/0/0,6/403/1/1 | 1/90/1/0 | 0/0/0/0 | 0/0/0/0 | 0/0/0/0
2026-27,MEDIOCENTROS,604,Tom Whelan,Fylde,National League,691063,"LIGA PJ, LIGA Min",—,,False,Fylde,False,6/369/2/1 | 0/0/0/0 | 0/0/0/0 | 0/0/0/0 | 0/0/0/0,7/459/2/1 | 0/0/0/0 | 0/0/0/0 | 0/0/0/0 | 0/0/0/0
2026-27,MEDIOCENTROS,607,Ryan Broom,Cheltenham,League Two,380029,"LIGA PJ, LIGA Min, LIGA A/CS",—,,False,Cheltenham,False,5/215/2/1 | 2/115/0/0 | 0/0/0/0 | 0/0/0/0 | 0/0/0/0,6/302/2/2 | 2/115/0/0 | 0/0/0/0 | 0/0/0/0 | 0/0/0/0
2026-27,MEDIOCENTROS,611,David Vogt,Chemnitzer FC,Regionalliga,660442,"LIGA PJ, LIGA Min",—,,False,Chemnitzer FC,False,9/313/2/1 | 0/0/0/0 | 0/0/0/0 | 0/0/0/0 | 0/0/0/0,10/398/2/1 | 0/0/0/0 | 0/0/0/0 | 0/0/0/0 | 0/0/0/0
2026-27,MEDIOCENTROS,619,Jalil Moustaid,Thionville Lus.,Ligue 3,784576,"LIGA PJ, LIGA Min, LIGA A/CS",—,,False,Thionville Lus.,False,7/243/2/1 | 0/0/0/0 | 0/0/0/0 | 0/0/0/0 | 0/0/0/0,8/333/2/2 | 0/0/0/0 | 0/0/0/0 | 0/0/0/0 | 0/0/0/0
2026-27,MEDIOCENTROS,621,Ali Ceesay,BFC Dynamo,Regionalliga,1423113,"LIGA PJ, LIGA Min",—,,False,BFC Dynamo,False,2/32/0/1 | 2/180/2/0 | 0/0/0/0 | 0/0/0/0 | 0/0/0/0,3/33/0/1 | 2/180/2/0 | 0/0/0/0 | 0/0/0/0 | 0/0/0/0
2026-27,MEDIOCENTROS,625,Jack Morris,Fylde,National League,1297299,"LIGA PJ, LIGA Min",—,,False,Fylde,False,4/97/2/1 | 0/0/0/0 | 0/0/0/0 | 0/0/0/0 | 0/0/0/0,5/107/2/1 | 0/0/0/0 | 0/0/0/0 | 0/0/0/0 | 0/0/0/0
2026-27,MEDIOCENTROS,648,Marcel Langer,HSC Hannover,Regionalliga,236995,"LIGA PJ, LIGA Min",—,,False,HSC Hannover,False,10/900/1/2 | 1/90/0/0 | 0/0/0/0 | 0/0/0/0 | 0/0/0/0,11/990/1/2 | 1/90/0/0 | 0/0/0/0 | 0/0/0/0 | 0/0/0/0
2026-27,MEDIOCENTROS,652,Felix Schwarzholz,Schwaben Augsb.,Regionalliga,380273,"LIGA PJ, LIGA Min",—,,False,Schwaben Augsb.,False,9/713/0/2 | 3/225/1/0 | 0/0/0/0 | 0/0/0/0 | 0/0/0/0,10/803/0/2 | 3/225/1/0 | 0/0/0/0 | 0/0/0/0 | 0/0/0/0
2026-27,MEDIOCENTROS,660,Michael Martin,Heilbronn-Frei.,Regionalliga,420376,"LIGA PJ, LIGA Min",—,,False,Heilbronn-Frei.,False,8/674/1/2 | 2/105/0/0 | 0/0/0/0 | 0/0/0/0 | 0/0/0/0,9/764/1/2 | 2/105/0/0 | 0/0/0/0 | 0/0/0/0 | 0/0/0/0
2026-27,MEDIOCENTROS,663,Marinus Spann,Unterhaching,Regionalliga,1295148,"LIGA PJ, LIGA Min",—,,False,Unterhaching,False,7/510/1/0 | 3/236/0/2 | 0/0/0/0 | 0/0/0/0 | 0/0/0/0,8/600/1/0 | 3/236/0/2 | 0/0/0/0 | 0/0/0/0 | 0/0/0/0
2026-27,MEDIOCENTROS,665,Géza Dávid Turi,Grimsby Town,League Two,692906,"SEL PJ, SEL Min",—,,False,Grimsby Town,False,7/630/1/1 | 1/90/0/1 | 0/0/0/0 | 0/0/0/0 | 0/0/0/0,7/630/1/1 | 1/90/0/1 | 0/0/0/0 | 0/0/0/0 | 1/80/0/0
2026-27,MEDIOCENTROS,667,Aidan Barlow,Altrincham,National League,477450,"LIGA PJ, LIGA Min, LIGA A/CS",—,,False,Altrincham,False,8/689/1/2 | 0/0/0/0 | 0/0/0/0 | 0/0/0/0 | 0/0/0/0,9/779/1/3 | 0/0/0/0 | 0/0/0/0 | 0/0/0/0 | 0/0/0/0
2026-27,MEDIOCENTROS,669,Darren Oldaker,Southend United,National League,388585,"LIGA PJ, LIGA Min",—,,False,Southend United,False,9/681/1/2 | 0/0/0/0 | 0/0/0/0 | 0/0/0/0 | 0/0/0/0,10/771/1/2 | 0/0/0/0 | 0/0/0/0 | 0/0/0/0 | 0/0/0/0
2026-27,MEDIOCENTROS,671,Ben Jablonski,SV Todesfelde,Regionalliga,910540,"LIGA PJ, LIGA Min",—,,False,SV Todesfelde,False,10/670/1/2 | 0/0/0/0 | 0/0/0/0 | 0/0/0/0 | 0/0/0/0,11/760/1/2 | 0/0/0/0 | 0/0/0/0 | 0/0/0/0 | 0/0/0/0
2026-27,MEDIOCENTROS,673,Jan-Lukas Liehr,FC Gütersloh,Regionalliga,385242,"LIGA PJ, LIGA Min",—,,False,FC Gütersloh,False,9/613/1/2 | 2/50/0/0 | 0/0/0/0 | 0/0/0/0 | 0/0/0/0,10/641/1/2 | 2/50/0/0 | 0/0/0/0 | 0/0/0/0 | 0/0/0/0
2026-27,MEDIOCENTROS,678,Ben Westermeier,Unterhaching,Regionalliga,613154,"LIGA PJ, LIGA Min",—,,False,Unterhaching,False,6/495/1/2 | 2/115/0/0 | 0/0/0/0 | 0/0/0/0 | 0/0/0/0,7/585/1/2 | 2/115/0/0 | 0/0/0/0 | 0/0/0/0 | 0/0/0/0
2026-27,MEDIOCENTROS,681,Teddy Jenks,Carlisle United,National League,530915,"LIGA PJ, LIGA Min",—,,False,Carlisle United,False,8/587/1/2 | 0/0/0/0 | 0/0/0/0 | 0/0/0/0 | 0/0/0/0,9/661/1/2 | 0/0/0/0 | 0/0/0/0 | 0/0/0/0 | 0/0/0/0
2026-27,MEDIOCENTROS,684,Momar Ndiaye,VFC La Roche,Ligue 3,972117,"LIGA PJ, LIGA Min, LIGA G/GC",—,,False,VFC La Roche,False,7/583/1/2 | 0/0/0/0 | 0/0/0/0 | 0/0/0/0 | 0/0/0/0,8/673/2/2 | 0/0/0/0 | 0/0/0/0 | 0/0/0/0 | 0/0/0/0
2026-27,MEDIOCENTROS,690,Christian Aucelli,Trento,Serie C,613129,"LIGA PJ, LIGA Min",—,,False,Trento,False,6/459/1/2 | 2/105/0/0 | 0/0/0/0 | 0/0/0/0 | 0/0/0/0,7/549/1/2 | 2/105/0/0 | 0/0/0/0 | 0/0/0/0 | 0/0/0/0
2026-27,MEDIOCENTROS,697,Tom McGlinchey,Tamworth,National League,331037,"LIGA PJ, LIGA Min",—,,False,Tamworth,False,8/338/0/2 | 2/180/1/0 | 0/0/0/0 | 0/0/0/0 | 0/0/0/0,9/428/0/2 | 2/180/1/0 | 0/0/0/0 | 0/0/0/0 | 0/0/0/0
2026-27,MEDIOCENTROS,698,Nicolò Ledonne,Novara,Serie C,743581,"LIGA PJ, LIGA Min",—,,False,Novara,False,6/380/0/2 | 2/133/1/0 | 0/0/0/0 | 0/0/0/0 | 0/0/0/0,7/470/0/2 | 2/133/1/0 | 0/0/0/0 | 0/0/0/0 | 0/0/0/0
2026-27,MEDIOCENTROS,701,Jannes Werner,Carl Zeiss Jena,Regionalliga,798680,"LIGA PJ, LIGA Min, LIGA A/CS",—,,False,Carl Zeiss Jena,False,8/416/1/1 | 1/90/0/1 | 0/0/0/0 | 0/0/0/0 | 0/0/0/0,9/506/1/2 | 1/90/0/1 | 0/0/0/0 | 0/0/0/0 | 0/0/0/0
2026-27,MEDIOCENTROS,714,Christopher Wähling,Eintracht Trier,Regionalliga,604484,"LIGA PJ, LIGA Min",—,,False,Eintracht Trier,False,7/387/1/2 | 1/63/0/0 | 0/0/0/0 | 0/0/0/0 | 0/0/0/0,8/448/1/2 | 1/63/0/0 | 0/0/0/0 | 0/0/0/0 | 0/0/0/0
2026-27,MEDIOCENTROS,716,Loïc Goujon,Concarneau,Ligue 3,450389,"LIGA PJ, LIGA Min",—,,False,Concarneau,False,7/438/1/2 | 0/0/0/0 | 0/0/0/0 | 0/0/0/0 | 0/0/0/0,8/528/1/2 | 0/0/0/0 | 0/0/0/0 | 0/0/0/0 | 0/0/0/0
2026-27,MEDIOCENTROS,725,Giorgio Tumbarello,Savoia,Serie C,287564,"LIGA PJ, LIGA Min, LIGA G/GC",—,,False,Savoia,False,4/334/0/1 | 1/64/1/1 | 0/0/0/0 | 0/0/0/0 | 0/0/0/0,5/424/1/1 | 1/64/1/1 | 0/0/0/0 | 0/0/0/0 | 0/0/0/0
2026-27,MEDIOCENTROS,735,Mattia Aramu,Livorno,Serie C,200188,"LIGA PJ, LIGA Min",—,,False,Livorno,False,4/290/1/2 | 2/38/0/0 | 0/0/0/0 | 0/0/0/0 | 0/0/0/0,5/362/1/2 | 2/38/0/0 | 0/0/0/0 | 0/0/0/0 | 0/0/0/0
2026-27,MEDIOCENTROS,755,Dong-woo Kim,RSV Eintracht,Regionalliga,690557,"LIGA PJ, LIGA Min",—,,False,RSV Eintracht,False,10/900/0/1 | 2/152/0/2 | 0/0/0/0 | 0/0/0/0 | 0/0/0/0,11/990/0/1 | 2/152/0/2 | 0/0/0/0 | 0/0/0/0 | 0/0/0/0
2026-27,MEDIOCENTROS,758,Cody Johnson,Halifax Town,National League,1043656,"LIGA PJ, LIGA Min",—,,False,Halifax Town,False,9/754/0/2 | 2/138/0/1 | 0/0/0/0 | 0/0/0/0 | 0/0/0/0,10/844/0/2 | 2/138/0/1 | 0/0/0/0 | 0/0/0/0 | 0/0/0/0
2026-27,MEDIOCENTROS,763,Joey Breitfeld,BFC Dynamo,Regionalliga,273872,"LIGA PJ, LIGA Min",—,,False,BFC Dynamo,False,10/750/0/3 | 0/0/0/0 | 0/0/0/0 | 0/0/0/0 | 0/0/0/0,11/840/0/3 | 0/0/0/0 | 0/0/0/0 | 0/0/0/0 | 0/0/0/0
2026-27,MEDIOCENTROS,765,Brett McGavin,Yeovil Town,National League,718253,"LIGA PJ, LIGA Min",—,,False,Yeovil Town,False,9/708/0/3 | 0/0/0/0 | 0/0/0/0 | 0/0/0/0 | 0/0/0/0,10/798/0/3 | 0/0/0/0 | 0/0/0/0 | 0/0/0/0 | 0/0/0/0
2026-27,MEDIOCENTROS,766,Nick Tsaroulla,Notts County,League One,486288,"SEL PJ, SEL Min, SEL A/CS",—,,False,Notts County,False,7/597/0/2 | 1/80/0/1 | 0/0/0/0 | 0/0/0/0 | 0/0/0/0,7/597/0/2 | 1/80/0/1 | 0/0/0/0 | 0/0/0/0 | 1/45/0/1
2026-27,MEDIOCENTROS,770,Luca Horn,FSV Schöningen,Regionalliga,329814,"LIGA PJ, LIGA Min",—,,False,FSV Schöningen,False,8/551/0/3 | 1/90/0/0 | 0/0/0/0 | 0/0/0/0 | 0/0/0/0,9/641/0/3 | 1/90/0/0 | 0/0/0/0 | 0/0/0/0 | 0/0/0/0
2026-27,MEDIOCENTROS,774,Levin Müller,TSV Steinbach,Regionalliga,684304,"LIGA PJ, LIGA Min",—,,False,TSV Steinbach,False,7/506/0/3 | 1/90/0/0 | 0/0/0/0 | 0/0/0/0 | 0/0/0/0,8/574/0/3 | 1/90/0/0 | 0/0/0/0 | 0/0/0/0 | 0/0/0/0
2026-27,MEDIOCENTROS,783,Marco Fossati,Trento,Serie C,110931,"LIGA PJ, LIGA Min",—,,False,Trento,False,6/412/0/3 | 1/82/0/0 | 0/0/0/0 | 0/0/0/0 | 0/0/0/0,7/502/0/3 | 1/82/0/0 | 0/0/0/0 | 0/0/0/0 | 0/0/0/0
2026-27,MEDIOCENTROS,787,Til Schwarz,Rot-Weiß Erfurt,Regionalliga,579417,"LIGA PJ, LIGA Min, LIGA G/GC",—,,False,Rot-Weiß Erfurt,False,6/289/0/2 | 2/166/0/1 | 0/0/0/0 | 0/0/0/0 | 0/0/0/0,7/375/1/2 | 2/166/0/1 | 0/0/0/0 | 0/0/0/0 | 0/0/0/0
2026-27,MEDIOCENTROS,794,Daniel Kyerewaa,Reading,League One,522104,"LIGA PJ, LIGA Min",—,,False,Reading,False,5/189/0/1 | 4/193/0/2 | 0/0/0/0 | 0/0/0/0 | 0/0/0/0,6/204/0/1 | 4/193/0/2 | 0/0/0/0 | 0/0/0/0 | 0/0/0/0
2026-27,MEDIOCENTROS,796,Meshak Babanzila,Gimnàstic,Primera Federación,1049590,"LIGA PJ, LIGA Min",—,,False,Gimnàstic,False,4/360/0/3 | 0/0/0/0 | 0/0/0/0 | 0/0/0/0 | 0/0/0/0,5/449/0/3 | 0/0/0/0 | 0/0/0/0 | 0/0/0/0 | 0/0/0/0
2026-27,MEDIOCENTROS,799,Jason Adigun,Stockport,League One,965617,"LIGA PJ, LIGA Min",—,,False,Stockport,False,7/174/0/0 | 2/103/0/3 | 0/0/0/0 | 0/0/0/0 | 0/0/0/0,8/210/0/0 | 2/103/0/3 | 0/0/0/0 | 0/0/0/0 | 0/0/0/0
2026-27,MEDIOCENTROS,821,Marco Nickel,TSV Aubstadt,Regionalliga,457349,"LIGA PJ, LIGA Min",—,,False,TSV Aubstadt,False,9/810/1/0 | 3/223/1/0 | 0/0/0/0 | 0/0/0/0 | 0/0/0/0,10/900/1/0 | 3/223/1/0 | 0/0/0/0 | 0/0/0/0 | 0/0/0/0
2026-27,MEDIOCENTROS,822,Tobias Dietrich,SpVgg Ansbach,Regionalliga,384015,"LIGA PJ, LIGA Min",—,,False,SpVgg Ansbach,False,9/810/1/0 | 2/180/1/0 | 0/0/0/0 | 0/0/0/0 | 0/0/0/0,10/900/1/0 | 2/180/1/0 | 0/0/0/0 | 0/0/0/0 | 0/0/0/0
2026-27,MEDIOCENTROS,825,Scott High,Solihull Moors,National League,728982,"LIGA PJ, LIGA Min",—,,False,Solihull Moors,False,9/797/1/0 | 2/135/1/0 | 0/0/0/0 | 0/0/0/0 | 0/0/0/0,10/886/1/0 | 2/135/1/0 | 0/0/0/0 | 0/0/0/0 | 0/0/0/0
2026-27,MEDIOCENTROS,827,Keita Taguchi,SSV Jeddeloh II,Regionalliga,787539,"LIGA PJ, LIGA Min",—,,False,SSV Jeddeloh II,False,10/753/2/0 | 2/103/0/0 | 0/0/0/0 | 0/0/0/0 | 0/0/0/0,11/843/2/0 | 2/103/0/0 | 0/0/0/0 | 0/0/0/0 | 0/0/0/0
2026-27,MEDIOCENTROS,830,Rintaro Yajima,Tasmania Berlin,Regionalliga,165375,"LIGA PJ, LIGA Min, LIGA G/GC",—,,False,Tasmania Berlin,False,9/698/1/0 | 2/125/1/0 | 0/0/0/0 | 0/0/0/0 | 0/0/0/0,10/788/2/0 | 2/125/1/0 | 0/0/0/0 | 0/0/0/0 | 0/0/0/0
2026-27,MEDIOCENTROS,836,Jahn Herrmann,TSV Steinbach,Regionalliga,406612,"LIGA PJ, LIGA Min",—,,False,TSV Steinbach,False,8/680/2/0 | 1/74/0/0 | 0/0/0/0 | 0/0/0/0 | 0/0/0/0,9/770/2/0 | 1/74/0/0 | 0/0/0/0 | 0/0/0/0 | 0/0/0/0
2026-27,MEDIOCENTROS,838,Callum Dolan,Kidderminster,National League,505157,"LIGA PJ, LIGA Min",—,,False,Kidderminster,False,9/726/2/0 | 0/0/0/0 | 0/0/0/0 | 0/0/0/0 | 0/0/0/0,10/816/2/0 | 0/0/0/0 | 0/0/0/0 | 0/0/0/0 | 0/0/0/0
2026-27,MEDIOCENTROS,842,Dilan Markanday,Chesterfield,League Two,530807,"LIGA PJ, LIGA Min",—,,False,Chesterfield,False,7/604/2/0 | 1/90/0/0 | 0/0/0/0 | 0/0/0/0 | 0/0/0/0,8/694/2/0 | 1/90/0/0 | 0/0/0/0 | 0/0/0/0 | 0/0/0/0
2026-27,MEDIOCENTROS,850,Mabrouk Rouaï,Valenciennes FC,Ligue 3,690608,"LIGA PJ, LIGA Min",—,,False,Valenciennes FC,False,7/630/2/0 | 0/0/0/0 | 0/0/0/0 | 0/0/0/0 | 0/0/0/0,8/720/2/0 | 0/0/0/0 | 0/0/0/0 | 0/0/0/0 | 0/0/0/0
2026-27,MEDIOCENTROS,851,Jili Buyabu,Rotherham,League Two,1072898,"LIGA PJ, LIGA Min",—,,False,Rotherham,False,7/456/1/0 | 2/167/1/0 | 0/0/0/0 | 0/0/0/0 | 0/0/0/0,8/546/1/0 | 2/167/1/0 | 0/0/0/0 | 0/0/0/0 | 0/0/0/0
2026-27,MEDIOCENTROS,857,Luis Pohlenz,RSV Eintracht,Regionalliga,1227412,"LIGA PJ, LIGA Min",—,,False,RSV Eintracht,False,8/482/2/0 | 2/118/0/0 | 0/0/0/0 | 0/0/0/0 | 0/0/0/0,9/556/2/0 | 2/118/0/0 | 0/0/0/0 | 0/0/0/0 | 0/0/0/0
2026-27,MEDIOCENTROS,859,Morgan Roberts,Tamworth,National League,579771,"LIGA PJ, LIGA Min",—,,False,Tamworth,False,8/599/2/0 | 0/0/0/0 | 0/0/0/0 | 0/0/0/0 | 0/0/0/0,9/615/2/0 | 0/0/0/0 | 0/0/0/0 | 0/0/0/0 | 0/0/0/0
2026-27,MEDIOCENTROS,861,Dmytro Chornenkyi,RSV Eintracht,Regionalliga,1352735,"LIGA PJ, LIGA Min",—,,False,RSV Eintracht,False,9/414/0/0 | 2/180/2/0 | 0/0/0/0 | 0/0/0/0 | 0/0/0/0,10/430/0/0 | 2/180/2/0 | 0/0/0/0 | 0/0/0/0 | 0/0/0/0
2026-27,MEDIOCENTROS,862,Pietro Fiorini,Grosseto,Serie C,995070,"LIGA PJ, LIGA Min",—,,False,Grosseto,False,6/510/1/0 | 1/83/1/0 | 0/0/0/0 | 0/0/0/0 | 0/0/0/0,7/541/1/0 | 1/83/1/0 | 0/0/0/0 | 0/0/0/0 | 0/0/0/0
2026-27,MEDIOCENTROS,873,Arianit Ferati,SV Sandhausen,Regionalliga,247380,"LIGA PJ, LIGA Min",—,,False,SV Sandhausen,False,7/548/2/0 | 0/0/0/0 | 0/0/0/0 | 0/0/0/0 | 0/0/0/0,8/638/2/0 | 0/0/0/0 | 0/0/0/0 | 0/0/0/0 | 0/0/0/0
2026-27,MEDIOCENTROS,874,Marcel Fischer,TSV Aubstadt,Regionalliga,1079286,"LIGA PJ, LIGA Min",—,,False,TSV Aubstadt,False,5/383/1/0 | 2/164/1/0 | 0/0/0/0 | 0/0/0/0 | 0/0/0/0,6/473/1/0 | 2/164/1/0 | 0/0/0/0 | 0/0/0/0 | 0/0/0/0
2026-27,MEDIOCENTROS,876,Lorenzo Paolucci,Cittadella,Serie C,260416,"LIGA PJ, LIGA Min, LIGA G/GC, LIGA A/CS",—,,False,Cittadella,False,6/431/2/0 | 2/98/0/0 | 0/0/0/0 | 0/0/0/0 | 0/0/0/0,7/521/3/2 | 2/98/0/0 | 0/0/0/0 | 0/0/0/0 | 0/0/0/0
2026-27,MEDIOCENTROS,881,Charlie Whitaker,Tranmere Rovers,League Two,726992,"LIGA PJ, LIGA Min",—,,False,Tranmere Rovers,False,6/421/1/0 | 1/90/1/0 | 0/0/0/0 | 0/0/0/0 | 0/0/0/0,7/510/1/0 | 1/90/1/0 | 0/0/0/0 | 0/0/0/0 | 0/0/0/0
2026-27,MEDIOCENTROS,883,Rohin Shivani,SF Lotte,Regionalliga,972212,"LIGA PJ, LIGA Min",—,,False,SF Lotte,False,7/496/2/0 | 0/0/0/0 | 0/0/0/0 | 0/0/0/0 | 0/0/0/0,8/571/2/0 | 0/0/0/0 | 0/0/0/0 | 0/0/0/0 | 0/0/0/0
2026-27,MEDIOCENTROS,884,Julian Günther-Schmidt,FC 08 Homburg,Regionalliga,161079,"LIGA PJ, LIGA Min",—,,False,FC 08 Homburg,False,7/494/2/0 | 0/0/0/0 | 0/0/0/0 | 0/0/0/0 | 0/0/0/0,8/562/2/0 | 0/0/0/0 | 0/0/0/0 | 0/0/0/0 | 0/0/0/0
2026-27,MEDIOCENTROS,885,Luis Inderwisch,BFC Preussen,Regionalliga,1278067,"LIGA PJ, LIGA Min",—,,False,BFC Preussen,False,7/314/1/0 | 2/180/1/0 | 0/0/0/0 | 0/0/0/0 | 0/0/0/0,8/396/1/0 | 2/180/1/0 | 0/0/0/0 | 0/0/0/0 | 0/0/0/0
2026-27,MEDIOCENTROS,888,Vincent Thill,W. Mannheim,3. Liga,316760,"SEL PJ, SEL Min, SEL G/GC",—,,False,W. Mannheim,False,7/390/2/0 | 2/98/0/0 | 0/0/0/0 | 0/0/0/0 | 0/0/0/0,7/390/2/0 | 2/98/0/0 | 0/0/0/0 | 0/0/0/0 | 1/72/1/0
2026-27,MEDIOCENTROS,903,Kenny Freßle,FCA Walldorf,Regionalliga,1045963,"LIGA PJ, LIGA Min",—,,False,FCA Walldorf,False,7/325/1/0 | 1/90/1/0 | 0/0/0/0 | 0/0/0/0 | 0/0/0/0,8/407/1/0 | 1/90/1/0 | 0/0/0/0 | 0/0/0/0 | 0/0/0/0
2026-27,MEDIOCENTROS,904,Gabriele Mondini,Ospitaletto,Serie C,533487,"LIGA PJ, LIGA Min, LIGA G/GC",—,,False,Ospitaletto,False,5/321/1/0 | 1/90/1/0 | 0/0/0/0 | 0/0/0/0 | 0/0/0/0,6/411/2/0 | 1/90/1/0 | 0/0/0/0 | 0/0/0/0 | 0/0/0/0
2026-27,MEDIOCENTROS,911,Francesco Meola,Savoia,Serie C,824054,"LIGA PJ, LIGA Min, LIGA A/CS",—,,False,Savoia,False,5/304/2/0 | 1/77/0/0 | 0/0/0/0 | 0/0/0/0 | 0/0/0/0,6/394/2/1 | 1/77/0/0 | 0/0/0/0 | 0/0/0/0 | 0/0/0/0
2026-27,MEDIOCENTROS,914,Jordan Davies,Tranmere Rovers,League Two,427927,"LIGA PJ, LIGA Min",—,,False,Tranmere Rovers,False,5/285/1/0 | 1/90/1/0 | 0/0/0/0 | 0/0/0/0 | 0/0/0/0,6/304/1/0 | 1/90/1/0 | 0/0/0/0 | 0/0/0/0 | 0/0/0/0
2026-27,MEDIOCENTROS,936,Stefan Mols,Accrington,League Two,425712,"LIGA PJ, LIGA Min, LIGA A/CS",—,,False,Accrington,False,4/182/1/0 | 2/55/1/0 | 0/0/0/0 | 0/0/0/0 | 0/0/0/0,5/250/1/1 | 2/55/1/0 | 0/0/0/0 | 0/0/0/0 | 0/0/0/0
2026-27,MEDIOCENTROS,949,Johl Powell,Yeovil Town,National League,734940,"LIGA PJ, LIGA Min, LIGA G/GC",—,,False,Yeovil Town,False,8/191/2/0 | 0/0/0/0 | 0/0/0/0 | 0/0/0/0 | 0/0/0/0,9/214/3/0 | 0/0/0/0 | 0/0/0/0 | 0/0/0/0 | 0/0/0/0
2026-27,MEDIOCENTROS,955,Miquel Llabrés,Linares,Segunda Federación,632497,"LIGA PJ, LIGA Min",—,,False,Linares,False,3/163/2/0 | 0/0/0/0 | 0/0/0/0 | 0/0/0/0 | 0/0/0/0,4/253/2/0 | 0/0/0/0 | 0/0/0/0 | 0/0/0/0 | 0/0/0/0
2026-27,MEDIOCENTROS,959,Fadel Gobitaka,Thionville Lus.,Ligue 3,405973,"LIGA PJ, LIGA Min",—,,False,Thionville Lus.,False,3/108/2/0 | 0/0/0/0 | 0/0/0/0 | 0/0/0/0 | 0/0/0/0,4/109/2/0 | 0/0/0/0 | 0/0/0/0 | 0/0/0/0 | 0/0/0/0
2026-27,MEDIOCENTROS,961,Max Herrmann,SVA Delmenhorst,Regionalliga,917091,"LIGA PJ, LIGA Min",—,,False,SVA Delmenhorst,False,2/97/2/0 | 0/0/0/0 | 0/0/0/0 | 0/0/0/0 | 0/0/0/0,3/187/2/0 | 0/0/0/0 | 0/0/0/0 | 0/0/0/0 | 0/0/0/0
2026-27,MEDIOCENTROS,1006,Jorik Wulff,Drochtersen/A.,Regionalliga,405754,"LIGA PJ, LIGA Min",—,,False,Drochtersen/A.,False,10/847/0/1 | 2/210/1/0 | 0/0/0/0 | 0/0/0/0 | 0/0/0/0,11/937/0/1 | 2/210/1/0 | 0/0/0/0 | 0/0/0/0 | 0/0/0/0
2026-27,MEDIOCENTROS,1011,Filip Ilic,1.FC Bocholt,Regionalliga,816579,"LIGA PJ, LIGA Min",—,,False,1.FC Bocholt,False,8/678/1/1 | 2/210/0/0 | 0/0/0/0 | 0/0/0/0 | 0/0/0/0,9/731/1/1 | 2/210/0/0 | 0/0/0/0 | 0/0/0/0 | 0/0/0/0
2026-27,MEDIOCENTROS,1023,Tim Windsheimer,BFC Dynamo,Regionalliga,1031769,"LIGA PJ, LIGA Min",—,,False,BFC Dynamo,False,10/810/1/1 | 0/0/0/0 | 0/0/0/0 | 0/0/0/0 | 0/0/0/0,11/900/1/1 | 0/0/0/0 | 0/0/0/0 | 0/0/0/0 | 0/0/0/0
2026-27,MEDIOCENTROS,1026,Luan Fusaro,FC Memmingen,Regionalliga,1470624,"LIGA PJ, LIGA Min",—,,False,FC Memmingen,False,10/741/1/1 | 2/50/0/0 | 0/0/0/0 | 0/0/0/0 | 0/0/0/0,11/786/1/1 | 2/50/0/0 | 0/0/0/0 | 0/0/0/0 | 0/0/0/0
2026-27,MEDIOCENTROS,1028,Maximilian Waack,FCA Walldorf,Regionalliga,234385,"LIGA PJ, LIGA Min",—,,False,FCA Walldorf,False,8/711/1/1 | 1/76/0/0 | 0/0/0/0 | 0/0/0/0 | 0/0/0/0,9/801/1/1 | 1/76/0/0 | 0/0/0/0 | 0/0/0/0 | 0/0/0/0
2026-27,MEDIOCENTROS,1030,Aleksandar Kandic,FC Gütersloh,Regionalliga,622033,"LIGA PJ, LIGA Min",—,,False,FC Gütersloh,False,9/696/1/1 | 2/84/0/0 | 0/0/0/0 | 0/0/0/0 | 0/0/0/0,10/786/1/1 | 2/84/0/0 | 0/0/0/0 | 0/0/0/0 | 0/0/0/0
2026-27,MEDIOCENTROS,1036,Liam Humbles,Altrincham,National League,1053975,"LIGA PJ, LIGA Min",—,,False,Altrincham,False,9/750/1/1 | 0/0/0/0 | 0/0/0/0 | 0/0/0/0 | 0/0/0/0,10/758/1/1 | 0/0/0/0 | 0/0/0/0 | 0/0/0/0 | 0/0/0/0
2026-27,MEDIOCENTROS,1042,Emmanuel Osadebe,Sutton Utd,National League,393284,"LIGA PJ, LIGA Min, LIGA A/CS",—,,False,Sutton Utd,False,8/720/1/1 | 1/4/0/0 | 0/0/0/0 | 0/0/0/0 | 0/0/0/0,9/810/1/2 | 1/4/0/0 | 0/0/0/0 | 0/0/0/0 | 0/0/0/0
2026-27,MEDIOCENTROS,1049,Vincenzo Alfieri,Savoia,Serie C,628665,"LIGA PJ, LIGA Min",—,,False,Savoia,False,6/524/0/1 | 2/180/1/0 | 0/0/0/0 | 0/0/0/0 | 0/0/0/0,7/606/0/1 | 2/180/1/0 | 0/0/0/0 | 0/0/0/0 | 0/0/0/0
2026-27,MEDIOCENTROS,1050,Jack Wadham,Worthing,National League,733434,"LIGA PJ, LIGA Min",—,,False,Worthing,False,8/656/1/1 | 1/45/0/0 | 0/0/0/0 | 0/0/0/0 | 0/0/0/0,9/742/1/1 | 1/45/0/0 | 0/0/0/0 | 0/0/0/0 | 0/0/0/0
2026-27,MEDIOCENTROS,1057,Jacob Butterfield,Scunthorpe Utd.,National League,39827,"LIGA PJ, LIGA Min, LIGA A/CS",—,,False,Scunthorpe Utd.,False,9/617/1/1 | 1/62/0/0 | 0/0/0/0 | 0/0/0/0 | 0/0/0/0,10/680/1/2 | 1/62/0/0 | 0/0/0/0 | 0/0/0/0 | 0/0/0/0
2026-27,MEDIOCENTROS,1060,Pierre Weber,SpVgg Bayreuth,Regionalliga,804899,"LIGA PJ, LIGA Min, LIGA A/CS",—,,False,SpVgg Bayreuth,False,10/621/1/1 | 1/45/0/0 | 0/0/0/0 | 0/0/0/0 | 0/0/0/0,11/689/1/2 | 1/45/0/0 | 0/0/0/0 | 0/0/0/0 | 0/0/0/0
2026-27,MEDIOCENTROS,1065,Niklas Brandt,FSV Schöningen,Regionalliga,116772,"LIGA PJ, LIGA Min",—,,False,FSV Schöningen,False,7/568/1/1 | 1/90/0/0 | 0/0/0/0 | 0/0/0/0 | 0/0/0/0,8/658/1/1 | 1/90/0/0 | 0/0/0/0 | 0/0/0/0 | 0/0/0/0
2026-27,MEDIOCENTROS,1068,Tayt-Lemar Trusty,Halifax Town,National League,969415,"LIGA PJ, LIGA Min",—,,False,Halifax Town,False,8/471/1/0 | 2/180/0/1 | 0/0/0/0 | 0/0/0/0 | 0/0/0/0,9/561/1/0 | 2/180/0/1 | 0/0/0/0 | 0/0/0/0 | 0/0/0/0
2026-27,MEDIOCENTROS,1078,Noa Donat,Paris 13 Atl.,Ligue 3,1032381,"LIGA PJ, LIGA Min, LIGA A/CS",—,,False,Paris 13 Atl.,False,7/616/1/1 | 0/0/0/0 | 0/0/0/0 | 0/0/0/0 | 0/0/0/0,8/700/1/2 | 0/0/0/0 | 0/0/0/0 | 0/0/0/0 | 0/0/0/0
2026-27,MEDIOCENTROS,1082,Charlie Webster,Burton Albion,League One,697278,"LIGA PJ, LIGA Min",—,,False,Burton Albion,False,7/612/1/1 | 0/0/0/0 | 0/0/0/0 | 0/0/0/0 | 0/0/0/0,8/702/1/1 | 0/0/0/0 | 0/0/0/0 | 0/0/0/0 | 0/0/0/0
2026-27,MEDIOCENTROS,1084,Danil Wostrikow,Tasmania Berlin,Regionalliga,1148608,"LIGA PJ, LIGA Min",—,,False,Tasmania Berlin,False,8/563/0/1 | 1/45/1/0 | 0/0/0/0 | 0/0/0/0 | 0/0/0/0,9/653/0/1 | 1/45/1/0 | 0/0/0/0 | 0/0/0/0 | 0/0/0/0
2026-27,MEDIOCENTROS,1085,Moritz Brinkmann,SSV Jeddeloh II,Regionalliga,789974,"LIGA PJ, LIGA Min",—,,False,SSV Jeddeloh II,False,10/571/1/1 | 2/30/0/0 | 0/0/0/0 | 0/0/0/0 | 0/0/0/0,11/661/1/1 | 2/30/0/0 | 0/0/0/0 | 0/0/0/0 | 0/0/0/0
2026-27,MEDIOCENTROS,1088,Lorenzo Sabattini,Grosseto,Serie C,557556,"LIGA PJ, LIGA Min, LIGA A/CS",—,,False,Grosseto,False,6/503/1/1 | 1/90/0/0 | 0/0/0/0 | 0/0/0/0 | 0/0/0/0,7/593/1/3 | 1/90/0/0 | 0/0/0/0 | 0/0/0/0 | 0/0/0/0
2026-27,MEDIOCENTROS,1094,Tim Akinola,Woking,National League,638647,"LIGA PJ, LIGA Min",—,,False,Woking,False,7/479/1/0 | 1/90/0/1 | 0/0/0/0 | 0/0/0/0 | 0/0/0/0,8/569/1/0 | 1/90/0/1 | 0/0/0/0 | 0/0/0/0 | 0/0/0/0
2026-27,MEDIOCENTROS,1098,Raphael Wach,1860 München,Regionalliga,679688,"LIGA PJ, LIGA Min",—,,False,1860 München,False,9/326/0/0 | 4/237/1/1 | 0/0/0/0 | 0/0/0/0 | 0/0/0/0,10/350/0/0 | 4/237/1/1 | 0/0/0/0 | 0/0/0/0 | 0/0/0/0
2026-27,MEDIOCENTROS,1099,Pelly Ruddock Mpanzu,Cambridge Utd.,League One,244338,"LIGA PJ, LIGA Min, LIGA A/CS",—,,False,Cambridge Utd.,False,7/377/0/1 | 3/180/1/0 | 0/0/0/0 | 0/0/0/0 | 0/0/0/0,8/467/0/2 | 3/180/1/0 | 0/0/0/0 | 0/0/0/0 | 0/0/0/0
2026-27,MEDIOCENTROS,1107,Dion Ajvazi,Carl Zeiss Jena,Regionalliga,701825,"LIGA PJ, LIGA Min",—,,False,Carl Zeiss Jena,False,10/434/0/0 | 2/94/1/1 | 0/0/0/0 | 0/0/0/0 | 0/0/0/0,11/435/0/0 | 2/94/1/1 | 0/0/0/0 | 0/0/0/0 | 0/0/0/0
2026-27,MEDIOCENTROS,1108,Mattia Damiani,Grosseto,Serie C,704709,"LIGA PJ, LIGA Min",—,,False,Grosseto,False,6/527/1/1 | 0/0/0/0 | 0/0/0/0 | 0/0/0/0 | 0/0/0/0,7/572/1/1 | 0/0/0/0 | 0/0/0/0 | 0/0/0/0 | 0/0/0/0
2026-27,MEDIOCENTROS,1110,Andrea Barberis,Cittadella,Serie C,146680,"LIGA PJ, LIGA Min",—,,False,Cittadella,False,6/438/1/1 | 1/86/0/0 | 0/0/0/0 | 0/0/0/0 | 0/0/0/0,7/515/1/1 | 1/86/0/0 | 0/0/0/0 | 0/0/0/0 | 0/0/0/0
2026-27,MEDIOCENTROS,1122,Jesse Tugbenyo,TSV Havelse,3. Liga,565118,"LIGA PJ, LIGA Min",—,,False,TSV Havelse,False,6/490/1/1 | 0/0/0/0 | 0/0/0/0 | 0/0/0/0 | 0/0/0/0,7/580/1/1 | 0/0/0/0 | 0/0/0/0 | 0/0/0/0 | 0/0/0/0
2026-27,MEDIOCENTROS,1126,Djibril Sarr,QRM,Ligue 3,980746,"LIGA PJ, LIGA Min",—,,False,QRM,False,7/488/1/1 | 0/0/0/0 | 0/0/0/0 | 0/0/0/0 | 0/0/0/0,8/578/1/1 | 0/0/0/0 | 0/0/0/0 | 0/0/0/0 | 0/0/0/0
2026-27,MEDIOCENTROS,1134,Andrea Bacciardi,Livorno,Serie C,1059776,"LIGA PJ, LIGA Min, LIGA G/GC",—,,False,Livorno,False,5/391/0/0 | 2/80/1/1 | 0/0/0/0 | 0/0/0/0 | 0/0/0/0,6/414/1/0 | 2/80/1/1 | 0/0/0/0 | 0/0/0/0 | 0/0/0/0
2026-27,MEDIOCENTROS,1142,Daniele Pinto,Giana Erminio,Serie C,328847,"LIGA PJ, LIGA Min",—,,False,Giana Erminio,False,6/450/1/1 | 0/0/0/0 | 0/0/0/0 | 0/0/0/0 | 0/0/0/0,7/480/1/1 | 0/0/0/0 | 0/0/0/0 | 0/0/0/0 | 0/0/0/0
2026-27,MEDIOCENTROS,1144,Keanu Staude,K. Offenbach,Regionalliga,264310,"LIGA PJ, LIGA Min, LIGA A/CS",—,,False,K. Offenbach,False,8/445/1/1 | 0/0/0/0 | 0/0/0/0 | 0/0/0/0 | 0/0/0/0,9/535/1/2 | 0/0/0/0 | 0/0/0/0 | 0/0/0/0 | 0/0/0/0
2026-27,MEDIOCENTROS,1150,Tom Gomes,Bourg-en-Bresse,Ligue 3,1104405,"LIGA PJ, LIGA Min",—,,False,Bourg-en-Bresse,False,6/438/1/1 | 0/0/0/0 | 0/0/0/0 | 0/0/0/0 | 0/0/0/0,7/528/1/1 | 0/0/0/0 | 0/0/0/0 | 0/0/0/0 | 0/0/0/0
2026-27,MEDIOCENTROS,1158,Kyle Kelly,Forest Green,National League,1011749,"SEL PJ, SEL Min",—,,False,Forest Green,False,9/422/1/1 | 0/0/0/0 | 0/0/0/0 | 0/0/0/0 | 0/0/0/0,9/422/1/1 | 0/0/0/0 | 0/0/0/0 | 0/0/0/0 | 1/90/0/0
2026-27,MEDIOCENTROS,1167,Kelly N'Mai,Salford,League Two,871692,"LIGA PJ, LIGA Min, LIGA G/GC",—,,False,Salford,False,7/337/1/1 | 1/71/0/0 | 0/0/0/0 | 0/0/0/0 | 0/0/0/0,8/415/2/1 | 1/71/0/0 | 0/0/0/0 | 0/0/0/0 | 0/0/0/0
2026-27,MEDIOCENTROS,1168,Ole Käuper,TSV Steinbach,Regionalliga,195676,"LIGA PJ, LIGA Min",—,,False,TSV Steinbach,False,5/405/1/1 | 0/0/0/0 | 0/0/0/0 | 0/0/0/0 | 0/0/0/0,6/427/1/1 | 0/0/0/0 | 0/0/0/0 | 0/0/0/0 | 0/0/0/0
2026-27,MEDIOCENTROS,1172,Konstantinos Grigoriadis,Tasmania Berlin,Regionalliga,817489,"LIGA PJ, LIGA Min",—,,False,Tasmania Berlin,False,8/304/0/1 | 1/90/1/0 | 0/0/0/0 | 0/0/0/0 | 0/0/0/0,9/313/0/1 | 1/90/1/0 | 0/0/0/0 | 0/0/0/0 | 0/0/0/0
2026-27,MEDIOCENTROS,1175,Randell Williams,Reading,League One,415170,"LIGA PJ, LIGA Min",—,,False,Reading,False,6/102/0/1 | 4/291/1/0 | 0/0/0/0 | 0/0/0/0 | 0/0/0/0,7/118/0/1 | 4/291/1/0 | 0/0/0/0 | 0/0/0/0 | 0/0/0/0
2026-27,MEDIOCENTROS,1179,Jaime Barrero,Terrassa FC,Segunda Federación,510968,"LIGA PJ, LIGA Min",—,,False,Terrassa FC,False,3/270/0/0 | 2/116/1/1 | 0/0/0/0 | 0/0/0/0 | 0/0/0/0,4/360/0/0 | 2/116/1/1 | 0/0/0/0 | 0/0/0/0 | 0/0/0/0
2026-27,MEDIOCENTROS,1183,Almin Mesanovic,SC Verl,3. Liga,829253,"COPA PJ, COPA Min, COPA G/GC",—,,False,SC Verl,False,7/366/1/1 | 1/18/0/0 | 0/0/0/0 | 0/0/0/0 | 0/0/0/0,7/366/1/1 | 2/108/1/0 | 0/0/0/0 | 0/0/0/0 | 0/0/0/0
2026-27,MEDIOCENTROS,1189,Jonathan Beaulieu,VFC La Roche,Ligue 3,170982,"LIGA PJ, LIGA Min",—,,False,VFC La Roche,False,5/367/1/1 | 0/0/0/0 | 0/0/0/0 | 0/0/0/0 | 0/0/0/0,6/447/1/1 | 0/0/0/0 | 0/0/0/0 | 0/0/0/0 | 0/0/0/0
2026-27,MEDIOCENTROS,1200,Leander Popp,SSV Ulm 1846,Regionalliga,797564,"LIGA PJ, LIGA Min",—,,False,SSV Ulm 1846,False,4/338/1/1 | 0/0/0/0 | 0/0/0/0 | 0/0/0/0 | 0/0/0/0,5/413/1/1 | 0/0/0/0 | 0/0/0/0 | 0/0/0/0 | 0/0/0/0
2026-27,MEDIOCENTROS,1205,Ossama Ashley,Rotherham,League Two,555545,"LIGA PJ, LIGA Min",—,,False,Rotherham,False,5/250/1/1 | 2/76/0/0 | 0/0/0/0 | 0/0/0/0 | 0/0/0/0,6/340/1/1 | 2/76/0/0 | 0/0/0/0 | 0/0/0/0 | 0/0/0/0
2026-27,MEDIOCENTROS,1218,Andrea Sodero,Trento,Serie C,814453,"LIGA PJ, LIGA Min",—,,False,Trento,False,4/192/1/1 | 1/75/0/0 | 0/0/0/0 | 0/0/0/0 | 0/0/0/0,5/215/1/1 | 1/75/0/0 | 0/0/0/0 | 0/0/0/0 | 0/0/0/0
2026-27,MEDIOCENTROS,1236,Endri Muhameti,Giana Erminio,Serie C,725352,"LIGA PJ, LIGA Min",—,,False,Giana Erminio,False,4/152/1/0 | 1/60/0/1 | 0/0/0/0 | 0/0/0/0 | 0/0/0/0,5/212/1/0 | 1/60/0/1 | 0/0/0/0 | 0/0/0/0 | 0/0/0/0
2026-27,MEDIOCENTROS,1243,Harrison Sohna,Woking,National League,575210,"LIGA PJ, LIGA Min",—,,False,Woking,False,2/23/0/0 | 2/155/1/1 | 0/0/0/0 | 0/0/0/0 | 0/0/0/0,3/24/0/0 | 2/155/1/1 | 0/0/0/0 | 0/0/0/0 | 0/0/0/0
2026-27,MEDIOCENTROS,1247,Philipp Zimmerer,TSV Buchbach,Regionalliga,924050,"LIGA PJ, LIGA Min",—,,False,TSV Buchbach,False,7/56/1/1 | 3/73/0/0 | 0/0/0/0 | 0/0/0/0 | 0/0/0/0,8/101/1/1 | 3/73/0/0 | 0/0/0/0 | 0/0/0/0 | 0/0/0/0
2026-27,MEDIOCENTROS,1255,Calvin Sengül,Eltersdorf,Regionalliga,391389,"LIGA PJ, LIGA Min",—,,False,Eltersdorf,False,4/92/1/1 | 0/0/0/0 | 0/0/0/0 | 0/0/0/0 | 0/0/0/0,5/125/1/1 | 0/0/0/0 | 0/0/0/0 | 0/0/0/0 | 0/0/0/0
2026-27,MEDIOCENTROS,1290,Mark Helm,Fleetwood,League Two,596217,"LIGA PJ, LIGA Min, LIGA G/GC",—,,False,Fleetwood,False,7/588/0/0 | 3/237/0/2 | 0/0/0/0 | 0/0/0/0 | 0/0/0/0,8/678/1/0 | 3/237/0/2 | 0/0/0/0 | 0/0/0/0 | 0/0/0/0
2026-27,MEDIOCENTROS,1300,Ben Müller,SpVgg Ansbach,Regionalliga,326932,"LIGA PJ, LIGA Min",—,,False,SpVgg Ansbach,False,8/595/0/2 | 2/167/0/0 | 0/0/0/0 | 0/0/0/0 | 0/0/0/0,9/676/0/2 | 2/167/0/0 | 0/0/0/0 | 0/0/0/0 | 0/0/0/0
2026-27,MEDIOCENTROS,1304,Marco Niedermayer,Eltersdorf,Regionalliga,1418083,"LIGA PJ, LIGA Min",—,,False,Eltersdorf,False,8/657/0/2 | 1/90/0/0 | 0/0/0/0 | 0/0/0/0 | 0/0/0/0,9/747/0/2 | 1/90/0/0 | 0/0/0/0 | 0/0/0/0 | 0/0/0/0
2026-27,MEDIOCENTROS,1308,Brooklyn Ilunga,Hartlepool Utd.,National League,874376,"LIGA PJ, LIGA Min",—,,False,Hartlepool Utd.,False,9/715/0/2 | 1/2/0/0 | 0/0/0/0 | 0/0/0/0 | 0/0/0/0,10/781/0/2 | 1/2/0/0 | 0/0/0/0 | 0/0/0/0 | 0/0/0/0
2026-27,MEDIOCENTROS,1310,Ethan Mitchell,Fylde,National League,837279,"LIGA PJ, LIGA Min",—,,False,Fylde,False,9/701/0/2 | 0/0/0/0 | 0/0/0/0 | 0/0/0/0 | 0/0/0/0,10/788/0/2 | 0/0/0/0 | 0/0/0/0 | 0/0/0/0 | 0/0/0/0
2026-27,MEDIOCENTROS,1312,Simon Joachims,FC 08 Homburg,Regionalliga,585049,"LIGA PJ, LIGA Min",—,,False,FC 08 Homburg,False,8/694/0/2 | 0/0/0/0 | 0/0/0/0 | 0/0/0/0 | 0/0/0/0,9/770/0/2 | 0/0/0/0 | 0/0/0/0 | 0/0/0/0 | 0/0/0/0
2026-27,MEDIOCENTROS,1313,Conor Lawless,Aldershot,National League,530953,"LIGA PJ, LIGA Min, LIGA A/CS",—,,False,Aldershot,False,9/598/0/0 | 1/90/0/2 | 0/0/0/0 | 0/0/0/0 | 0/0/0/0,10/661/0/1 | 1/90/0/2 | 0/0/0/0 | 0/0/0/0 | 0/0/0/0
2026-27,MEDIOCENTROS,1316,Jayden Harris,Wealdstone,National League,460154,"LIGA PJ, LIGA Min",—,,False,Wealdstone,False,9/517/0/2 | 2/135/0/0 | 0/0/0/0 | 0/0/0/0 | 0/0/0/0,10/539/0/2 | 2/135/0/0 | 0/0/0/0 | 0/0/0/0 | 0/0/0/0
2026-27,MEDIOCENTROS,1317,Federico Renda,Giana Erminio,Serie C,1175370,"LIGA PJ, LIGA Min",—,,False,Giana Erminio,False,6/502/0/1 | 2/135/0/1 | 0/0/0/0 | 0/0/0/0 | 0/0/0/0,7/532/0/1 | 2/135/0/1 | 0/0/0/0 | 0/0/0/0 | 0/0/0/0
2026-27,MEDIOCENTROS,1320,Grégoire Lefebvre,FC Fleury 91,Ligue 3,302806,"LIGA PJ, LIGA Min",—,,False,FC Fleury 91,False,7/630/0/2 | 0/0/0/0 | 0/0/0/0 | 0/0/0/0 | 0/0/0/0,8/720/0/2 | 0/0/0/0 | 0/0/0/0 | 0/0/0/0 | 0/0/0/0
2026-27,MEDIOCENTROS,1321,Jordan Cousins,Eastleigh,National League,128902,"LIGA PJ, LIGA Min, LIGA G/GC",—,,False,Eastleigh,False,7/619/0/2 | 0/0/0/0 | 0/0/0/0 | 0/0/0/0 | 0/0/0/0,8/709/1/2 | 0/0/0/0 | 0/0/0/0 | 0/0/0/0 | 0/0/0/0
2026-27,MEDIOCENTROS,1322,Carmine Cretella,Cerignola,Serie C,672535,"LIGA PJ, LIGA Min",—,,False,Cerignola,False,6/526/0/2 | 1/90/0/0 | 0/0/0/0 | 0/0/0/0 | 0/0/0/0,7/616/0/2 | 1/90/0/0 | 0/0/0/0 | 0/0/0/0 | 0/0/0/0
2026-27,MEDIOCENTROS,1328,Sulyman Krubally,Burton Albion,League One,1447788,"LIGA PJ, LIGA Min",—,,False,Burton Albion,False,7/423/0/2 | 2/166/0/0 | 0/0/0/0 | 0/0/0/0 | 0/0/0/0,8/426/0/2 | 2/166/0/0 | 0/0/0/0 | 0/0/0/0 | 0/0/0/0
2026-27,MEDIOCENTROS,1333,Mcmoordy Hüther,Greifswalder FC,Regionalliga,397670,"LIGA PJ, LIGA Min",—,,False,Greifswalder FC,False,9/396/0/2 | 2/180/0/0 | 0/0/0/0 | 0/0/0/0 | 0/0/0/0,10/428/0/2 | 2/180/0/0 | 0/0/0/0 | 0/0/0/0 | 0/0/0/0
2026-27,MEDIOCENTROS,1344,Grégory Berthier,US Orléans,Ligue 3,215676,"LIGA PJ, LIGA Min",—,,False,US Orléans,False,7/545/0/2 | 0/0/0/0 | 0/0/0/0 | 0/0/0/0 | 0/0/0/0,8/582/0/2 | 0/0/0/0 | 0/0/0/0 | 0/0/0/0 | 0/0/0/0
2026-27,MEDIOCENTROS,1345,Ali Kasola,RSV Eintracht,Regionalliga,1366913,"LIGA PJ, LIGA Min",—,,False,RSV Eintracht,False,6/409/0/2 | 2/136/0/0 | 0/0/0/0 | 0/0/0/0 | 0/0/0/0,7/435/0/2 | 2/136/0/0 | 0/0/0/0 | 0/0/0/0 | 0/0/0/0
2026-27,MEDIOCENTROS,1352,Fatih Öztürk,SF Lotte,Regionalliga,1283190,"LIGA PJ, LIGA Min",—,,False,SF Lotte,False,6/450/0/2 | 1/84/0/0 | 0/0/0/0 | 0/0/0/0 | 0/0/0/0,7/540/0/2 | 1/84/0/0 | 0/0/0/0 | 0/0/0/0 | 0/0/0/0
2026-27,MEDIOCENTROS,1353,Johann Berger,TSV Havelse,3. Liga,451451,"LIGA PJ, LIGA Min",—,,False,TSV Havelse,False,6/527/0/2 | 0/0/0/0 | 0/0/0/0 | 0/0/0/0 | 0/0/0/0,7/617/0/2 | 0/0/0/0 | 0/0/0/0 | 0/0/0/0 | 0/0/0/0
2026-27,MEDIOCENTROS,1367,Lorenzo Menegazzo,Lumezzane,Serie C,897921,"LIGA PJ, LIGA Min, LIGA A/CS",—,,False,Lumezzane,False,6/396/0/1 | 1/89/0/1 | 0/0/0/0 | 0/0/0/0 | 0/0/0/0,7/441/0/2 | 1/89/0/1 | 0/0/0/0 | 0/0/0/0 | 0/0/0/0
2026-27,MEDIOCENTROS,1368,Courtney Clarke,FC Walsall,League Two,819863,"SEL PJ, SEL Min, SEL A/CS",—,,False,FC Walsall,False,6/387/0/2 | 2/97/0/0 | 0/0/0/0 | 0/0/0/0 | 0/0/0/0,6/387/0/2 | 2/97/0/0 | 0/0/0/0 | 0/0/0/0 | 1/25/0/1
2026-27,MEDIOCENTROS,1389,Armend Qenaj,FC 08 Homburg,Regionalliga,692025,"LIGA PJ, LIGA Min",—,,False,FC 08 Homburg,False,8/399/0/2 | 0/0/0/0 | 0/0/0/0 | 0/0/0/0 | 0/0/0/0,9/443/0/2 | 0/0/0/0 | 0/0/0/0 | 0/0/0/0 | 0/0/0/0
2026-27,MEDIOCENTROS,1392,Joseph Atangana,Thionville Lus.,Ligue 3,858015,"LIGA PJ, LIGA Min",—,,False,Thionville Lus.,False,5/383/0/2 | 0/0/0/0 | 0/0/0/0 | 0/0/0/0 | 0/0/0/0,6/473/0/2 | 0/0/0/0 | 0/0/0/0 | 0/0/0/0 | 0/0/0/0
2026-27,MEDIOCENTROS,1393,Kamil Bensoula,VFC La Roche,Ligue 3,1053145,"LIGA PJ, LIGA Min",—,,False,VFC La Roche,False,7/381/0/2 | 0/0/0/0 | 0/0/0/0 | 0/0/0/0 | 0/0/0/0,8/461/0/2 | 0/0/0/0 | 0/0/0/0 | 0/0/0/0 | 0/0/0/0
2026-27,MEDIOCENTROS,1408,Mika Walther,1.FC Bocholt,Regionalliga,1153314,"LIGA PJ, LIGA Min",—,,False,1.FC Bocholt,False,6/224/0/0 | 2/66/0/2 | 0/0/0/0 | 0/0/0/0 | 0/0/0/0,7/261/0/0 | 2/66/0/2 | 0/0/0/0 | 0/0/0/0 | 0/0/0/0
2026-27,MEDIOCENTROS,1409,Yassin Boulehris,RSV Eintracht,Regionalliga,1425346,"LIGA PJ, LIGA Min",—,,False,RSV Eintracht,False,7/192/0/1 | 1/90/0/1 | 0/0/0/0 | 0/0/0/0 | 0/0/0/0,8/218/0/1 | 1/90/0/1 | 0/0/0/0 | 0/0/0/0 | 0/0/0/0
2026-27,MEDIOCENTROS,1411,Luka Garic,K. Offenbach,Regionalliga,453210,"LIGA PJ, LIGA Min",—,,False,K. Offenbach,False,8/275/0/2 | 0/0/0/0 | 0/0/0/0 | 0/0/0/0 | 0/0/0/0,9/365/0/2 | 0/0/0/0 | 0/0/0/0 | 0/0/0/0 | 0/0/0/0
2026-27,MEDIOCENTROS,1414,Carlos Portero,Manresa,Segunda Federación,705704,"LIGA PJ, LIGA Min",—,,False,Manresa,False,3/270/0/2 | 0/0/0/0 | 0/0/0/0 | 0/0/0/0 | 0/0/0/0,4/329/0/2 | 0/0/0/0 | 0/0/0/0 | 0/0/0/0 | 0/0/0/0
2026-27,MEDIOCENTROS,1418,Josu Gallastegui,CD Coria,Primera Federación,825708,"LIGA PJ, LIGA Min",—,,False,CD Coria,False,4/249/0/2 | 0/0/0/0 | 0/0/0/0 | 0/0/0/0 | 0/0/0/0,5/339/0/2 | 0/0/0/0 | 0/0/0/0 | 0/0/0/0 | 0/0/0/0
2026-27,MEDIOCENTROS,1419,Glenn McConnell,Cambridge Utd.,League One,961075,"LIGA PJ, LIGA Min",—,,False,Cambridge Utd.,False,1/6/0/0 | 3/242/0/2 | 0/0/0/0 | 0/0/0/0 | 0/0/0/0,2/51/0/0 | 3/242/0/2 | 0/0/0/0 | 0/0/0/0 | 0/0/0/0
2026-27,MEDIOCENTROS,1424,George Thomson,Harrogate Town,National League,353800,"LIGA PJ, LIGA Min, LIGA G/GC",—,,False,Harrogate Town,False,9/233/0/2 | 0/0/0/0 | 0/0/0/0 | 0/0/0/0 | 0/0/0/0,10/243/1/2 | 0/0/0/0 | 0/0/0/0 | 0/0/0/0 | 0/0/0/0
2026-27,MEDIOCENTROS,1426,Reiss-Alexander Russell-Denny,Bristol Rovers,League Two,888647,"LIGA PJ, LIGA Min",—,,False,Bristol Rovers,False,5/78/0/1 | 2/125/0/1 | 0/0/0/0 | 0/0/0/0 | 0/0/0/0,6/104/0/1 | 2/125/0/1 | 0/0/0/0 | 0/0/0/0 | 0/0/0/0
2026-27,MEDIOCENTROS,1431,Ismael Salguero,At. Sanluqueño,Segunda Federación,766588,"LIGA PJ, LIGA Min",—,,False,At. Sanluqueño,False,3/160/0/2 | 0/0/0/0 | 0/0/0/0 | 0/0/0/0 | 0/0/0/0,4/250/0/2 | 0/0/0/0 | 0/0/0/0 | 0/0/0/0 | 0/0/0/0
2026-27,MEDIOCENTROS,1480,Lucas Vierling,BFC Preussen,Regionalliga,340378,"LIGA PJ, LIGA Min",—,,False,BFC Preussen,False,10/879/1/0 | 1/45/0/0 | 0/0/0/0 | 0/0/0/0 | 0/0/0/0,11/969/1/0 | 1/45/0/0 | 0/0/0/0 | 0/0/0/0 | 0/0/0/0
2026-27,MEDIOCENTROS,1491,Lukas Ramser,Schwaben Augsb.,Regionalliga,207594,"LIGA PJ, LIGA Min",—,,False,Schwaben Augsb.,False,8/720/1/0 | 2/135/0/0 | 0/0/0/0 | 0/0/0/0 | 0/0/0/0,9/810/1/0 | 2/135/0/0 | 0/0/0/0 | 0/0/0/0 | 0/0/0/0
2026-27,MEDIOCENTROS,1497,Fabian Lutz,FC Memmingen,Regionalliga,393748,"LIGA PJ, LIGA Min",—,,False,FC Memmingen,False,10/748/1/0 | 1/90/0/0 | 0/0/0/0 | 0/0/0/0 | 0/0/0/0,11/838/1/0 | 1/90/0/0 | 0/0/0/0 | 0/0/0/0 | 0/0/0/0
2026-27,MEDIOCENTROS,1498,Simon Schierack,Lok Leipzig,Regionalliga,818899,"LIGA PJ, LIGA Min",—,,False,Lok Leipzig,False,10/751/1/0 | 1/87/0/0 | 0/0/0/0 | 0/0/0/0 | 0/0/0/0,11/841/1/0 | 1/87/0/0 | 0/0/0/0 | 0/0/0/0 | 0/0/0/0
2026-27,MEDIOCENTROS,1501,Jamie Miley,Hartlepool Utd.,National League,702583,"LIGA PJ, LIGA Min",—,,False,Hartlepool Utd.,False,9/810/1/0 | 0/0/0/0 | 0/0/0/0 | 0/0/0/0 | 0/0/0/0,10/900/1/0 | 0/0/0/0 | 0/0/0/0 | 0/0/0/0 | 0/0/0/0
2026-27,MEDIOCENTROS,1514,Kegs Chauke,Burton Albion,League One,703577,"LIGA PJ, LIGA Min",—,,False,Burton Albion,False,7/630/1/0 | 1/90/0/0 | 0/0/0/0 | 0/0/0/0 | 0/0/0/0,8/717/1/0 | 1/90/0/0 | 0/0/0/0 | 0/0/0/0 | 0/0/0/0
2026-27,MEDIOCENTROS,1515,Ollie Banks,York City,League Two,158702,"LIGA PJ, LIGA Min",—,,False,York City,False,7/630/1/0 | 1/90/0/0 | 0/0/0/0 | 0/0/0/0 | 0/0/0/0,8/711/1/0 | 1/90/0/0 | 0/0/0/0 | 0/0/0/0 | 0/0/0/0
2026-27,MEDIOCENTROS,1516,Keenan Appiah-Forson,Oldham Athletic,League Two,554098,"LIGA PJ, LIGA Min, LIGA A/CS",—,,False,Oldham Athletic,False,7/630/1/0 | 1/90/0/0 | 0/0/0/0 | 0/0/0/0 | 0/0/0/0,8/720/1/1 | 1/90/0/0 | 0/0/0/0 | 0/0/0/0 | 0/0/0/0
2026-27,MEDIOCENTROS,1517,Will Hugill,Halifax Town,National League,802422,"LIGA PJ, LIGA Min, LIGA G/GC",—,,False,Halifax Town,False,9/682/1/0 | 2/37/0/0 | 0/0/0/0 | 0/0/0/0 | 0/0/0/0,10/756/2/0 | 2/37/0/0 | 0/0/0/0 | 0/0/0/0 | 0/0/0/0
2026-27,MEDIOCENTROS,1520,Janne Sietan,RW Essen,3. Liga,601933,"COPA PJ, COPA Min",—,,False,RW Essen,False,7/624/1/0 | 1/90/0/0 | 0/0/0/0 | 0/0/0/0 | 0/0/0/0,7/624/1/0 | 2/100/0/0 | 0/0/0/0 | 0/0/0/0 | 0/0/0/0
2026-27,MEDIOCENTROS,1530,Sergio Gómez,CD Coria,Primera Federación,558890,"LIGA PJ, LIGA Min, CONT PJ, CONT Min, CONT G/GC",UEL,,False,CD Coria,False,7/591/0/0 | 0/0/0/0 | 1/90/1/0 | 0/0/0/0 | 0/0/0/0,5/269/0/0 | 0/0/0/0 | 0/0/0/0 | 0/0/0/0 | 0/0/0/0
2026-27,MEDIOCENTROS,1532,Aaron Henry,Wealdstone,National League,655988,"LIGA PJ, LIGA Min",—,,False,Wealdstone,False,8/565/1/0 | 2/106/0/0 | 0/0/0/0 | 0/0/0/0 | 0/0/0/0,9/655/1/0 | 2/106/0/0 | 0/0/0/0 | 0/0/0/0 | 0/0/0/0
2026-27,MEDIOCENTROS,1534,Isaac Marriott,Barrow,National League,918661,"LIGA PJ, LIGA Min, LIGA A/CS",—,,False,Barrow,False,9/667/1/0 | 0/0/0/0 | 0/0/0/0 | 0/0/0/0 | 0/0/0/0,10/757/1/1 | 0/0/0/0 | 0/0/0/0 | 0/0/0/0 | 0/0/0/0
2026-27,MEDIOCENTROS,1535,Dylan Kadji,Wealdstone,National League,766253,"LIGA PJ, LIGA Min",—,,False,Wealdstone,False,8/585/1/0 | 2/74/0/0 | 0/0/0/0 | 0/0/0/0 | 0/0/0/0,9/675/1/0 | 2/74/0/0 | 0/0/0/0 | 0/0/0/0 | 0/0/0/0
2026-27,MEDIOCENTROS,1539,Manuel Stark,Eltersdorf,Regionalliga,360366,"LIGA PJ, LIGA Min",—,,False,Eltersdorf,False,8/559/1/0 | 1/87/0/0 | 0/0/0/0 | 0/0/0/0 | 0/0/0/0,9/633/1/0 | 1/87/0/0 | 0/0/0/0 | 0/0/0/0 | 0/0/0/0
2026-27,MEDIOCENTROS,1541,Björn Angermeier,SpVgg Ansbach,Regionalliga,1268503,"LIGA PJ, LIGA Min, LIGA G/GC",—,,False,SpVgg Ansbach,False,9/540/1/0 | 2/103/0/0 | 0/0/0/0 | 0/0/0/0 | 0/0/0/0,10/621/2/0 | 2/103/0/0 | 0/0/0/0 | 0/0/0/0 | 0/0/0/0
2026-27,MEDIOCENTROS,1544,Robin Renner,Eltersdorf,Regionalliga,597072,"LIGA PJ, LIGA Min",—,,False,Eltersdorf,False,8/550/1/0 | 1/90/0/0 | 0/0/0/0 | 0/0/0/0 | 0/0/0/0,9/640/1/0 | 1/90/0/0 | 0/0/0/0 | 0/0/0/0 | 0/0/0/0
2026-27,MEDIOCENTROS,1547,Kevin Candellori,Sambenedettese,Serie C,428977,"LIGA PJ, LIGA Min",—,,False,Sambenedettese,False,6/530/1/0 | 2/102/0/0 | 0/0/0/0 | 0/0/0/0 | 0/0/0/0,7/620/1/0 | 2/102/0/0 | 0/0/0/0 | 0/0/0/0 | 0/0/0/0
2026-27,MEDIOCENTROS,1551,Ed McJannet,Cosenza,Serie C,802243,"LIGA PJ, LIGA Min",—,,False,Cosenza,False,6/540/1/0 | 2/90/0/0 | 0/0/0/0 | 0/0/0/0 | 0/0/0/0,7/630/1/0 | 2/90/0/0 | 0/0/0/0 | 0/0/0/0 | 0/0/0/0
2026-27,MEDIOCENTROS,1570,Isaac Moore,FC Walsall,League Two,965920,"LIGA PJ, LIGA Min",—,,False,FC Walsall,False,7/432/1/0 | 3/165/0/0 | 0/0/0/0 | 0/0/0/0 | 0/0/0/0,8/522/1/0 | 3/165/0/0 | 0/0/0/0 | 0/0/0/0 | 0/0/0/0
2026-27,MEDIOCENTROS,1580,Alessandro Romano,Cerignola,Serie C,934207,"LIGA PJ, LIGA Min, LIGA G/GC, COPA PJ, COPA Min",—,,False,Cerignola,False,5/445/1/0 | 2/135/0/0 | 0/0/0/0 | 0/0/0/0 | 0/0/0/0,4/202/0/0 | 1/27/0/0 | 0/0/0/0 | 0/0/0/0 | 0/0/0/0
2026-27,MEDIOCENTROS,1581,Gianluca Germinario,Pineto,Serie C,1035536,"LIGA PJ, LIGA Min",—,,False,Pineto,False,6/502/1/0 | 1/77/0/0 | 0/0/0/0 | 0/0/0/0 | 0/0/0/0,7/592/1/0 | 1/77/0/0 | 0/0/0/0 | 0/0/0/0 | 0/0/0/0
2026-27,MEDIOCENTROS,1589,Namrud Embaye,Würzb. Kickers,3. Liga,709271,"SEL PJ, SEL Min",—,,False,Würzb. Kickers,False,6/373/0/0 | 4/196/1/0 | 0/0/0/0 | 0/0/0/0 | 0/0/0/0,6/373/0/0 | 4/196/1/0 | 0/0/0/0 | 0/0/0/0 | 1/90/0/0
2026-27,MEDIOCENTROS,1593,Omar Bezzekhami,Paris 13 Atl.,Ligue 3,601763,"LIGA PJ, LIGA Min",—,,False,Paris 13 Atl.,False,7/562/1/0 | 0/0/0/0 | 0/0/0/0 | 0/0/0/0 | 0/0/0/0,8/568/1/0 | 0/0/0/0 | 0/0/0/0 | 0/0/0/0 | 0/0/0/0
2026-27,MEDIOCENTROS,1630,Nils Kaiser,Lok Leipzig,Regionalliga,606098,"LIGA PJ, LIGA Min",—,,False,Lok Leipzig,False,5/423/1/0 | 1/90/0/0 | 0/0/0/0 | 0/0/0/0 | 0/0/0/0,6/513/1/0 | 1/90/0/0 | 0/0/0/0 | 0/0/0/0 | 0/0/0/0
2026-27,MEDIOCENTROS,1643,Liam Mandeville,Chesterfield,League Two,369563,"LIGA PJ, LIGA Min",—,,False,Chesterfield,False,7/384/1/0 | 2/110/0/0 | 0/0/0/0 | 0/0/0/0 | 0/0/0/0,8/396/1/0 | 2/110/0/0 | 0/0/0/0 | 0/0/0/0 | 0/0/0/0
2026-27,MEDIOCENTROS,1647,Francesco Fabri,Grosseto,Serie C,678208,"LIGA PJ, LIGA Min, LIGA G/GC",—,,False,Grosseto,False,6/400/1/0 | 1/90/0/0 | 0/0/0/0 | 0/0/0/0 | 0/0/0/0,7/479/2/0 | 1/90/0/0 | 0/0/0/0 | 0/0/0/0 | 0/0/0/0
2026-27,MEDIOCENTROS,1649,Daniele Ferrandino,Pergolettese,Serie C,394968,"LIGA PJ, LIGA Min",—,,False,Pergolettese,False,6/420/0/0 | 1/67/1/0 | 0/0/0/0 | 0/0/0/0 | 0/0/0/0,7/483/0/0 | 1/67/1/0 | 0/0/0/0 | 0/0/0/0 | 0/0/0/0
2026-27,MEDIOCENTROS,1653,Mirnes Pepic,Hessen Kassel,Regionalliga,195781,"LIGA PJ, LIGA Min",—,,False,Hessen Kassel,False,6/484/1/0 | 0/0/0/0 | 0/0/0/0 | 0/0/0/0 | 0/0/0/0,7/574/1/0 | 0/0/0/0 | 0/0/0/0 | 0/0/0/0 | 0/0/0/0
2026-27,MEDIOCENTROS,1655,Rémy Boissier,Amiens SC,Ligue 3,525111,"LIGA PJ, LIGA Min",—,,False,Amiens SC,False,7/482/1/0 | 0/0/0/0 | 0/0/0/0 | 0/0/0/0 | 0/0/0/0,8/572/1/0 | 0/0/0/0 | 0/0/0/0 | 0/0/0/0 | 0/0/0/0
2026-27,MEDIOCENTROS,1658,Gabriel Pellegrino,Lecco,Serie C,801357,"LIGA PJ, LIGA Min",—,,False,Lecco,False,6/398/1/0 | 1/82/0/0 | 0/0/0/0 | 0/0/0/0 | 0/0/0/0,7/471/1/0 | 1/82/0/0 | 0/0/0/0 | 0/0/0/0 | 0/0/0/0
2026-27,MEDIOCENTROS,1664,Mattia Guarneri,Ospitaletto,Serie C,821115,"LIGA PJ, LIGA Min",—,,False,Ospitaletto,False,6/406/1/0 | 1/71/0/0 | 0/0/0/0 | 0/0/0/0 | 0/0/0/0,7/480/1/0 | 1/71/0/0 | 0/0/0/0 | 0/0/0/0 | 0/0/0/0
2026-27,MEDIOCENTROS,1665,Callum Maycock,AFC Wimbledon,League One,425795,"LIGA PJ, LIGA Min",—,,False,AFC Wimbledon,False,6/295/0/0 | 3/181/1/0 | 0/0/0/0 | 0/0/0/0 | 0/0/0/0,7/369/0/0 | 3/181/1/0 | 0/0/0/0 | 0/0/0/0 | 0/0/0/0
2026-27,MEDIOCENTROS,1677,Jebryl Sahraoui,Aubagne Air Bel,Ligue 3,1052292,"LIGA PJ, LIGA Min",—,,False,Aubagne Air Bel,False,6/455/1/0 | 0/0/0/0 | 0/0/0/0 | 0/0/0/0 | 0/0/0/0,7/545/1/0 | 0/0/0/0 | 0/0/0/0 | 0/0/0/0 | 0/0/0/0
2026-27,MEDIOCENTROS,1683,Lewis Simper,FC Walsall,League Two,727289,"LIGA PJ, LIGA Min",—,,False,FC Walsall,False,7/346/0/0 | 3/94/1/0 | 0/0/0/0 | 0/0/0/0 | 0/0/0/0,8/433/0/0 | 3/94/1/0 | 0/0/0/0 | 0/0/0/0 | 0/0/0/0
2026-27,MEDIOCENTROS,1689,Giorgio Lionetti,Vado,Serie C,479712,"LIGA PJ, LIGA Min",—,,False,Vado,False,5/310/0/0 | 2/126/1/0 | 0/0/0/0 | 0/0/0/0 | 0/0/0/0,6/311/0/0 | 2/126/1/0 | 0/0/0/0 | 0/0/0/0 | 0/0/0/0
2026-27,MEDIOCENTROS,1697,Samuel Côme-Ruiz,QRM,Ligue 3,1082961,"LIGA PJ, LIGA Min, LIGA A/CS",—,,False,QRM,False,5/428/1/0 | 0/0/0/0 | 0/0/0/0 | 0/0/0/0 | 0/0/0/0,6/485/1/1 | 0/0/0/0 | 0/0/0/0 | 0/0/0/0 | 0/0/0/0
2026-27,MEDIOCENTROS,1700,Louis Booker,Orihuela CF,Segunda Federación,833175,"LIGA PJ, LIGA Min",—,,False,Orihuela CF,False,3/253/0/0 | 2/171/1/0 | 0/0/0/0 | 0/0/0/0 | 0/0/0/0,4/343/0/0 | 2/171/1/0 | 0/0/0/0 | 0/0/0/0 | 0/0/0/0
2026-27,MEDIOCENTROS,1720,Mirko Lazzarini,Vado,Serie C,611155,"LIGA PJ, LIGA Min",—,,False,Vado,False,4/360/1/0 | 1/27/0/0 | 0/0/0/0 | 0/0/0/0 | 0/0/0/0,5/450/1/0 | 1/27/0/0 | 0/0/0/0 | 0/0/0/0 | 0/0/0/0
2026-27,MEDIOCENTROS,1726,Sinan Tekerci,Eintracht Trier,Regionalliga,124441,"LIGA PJ, LIGA Min",—,,False,Eintracht Trier,False,7/354/1/0 | 1/27/0/0 | 0/0/0/0 | 0/0/0/0 | 0/0/0/0,8/374/1/0 | 1/27/0/0 | 0/0/0/0 | 0/0/0/0 | 0/0/0/0
2026-27,MEDIOCENTROS,1727,Marco Garetto,Trento,Serie C,534114,"LIGA PJ, LIGA Min",—,,False,Trento,False,6/350/1/0 | 1/31/0/0 | 0/0/0/0 | 0/0/0/0 | 0/0/0/0,7/417/1/0 | 1/31/0/0 | 0/0/0/0 | 0/0/0/0 | 0/0/0/0
2026-27,MEDIOCENTROS,1742,Luca Sangalli,Real Unión,Primera Federación,289286,"LIGA PJ, LIGA Min",—,,False,Real Unión,False,4/360/1/0 | 0/0/0/0 | 0/0/0/0 | 0/0/0/0 | 0/0/0/0,5/450/1/0 | 0/0/0/0 | 0/0/0/0 | 0/0/0/0 | 0/0/0/0
2026-27,MEDIOCENTROS,1744,Guillaume Khous,US Orléans,Ligue 3,258161,"LIGA PJ, LIGA Min",—,,False,US Orléans,False,6/359/1/0 | 0/0/0/0 | 0/0/0/0 | 0/0/0/0 | 0/0/0/0,7/412/1/0 | 0/0/0/0 | 0/0/0/0 | 0/0/0/0 | 0/0/0/0
2026-27,MEDIOCENTROS,1746,Gianluca Swajkowski,1.FC Bocholt,Regionalliga,891948,"LIGA PJ, LIGA Min",—,,False,1.FC Bocholt,False,3/238/1/0 | 2/118/0/0 | 0/0/0/0 | 0/0/0/0 | 0/0/0/0,4/296/1/0 | 2/118/0/0 | 0/0/0/0 | 0/0/0/0 | 0/0/0/0
2026-27,MEDIOCENTROS,1749,Matys Vrignon,VFC La Roche,Ligue 3,972129,"LIGA PJ, LIGA Min",—,,False,VFC La Roche,False,7/351/1/0 | 0/0/0/0 | 0/0/0/0 | 0/0/0/0 | 0/0/0/0,8/441/1/0 | 0/0/0/0 | 0/0/0/0 | 0/0/0/0 | 0/0/0/0
2026-27,MEDIOCENTROS,1750,Simon Schäffer,TSV Aubstadt,Regionalliga,915886,"LIGA PJ, LIGA Min",—,,False,TSV Aubstadt,False,4/261/1/0 | 1/90/0/0 | 0/0/0/0 | 0/0/0/0 | 0/0/0/0,5/342/1/0 | 1/90/0/0 | 0/0/0/0 | 0/0/0/0 | 0/0/0/0
2026-27,MEDIOCENTROS,1759,Rekeem Harper,Barrow,National League,456877,"LIGA PJ, LIGA Min, LIGA G/GC",—,,False,Barrow,False,7/326/1/0 | 0/0/0/0 | 0/0/0/0 | 0/0/0/0 | 0/0/0/0,8/403/2/0 | 0/0/0/0 | 0/0/0/0 | 0/0/0/0 | 0/0/0/0
2026-27,MEDIOCENTROS,1776,Carlos Ramos,Zamora CF,Primera Federación,282000,"LIGA PJ, LIGA Min",—,,False,Zamora CF,False,4/300/1/0 | 0/0/0/0 | 0/0/0/0 | 0/0/0/0 | 0/0/0/0,5/390/1/0 | 0/0/0/0 | 0/0/0/0 | 0/0/0/0 | 0/0/0/0
2026-27,MEDIOCENTROS,1777,Len Wilkesmann,FC Gütersloh,Regionalliga,1121388,"LIGA PJ, LIGA Min",—,,False,FC Gütersloh,False,8/208/1/0 | 2/92/0/0 | 0/0/0/0 | 0/0/0/0 | 0/0/0/0,9/270/1/0 | 2/92/0/0 | 0/0/0/0 | 0/0/0/0 | 0/0/0/0
2026-27,MEDIOCENTROS,1786,Stephen Wearne,Carlisle United,National League,532175,"LIGA PJ, LIGA Min",—,,False,Carlisle United,False,8/290/1/0 | 0/0/0/0 | 0/0/0/0 | 0/0/0/0 | 0/0/0/0,9/345/1/0 | 0/0/0/0 | 0/0/0/0 | 0/0/0/0 | 0/0/0/0
2026-27,MEDIOCENTROS,1804,Liam Fraser,Reading,League One,377109,"LIGA PJ, LIGA Min",—,,False,Reading,False,1/1/0/0 | 4/271/1/0 | 0/0/0/0 | 0/0/0/0 | 0/0/0/0,2/91/0/0 | 4/271/1/0 | 0/0/0/0 | 0/0/0/0 | 0/0/0/0
2026-27,MEDIOCENTROS,1817,Meli,Ourense,Segunda Federación,1385657,"LIGA PJ, LIGA Min",—,,False,Ourense,False,3/263/1/0 | 0/0/0/0 | 0/0/0/0 | 0/0/0/0 | 0/0/0/0,4/353/1/0 | 0/0/0/0 | 0/0/0/0 | 0/0/0/0 | 0/0/0/0
2026-27,MEDIOCENTROS,1819,Tarkan Üçüncü,SpVgg Ansbach,Regionalliga,603488,"LIGA PJ, LIGA Min",—,,False,SpVgg Ansbach,False,7/232/1/0 | 1/30/0/0 | 0/0/0/0 | 0/0/0/0 | 0/0/0/0,8/241/1/0 | 1/30/0/0 | 0/0/0/0 | 0/0/0/0 | 0/0/0/0
2026-27,MEDIOCENTROS,1820,Zourab Sopromadze,Amiens SC,Ligue 3,1034729,"LIGA PJ, LIGA Min",—,,False,Amiens SC,False,6/260/1/0 | 0/0/0/0 | 0/0/0/0 | 0/0/0/0 | 0/0/0/0,7/294/1/0 | 0/0/0/0 | 0/0/0/0 | 0/0/0/0 | 0/0/0/0
2026-27,MEDIOCENTROS,1822,Biyan Kizildemir,Altglienicke,Regionalliga,1022431,"LIGA PJ, LIGA Min",—,,False,Altglienicke,False,5/124/1/0 | 2/135/0/0 | 0/0/0/0 | 0/0/0/0 | 0/0/0/0,6/128/1/0 | 2/135/0/0 | 0/0/0/0 | 0/0/0/0 | 0/0/0/0
2026-27,MEDIOCENTROS,1829,Oliver Ewing,Forest Green,National League,583953,"LIGA PJ, LIGA Min, LIGA G/GC",—,,False,Forest Green,False,7/252/1/0 | 0/0/0/0 | 0/0/0/0 | 0/0/0/0 | 0/0/0/0,8/262/2/0 | 0/0/0/0 | 0/0/0/0 | 0/0/0/0 | 0/0/0/0
2026-27,MEDIOCENTROS,1836,Vincent Marcel,Valenciennes FC,Ligue 3,453597,"LIGA PJ, LIGA Min",—,,False,Valenciennes FC,False,6/244/1/0 | 0/0/0/0 | 0/0/0/0 | 0/0/0/0 | 0/0/0/0,7/317/1/0 | 0/0/0/0 | 0/0/0/0 | 0/0/0/0 | 0/0/0/0
2026-27,MEDIOCENTROS,1847,Mamadou Diako,US Orléans,Ligue 3,978196,"LIGA PJ, LIGA Min",—,,False,US Orléans,False,4/230/1/0 | 0/0/0/0 | 0/0/0/0 | 0/0/0/0 | 0/0/0/0,5/320/1/0 | 0/0/0/0 | 0/0/0/0 | 0/0/0/0 | 0/0/0/0
2026-27,MEDIOCENTROS,1848,Laurin Schößler,Greifswalder FC,Regionalliga,1032920,"LIGA PJ, LIGA Min",—,,False,Greifswalder FC,False,3/50/0/0 | 2/180/1/0 | 0/0/0/0 | 0/0/0/0 | 0/0/0/0,4/58/0/0 | 2/180/1/0 | 0/0/0/0 | 0/0/0/0 | 0/0/0/0
2026-27,MEDIOCENTROS,1853,Ángel Linares,CD Ebro,Segunda Federación,1061135,"LIGA PJ, LIGA Min",—,,False,CD Ebro,False,3/225/1/0 | 0/0/0/0 | 0/0/0/0 | 0/0/0/0 | 0/0/0/0,4/315/1/0 | 0/0/0/0 | 0/0/0/0 | 0/0/0/0 | 0/0/0/0
2026-27,MEDIOCENTROS,1866,Gonzalo Zorrilla,Sestao River ,Segunda Federación,721968,"LIGA PJ, LIGA Min",—,,False,Sestao River ,False,3/128/1/0 | 2/90/0/0 | 0/0/0/0 | 0/0/0/0 | 0/0/0/0,4/208/1/0 | 2/90/0/0 | 0/0/0/0 | 0/0/0/0 | 0/0/0/0
2026-27,MEDIOCENTROS,1875,Joaquin Recalde,Peña Sport FC,Segunda Federación,1040637,"LIGA PJ, LIGA Min",—,,False,Peña Sport FC,False,3/210/1/0 | 0/0/0/0 | 0/0/0/0 | 0/0/0/0 | 0/0/0/0,4/236/1/0 | 0/0/0/0 | 0/0/0/0 | 0/0/0/0 | 0/0/0/0
2026-27,MEDIOCENTROS,1877,Ben Woodburn,Salford,League Two,344015,"LIGA PJ, LIGA Min",—,,False,Salford,False,3/117/0/0 | 1/90/1/0 | 0/0/0/0 | 0/0/0/0 | 0/0/0/0,4/179/0/0 | 1/90/1/0 | 0/0/0/0 | 0/0/0/0 | 0/0/0/0
2026-27,MEDIOCENTROS,1884,Imanol Urdaniz,Peña Sport FC,Segunda Federación,1406859,"LIGA PJ, LIGA Min",—,,False,Peña Sport FC,False,3/198/1/0 | 0/0/0/0 | 0/0/0/0 | 0/0/0/0 | 0/0/0/0,4/262/1/0 | 0/0/0/0 | 0/0/0/0 | 0/0/0/0 | 0/0/0/0
2026-27,MEDIOCENTROS,1886,Iñaki Telletxea,Arenas Club,Primera Federación,709216,"LIGA PJ, LIGA Min",—,,False,Arenas Club,False,4/188/1/0 | 0/0/0/0 | 0/0/0/0 | 0/0/0/0 | 0/0/0/0,5/220/1/0 | 0/0/0/0 | 0/0/0/0 | 0/0/0/0 | 0/0/0/0
2026-27,MEDIOCENTROS,1887,Mark Shelton,Grimsby Town,League Two,357225,"LIGA PJ, LIGA Min",—,,False,Grimsby Town,False,3/187/1/0 | 0/0/0/0 | 0/0/0/0 | 0/0/0/0 | 0/0/0/0,4/223/1/0 | 0/0/0/0 | 0/0/0/0 | 0/0/0/0 | 0/0/0/0
2026-27,MEDIOCENTROS,1892,Samuele D'Agostino,Lumezzane,Serie C,818853,"LIGA PJ, LIGA Min",—,,False,Lumezzane,False,6/155/1/0 | 1/26/0/0 | 0/0/0/0 | 0/0/0/0 | 0/0/0/0,7/200/1/0 | 1/26/0/0 | 0/0/0/0 | 0/0/0/0 | 0/0/0/0
2026-27,MEDIOCENTROS,1913,Iñaki Legu,Sestao River ,Segunda Federación,1562983,"LIGA PJ, LIGA Min",—,,False,Sestao River ,False,2/53/0/0 | 2/111/1/0 | 0/0/0/0 | 0/0/0/0 | 0/0/0/0,3/63/0/0 | 2/111/1/0 | 0/0/0/0 | 0/0/0/0 | 0/0/0/0
2026-27,MEDIOCENTROS,1919,Chris Conn-Clarke,Peterborough,League One,549582,"LIGA PJ, LIGA Min",—,,False,Peterborough,False,5/70/1/0 | 4/81/0/0 | 0/0/0/0 | 0/0/0/0 | 0/0/0/0,6/81/1/0 | 4/81/0/0 | 0/0/0/0 | 0/0/0/0 | 0/0/0/0
2026-27,MEDIOCENTROS,1923,Noah Chilvers,Oldham Athletic,League Two,574587,"LIGA PJ, LIGA Min",—,,False,Oldham Athletic,False,3/73/0/0 | 1/75/1/0 | 0/0/0/0 | 0/0/0/0 | 0/0/0/0,4/118/0/0 | 1/75/1/0 | 0/0/0/0 | 0/0/0/0 | 0/0/0/0
2026-27,MEDIOCENTROS,1925,Giulio Frisenna,Cittadella,Serie C,748313,"LIGA PJ, LIGA Min",—,,False,Cittadella,False,3/102/1/0 | 1/45/0/0 | 0/0/0/0 | 0/0/0/0 | 0/0/0/0,4/166/1/0 | 1/45/0/0 | 0/0/0/0 | 0/0/0/0 | 0/0/0/0
2026-27,MEDIOCENTROS,1930,Javi Martínez,UD Tamaraceite,Segunda Federación,893544,"LIGA PJ, LIGA Min, LIGA G/GC",—,,False,UD Tamaraceite,False,5/143/1/0 | 0/0/0/0 | 0/0/0/0 | 0/0/0/0 | 0/0/0/0,2/58/0/0 | 0/0/0/0 | 0/0/0/0 | 0/0/0/0 | 0/0/0/0
2026-27,MEDIOCENTROS,1938,Chris David,SVA Delmenhorst,Regionalliga,187285,"LIGA PJ, LIGA Min",—,,False,SVA Delmenhorst,False,4/135/1/0 | 0/0/0/0 | 0/0/0/0 | 0/0/0/0 | 0/0/0/0,5/225/1/0 | 0/0/0/0 | 0/0/0/0 | 0/0/0/0 | 0/0/0/0
2026-27,MEDIOCENTROS,1943,Loris Groß,VfR Aalen,Regionalliga,1138772,"LIGA PJ, LIGA Min",—,,False,VfR Aalen,False,6/128/1/0 | 0/0/0/0 | 0/0/0/0 | 0/0/0/0 | 0/0/0/0,7/202/1/0 | 0/0/0/0 | 0/0/0/0 | 0/0/0/0 | 0/0/0/0
2026-27,MEDIOCENTROS,1951,Luca Bonassi,Livorno,Serie C,831786,"LIGA PJ, LIGA Min",—,,False,Livorno,False,4/104/1/0 | 1/12/0/0 | 0/0/0/0 | 0/0/0/0 | 0/0/0/0,5/188/1/0 | 1/12/0/0 | 0/0/0/0 | 0/0/0/0 | 0/0/0/0
2026-27,MEDIOCENTROS,1952,Adri Heredia,Águilas FC,Primera Federación,982832,"LIGA PJ, LIGA Min",—,,False,Águilas FC,False,4/115/1/0 | 0/0/0/0 | 0/0/0/0 | 0/0/0/0 | 0/0/0/0,5/196/1/0 | 0/0/0/0 | 0/0/0/0 | 0/0/0/0 | 0/0/0/0
2026-27,MEDIOCENTROS,1970,Iván Turrillo,Algeciras CF,Primera Federación,276080,"LIGA PJ, LIGA Min",—,,False,Algeciras CF,False,2/92/1/0 | 0/0/0/0 | 0/0/0/0 | 0/0/0/0 | 0/0/0/0,3/146/1/0 | 0/0/0/0 | 0/0/0/0 | 0/0/0/0 | 0/0/0/0
2026-27,MEDIOCENTROS,1979,Christian Donadio,Novara,Serie C,734787,"LIGA PJ, LIGA Min",—,,False,Novara,False,2/76/1/0 | 1/1/0/0 | 0/0/0/0 | 0/0/0/0 | 0/0/0/0,3/127/1/0 | 1/1/0/0 | 0/0/0/0 | 0/0/0/0 | 0/0/0/0
2026-27,MEDIOCENTROS,1989,Marco Meli,Cerignola,Serie C,364138,"LIGA PJ, LIGA Min",—,,False,Cerignola,False,3/59/1/0 | 0/0/0/0 | 0/0/0/0 | 0/0/0/0 | 0/0/0/0,4/60/1/0 | 0/0/0/0 | 0/0/0/0 | 0/0/0/0 | 0/0/0/0
2026-27,MEDIOCENTROS,1990,Javi Tapia,CD Coria,Primera Federación,972389,"LIGA PJ, LIGA Min",—,,False,CD Coria,False,4/58/1/0 | 0/0/0/0 | 0/0/0/0 | 0/0/0/0 | 0/0/0/0,5/79/1/0 | 0/0/0/0 | 0/0/0/0 | 0/0/0/0 | 0/0/0/0
2026-27,MEDIOCENTROS,1991,Leo Sommer,Eltersdorf,Regionalliga,1415943,"LIGA PJ, LIGA Min, LIGA G/GC",—,,False,Eltersdorf,False,3/51/1/0 | 1/3/0/0 | 0/0/0/0 | 0/0/0/0 | 0/0/0/0,4/67/2/0 | 1/3/0/0 | 0/0/0/0 | 0/0/0/0 | 0/0/0/0
2026-27,MEDIOCENTROS,1997,Ellis Taylor,Harrogate Town,National League,632350,"LIGA PJ, LIGA Min",—,,False,Harrogate Town,False,3/48/1/0 | 0/0/0/0 | 0/0/0/0 | 0/0/0/0 | 0/0/0/0,4/65/1/0 | 0/0/0/0 | 0/0/0/0 | 0/0/0/0 | 0/0/0/0
2026-27,MEDIOCENTROS,2065,Denis Latifovic,SpVgg Bayreuth,Regionalliga,460382,"LIGA PJ, LIGA Min",—,,False,SpVgg Bayreuth,False,10/858/0/1 | 2/135/0/0 | 0/0/0/0 | 0/0/0/0 | 0/0/0/0,11/948/0/1 | 2/135/0/0 | 0/0/0/0 | 0/0/0/0 | 0/0/0/0
2026-27,MEDIOCENTROS,2069,Tim Rieder,Altglienicke,Regionalliga,111277,"LIGA PJ, LIGA Min",—,,False,Altglienicke,False,10/815/0/1 | 2/146/0/0 | 0/0/0/0 | 0/0/0/0 | 0/0/0/0,11/905/0/1 | 2/146/0/0 | 0/0/0/0 | 0/0/0/0 | 0/0/0/0
2026-27,MEDIOCENTROS,2081,Dinand Gijsen,SVA Delmenhorst,Regionalliga,1358585,"LIGA PJ, LIGA Min",—,,False,SVA Delmenhorst,False,9/731/0/1 | 1/120/0/0 | 0/0/0/0 | 0/0/0/0 | 0/0/0/0,10/821/0/1 | 1/120/0/0 | 0/0/0/0 | 0/0/0/0 | 0/0/0/0
2026-27,MEDIOCENTROS,2089,Noah Wagner,W. Burghausen,Regionalliga,907086,"LIGA PJ, LIGA Min",—,,False,W. Burghausen,False,10/715/0/1 | 2/114/0/0 | 0/0/0/0 | 0/0/0/0 | 0/0/0/0,11/760/0/1 | 2/114/0/0 | 0/0/0/0 | 0/0/0/0 | 0/0/0/0
2026-27,MEDIOCENTROS,2092,Dominic Ball,Cambridge Utd.,League One,167254,"LIGA PJ, LIGA Min",—,,False,Cambridge Utd.,False,7/630/0/1 | 3/182/0/0 | 0/0/0/0 | 0/0/0/0 | 0/0/0/0,8/720/0/1 | 3/182/0/0 | 0/0/0/0 | 0/0/0/0 | 0/0/0/0
2026-27,MEDIOCENTROS,2093,Jack Wells-Morrison,Wealdstone,National League,814811,"LIGA PJ, LIGA Min, LIGA G/GC",—,,False,Wealdstone,False,9/810/0/1 | 0/0/0/0 | 0/0/0/0 | 0/0/0/0 | 0/0/0/0,10/890/1/1 | 0/0/0/0 | 0/0/0/0 | 0/0/0/0 | 0/0/0/0
2026-27,MEDIOCENTROS,2102,Björn Rother,FC Gütersloh,Regionalliga,233980,"LIGA PJ, LIGA Min, LIGA A/CS",—,,False,FC Gütersloh,False,9/701/0/0 | 1/90/0/1 | 0/0/0/0 | 0/0/0/0 | 0/0/0/0,10/791/0/1 | 1/90/0/1 | 0/0/0/0 | 0/0/0/0 | 0/0/0/0
2026-27,MEDIOCENTROS,2104,David Davis,Kidderminster,National League,129054,"LIGA PJ, LIGA Min",—,,False,Kidderminster,False,9/786/0/1 | 0/0/0/0 | 0/0/0/0 | 0/0/0/0 | 0/0/0/0,10/876/0/1 | 0/0/0/0 | 0/0/0/0 | 0/0/0/0 | 0/0/0/0
2026-27,MEDIOCENTROS,2106,Josh Home,Gateshead,National League,921665,"LIGA PJ, LIGA Min",—,,False,Gateshead,False,9/780/0/1 | 0/0/0/0 | 0/0/0/0 | 0/0/0/0 | 0/0/0/0,10/808/0/1 | 0/0/0/0 | 0/0/0/0 | 0/0/0/0 | 0/0/0/0
2026-27,MEDIOCENTROS,2115,Youssef Labbouz,Tasmania Berlin,Regionalliga,1046296,"LIGA PJ, LIGA Min",—,,False,Tasmania Berlin,False,9/601/0/1 | 2/145/0/0 | 0/0/0/0 | 0/0/0/0 | 0/0/0/0,10/691/0/1 | 2/145/0/0 | 0/0/0/0 | 0/0/0/0 | 0/0/0/0
2026-27,MEDIOCENTROS,2118,Jack Payne,Colchester Utd.,League Two,278092,"LIGA PJ, LIGA Min",—,,False,Colchester Utd.,False,7/627/0/1 | 2/117/0/0 | 0/0/0/0 | 0/0/0/0 | 0/0/0/0,8/717/0/1 | 2/117/0/0 | 0/0/0/0 | 0/0/0/0 | 0/0/0/0
2026-27,MEDIOCENTROS,2123,Jamie Andrews,Solihull Moors,National League,712102,"LIGA PJ, LIGA Min",—,,False,Solihull Moors,False,8/658/0/1 | 1/61/0/0 | 0/0/0/0 | 0/0/0/0 | 0/0/0/0,9/748/0/1 | 1/61/0/0 | 0/0/0/0 | 0/0/0/0 | 0/0/0/0
2026-27,MEDIOCENTROS,2130,Oliver Norburn,Oldham Athletic,League Two,177914,"LIGA PJ, LIGA Min",—,,False,Oldham Athletic,False,7/606/0/1 | 1/85/0/0 | 0/0/0/0 | 0/0/0/0 | 0/0/0/0,8/696/0/1 | 1/85/0/0 | 0/0/0/0 | 0/0/0/0 | 0/0/0/0
2026-27,MEDIOCENTROS,2133,Joe Grey,York City,League Two,730305,"LIGA PJ, LIGA Min, LIGA G/GC",—,,False,York City,False,7/590/0/1 | 1/90/0/0 | 0/0/0/0 | 0/0/0/0 | 0/0/0/0,8/671/1/1 | 1/90/0/0 | 0/0/0/0 | 0/0/0/0 | 0/0/0/0
2026-27,MEDIOCENTROS,2136,Morgan Williams,Harrogate Town,National League,667511,"LIGA PJ, LIGA Min, LIGA A/CS",—,,False,Harrogate Town,False,9/664/0/1 | 0/0/0/0 | 0/0/0/0 | 0/0/0/0 | 0/0/0/0,10/754/0/2 | 0/0/0/0 | 0/0/0/0 | 0/0/0/0 | 0/0/0/0
2026-27,MEDIOCENTROS,2141,Marco Kehl-Gómez,SV Sandhausen,Regionalliga,159697,"LIGA PJ, LIGA Min",—,,False,SV Sandhausen,False,7/562/0/1 | 1/90/0/0 | 0/0/0/0 | 0/0/0/0 | 0/0/0/0,8/652/0/1 | 1/90/0/0 | 0/0/0/0 | 0/0/0/0 | 0/0/0/0
2026-27,MEDIOCENTROS,2142,Francesco D'Alessio,Cittadella,Serie C,723614,"LIGA PJ, LIGA Min",—,,False,Cittadella,False,6/540/0/0 | 2/110/0/1 | 0/0/0/0 | 0/0/0/0 | 0/0/0/0,7/630/0/0 | 2/110/0/1 | 0/0/0/0 | 0/0/0/0 | 0/0/0/0
2026-27,MEDIOCENTROS,2146,Joe Tomlinson,Cheltenham,League Two,506440,"LIGA PJ, LIGA Min",—,,False,Cheltenham,False,7/556/0/0 | 1/90/0/1 | 0/0/0/0 | 0/0/0/0 | 0/0/0/0,8/646/0/0 | 1/90/0/1 | 0/0/0/0 | 0/0/0/0 | 0/0/0/0
2026-27,MEDIOCENTROS,2147,Mario Gargiulo,Campobasso,Serie C,242469,"LIGA PJ, LIGA Min",—,,False,Campobasso,False,6/505/0/1 | 2/135/0/0 | 0/0/0/0 | 0/0/0/0 | 0/0/0/0,7/595/0/1 | 2/135/0/0 | 0/0/0/0 | 0/0/0/0 | 0/0/0/0
2026-27,MEDIOCENTROS,2148,George McEachran,Chesterfield,League Two,392766,"LIGA PJ, LIGA Min",—,,False,Chesterfield,False,7/545/0/1 | 1/90/0/0 | 0/0/0/0 | 0/0/0/0 | 0/0/0/0,8/623/0/1 | 1/90/0/0 | 0/0/0/0 | 0/0/0/0 | 0/0/0/0
2026-27,MEDIOCENTROS,2155,Lewis Wing,Reading,League One,517286,"LIGA PJ, LIGA Min",—,,False,Reading,False,6/540/0/1 | 1/90/0/0 | 0/0/0/0 | 0/0/0/0 | 0/0/0/0,7/630/0/1 | 1/90/0/0 | 0/0/0/0 | 0/0/0/0 | 0/0/0/0
2026-27,MEDIOCENTROS,2157,Renald Xhemo,Le Puy FC,Ligue 3,291731,"LIGA PJ, LIGA Min",—,,False,Le Puy FC,False,7/630/0/1 | 0/0/0/0 | 0/0/0/0 | 0/0/0/0 | 0/0/0/0,8/720/0/1 | 0/0/0/0 | 0/0/0/0 | 0/0/0/0 | 0/0/0/0
2026-27,MEDIOCENTROS,2159,Fabio Castellano,Caratese,Serie C,265074,"LIGA PJ, LIGA Min",—,,False,Caratese,False,6/540/0/1 | 1/90/0/0 | 0/0/0/0 | 0/0/0/0 | 0/0/0/0,7/630/0/1 | 1/90/0/0 | 0/0/0/0 | 0/0/0/0 | 0/0/0/0
2026-27,MEDIOCENTROS,2160,Luca Lombardi,Pineto,Serie C,644156,"LIGA PJ, LIGA Min",—,,False,Pineto,False,6/538/0/1 | 1/90/0/0 | 0/0/0/0 | 0/0/0/0 | 0/0/0/0,7/603/0/1 | 1/90/0/0 | 0/0/0/0 | 0/0/0/0 | 0/0/0/0
2026-27,MEDIOCENTROS,2167,Marco Tremolada,Pergolettese,Serie C,933552,"LIGA PJ, LIGA Min",—,,False,Pergolettese,False,6/525/0/0 | 1/90/0/1 | 0/0/0/0 | 0/0/0/0 | 0/0/0/0,7/614/0/0 | 1/90/0/1 | 0/0/0/0 | 0/0/0/0 | 0/0/0/0
2026-27,MEDIOCENTROS,2175,Mathis Picouleau,Concarneau,Ligue 3,395240,"LIGA PJ, LIGA Min",—,,False,Concarneau,False,7/603/0/1 | 0/0/0/0 | 0/0/0/0 | 0/0/0/0 | 0/0/0/0,8/616/0/1 | 0/0/0/0 | 0/0/0/0 | 0/0/0/0 | 0/0/0/0
2026-27,MEDIOCENTROS,2178,Karim Cissé,Aubagne Air Bel,Ligue 3,1052288,"LIGA PJ, LIGA Min",—,,False,Aubagne Air Bel,False,7/592/0/1 | 0/0/0/0 | 0/0/0/0 | 0/0/0/0 | 0/0/0/0,8/682/0/1 | 0/0/0/0 | 0/0/0/0 | 0/0/0/0 | 0/0/0/0
2026-27,MEDIOCENTROS,2179,Francesco Crapisto,Crotone,Serie C,952170,"LIGA PJ, LIGA Min",—,,False,Crotone,False,6/501/0/1 | 1/90/0/0 | 0/0/0/0 | 0/0/0/0 | 0/0/0/0,7/588/0/1 | 1/90/0/0 | 0/0/0/0 | 0/0/0/0 | 0/0/0/0
2026-27,MEDIOCENTROS,2183,Davide Agazzi,Campobasso,Serie C,197468,"LIGA PJ, LIGA Min",—,,False,Campobasso,False,5/421/0/0 | 2/160/0/1 | 0/0/0/0 | 0/0/0/0 | 0/0/0/0,6/510/0/0 | 2/160/0/1 | 0/0/0/0 | 0/0/0/0 | 0/0/0/0
2026-27,MEDIOCENTROS,2186,Thibault Maréchal,Valenciennes FC,Ligue 3,918639,"LIGA PJ, LIGA Min",—,,False,Valenciennes FC,False,7/571/0/1 | 0/0/0/0 | 0/0/0/0 | 0/0/0/0 | 0/0/0/0,8/661/0/1 | 0/0/0/0 | 0/0/0/0 | 0/0/0/0 | 0/0/0/0
2026-27,MEDIOCENTROS,2189,Keon Lewis-Burgess,Gateshead,National League,1205851,"LIGA PJ, LIGA Min",—,,False,Gateshead,False,8/477/0/1 | 1/90/0/0 | 0/0/0/0 | 0/0/0/0 | 0/0/0/0,9/567/0/1 | 1/90/0/0 | 0/0/0/0 | 0/0/0/0 | 0/0/0/0
2026-27,MEDIOCENTROS,2190,Simone Comelli,Giana Erminio,Serie C,530579,"LIGA PJ, LIGA Min, LIGA G/GC",—,,False,Giana Erminio,False,6/480/0/1 | 1/87/0/0 | 0/0/0/0 | 0/0/0/0 | 0/0/0/0,7/570/1/1 | 1/87/0/0 | 0/0/0/0 | 0/0/0/0 | 0/0/0/0
2026-27,MEDIOCENTROS,2225,Michael Sternberg,Greifswalder FC,Regionalliga,1426036,"LIGA PJ, LIGA Min",—,,False,Greifswalder FC,False,8/516/0/1 | 0/0/0/0 | 0/0/0/0 | 0/0/0/0 | 0/0/0/0,9/574/0/1 | 0/0/0/0 | 0/0/0/0 | 0/0/0/0 | 0/0/0/0
2026-27,MEDIOCENTROS,2233,Dan Chesters,Wealdstone,National League,561452,"LIGA PJ, LIGA Min, LIGA A/CS",—,,False,Wealdstone,False,6/333/0/0 | 2/179/0/1 | 0/0/0/0 | 0/0/0/0 | 0/0/0/0,7/401/0/1 | 2/179/0/1 | 0/0/0/0 | 0/0/0/0 | 0/0/0/0
2026-27,MEDIOCENTROS,2250,Leon Pomnitz,SG Barockstadt,Regionalliga,190940,"LIGA PJ, LIGA Min",—,,False,SG Barockstadt,False,6/486/0/1 | 0/0/0/0 | 0/0/0/0 | 0/0/0/0 | 0/0/0/0,7/576/0/1 | 0/0/0/0 | 0/0/0/0 | 0/0/0/0 | 0/0/0/0
2026-27,MEDIOCENTROS,2272,Alexis Giacomini,Amiens SC,Ligue 3,395511,"LIGA PJ, LIGA Min",—,,False,Amiens SC,False,7/457/0/1 | 0/0/0/0 | 0/0/0/0 | 0/0/0/0 | 0/0/0/0,8/491/0/1 | 0/0/0/0 | 0/0/0/0 | 0/0/0/0 | 0/0/0/0
2026-27,MEDIOCENTROS,2289,Alessio Tribuzzi,Bari,Serie C,395546,"LIGA PJ, LIGA Min, LIGA A/CS",—,,False,Bari,False,6/347/0/0 | 2/90/0/1 | 0/0/0/0 | 0/0/0/0 | 0/0/0/0,7/437/0/1 | 2/90/0/1 | 0/0/0/0 | 0/0/0/0 | 0/0/0/0
2026-27,MEDIOCENTROS,2293,Raouf Mroivili,Le Puy FC,Ligue 3,394329,"LIGA PJ, LIGA Min",—,,False,Le Puy FC,False,7/433/0/1 | 0/0/0/0 | 0/0/0/0 | 0/0/0/0 | 0/0/0/0,8/518/0/1 | 0/0/0/0 | 0/0/0/0 | 0/0/0/0 | 0/0/0/0
2026-27,MEDIOCENTROS,2296,Josh Austerfield,Rotherham,League Two,728983,"LIGA PJ, LIGA Min",—,,False,Rotherham,False,5/386/0/1 | 1/45/0/0 | 0/0/0/0 | 0/0/0/0 | 0/0/0/0,6/476/0/1 | 1/45/0/0 | 0/0/0/0 | 0/0/0/0 | 0/0/0/0
2026-27,MEDIOCENTROS,2299,Tom Conlon,Tranmere Rovers,League Two,294056,"LIGA PJ, LIGA Min",—,,False,Tranmere Rovers,False,7/368/0/0 | 1/61/0/1 | 0/0/0/0 | 0/0/0/0 | 0/0/0/0,8/457/0/0 | 1/61/0/1 | 0/0/0/0 | 0/0/0/0 | 0/0/0/0
2026-27,MEDIOCENTROS,2308,Charlie Carter,Sutton Utd,National League,451302,"LIGA PJ, LIGA Min, LIGA G/GC",—,,False,Sutton Utd,False,5/422/0/1 | 0/0/0/0 | 0/0/0/0 | 0/0/0/0 | 0/0/0/0,6/512/1/1 | 0/0/0/0 | 0/0/0/0 | 0/0/0/0 | 0/0/0/0
2026-27,MEDIOCENTROS,2310,Kane Taylor,AFC Rochdale,League Two,813139,"LIGA PJ, LIGA Min",—,,False,AFC Rochdale,False,6/419/0/1 | 0/0/0/0 | 0/0/0/0 | 0/0/0/0 | 0/0/0/0,7/483/0/1 | 0/0/0/0 | 0/0/0/0 | 0/0/0/0 | 0/0/0/0
2026-27,MEDIOCENTROS,2313,Harry Waldock,Gillingham,League Two,1300764,"LIGA PJ, LIGA Min",—,,False,Gillingham,False,6/393/0/1 | 1/23/0/0 | 0/0/0/0 | 0/0/0/0 | 0/0/0/0,7/483/0/1 | 1/23/0/0 | 0/0/0/0 | 0/0/0/0 | 0/0/0/0
2026-27,MEDIOCENTROS,2325,Bradley Ibrahim,Plymouth Argyle,League One,871837,"LIGA PJ, LIGA Min",—,,False,Plymouth Argyle,False,7/221/0/1 | 2/180/0/0 | 0/0/0/0 | 0/0/0/0 | 0/0/0/0,8/241/0/1 | 2/180/0/0 | 0/0/0/0 | 0/0/0/0 | 0/0/0/0
2026-27,MEDIOCENTROS,2342,Yoann Le Méhauté,FC Fleury 91,Ligue 3,353377,"LIGA PJ, LIGA Min",—,,False,FC Fleury 91,False,7/382/0/1 | 0/0/0/0 | 0/0/0/0 | 0/0/0/0 | 0/0/0/0,8/411/0/1 | 0/0/0/0 | 0/0/0/0 | 0/0/0/0 | 0/0/0/0
2026-27,MEDIOCENTROS,2347,Anthony Georgiou,Woking,National League,320913,"LIGA PJ, LIGA Min",—,,False,Woking,False,4/211/0/0 | 2/162/0/1 | 0/0/0/0 | 0/0/0/0 | 0/0/0/0,5/236/0/0 | 2/162/0/1 | 0/0/0/0 | 0/0/0/0 | 0/0/0/0
2026-27,MEDIOCENTROS,2359,Kevin Krüger,VfR Mannheim,Regionalliga,594723,"LIGA PJ, LIGA Min",—,,False,VfR Mannheim,False,8/242/0/1 | 2/120/0/0 | 0/0/0/0 | 0/0/0/0 | 0/0/0/0,9/269/0/1 | 2/120/0/0 | 0/0/0/0 | 0/0/0/0 | 0/0/0/0
2026-27,MEDIOCENTROS,2373,Christian Mauersberger,Stuttg. Kickers,Regionalliga,146154,"LIGA PJ, LIGA Min",—,,False,Stuttg. Kickers,False,7/343/0/1 | 0/0/0/0 | 0/0/0/0 | 0/0/0/0 | 0/0/0/0,8/356/0/1 | 0/0/0/0 | 0/0/0/0 | 0/0/0/0 | 0/0/0/0
2026-27,MEDIOCENTROS,2374,Cyril Khetir,FC Fleury 91,Ligue 3,696599,"LIGA PJ, LIGA Min",—,,False,FC Fleury 91,False,7/341/0/1 | 0/0/0/0 | 0/0/0/0 | 0/0/0/0 | 0/0/0/0,8/431/0/1 | 0/0/0/0 | 0/0/0/0 | 0/0/0/0 | 0/0/0/0
2026-27,MEDIOCENTROS,2376,Teo Kurtaran,Tamworth,National League,1223113,"LIGA PJ, LIGA Min",—,,False,Tamworth,False,5/230/0/1 | 2/110/0/0 | 0/0/0/0 | 0/0/0/0 | 0/0/0/0,6/275/0/1 | 2/110/0/0 | 0/0/0/0 | 0/0/0/0 | 0/0/0/0
2026-27,MEDIOCENTROS,2386,Enrico Giannini,Cosenza,Serie C,703243,"LIGA PJ, LIGA Min",—,,False,Cosenza,False,4/234/0/1 | 1/90/0/0 | 0/0/0/0 | 0/0/0/0 | 0/0/0/0,5/294/0/1 | 1/90/0/0 | 0/0/0/0 | 0/0/0/0 | 0/0/0/0
2026-27,MEDIOCENTROS,2388,Ibrahim Camara,Paris 13 Atl.,Ligue 3,1153430,"LIGA PJ, LIGA Min",—,,False,Paris 13 Atl.,False,5/322/0/1 | 0/0/0/0 | 0/0/0/0 | 0/0/0/0 | 0/0/0/0,6/412/0/1 | 0/0/0/0 | 0/0/0/0 | 0/0/0/0 | 0/0/0/0
2026-27,MEDIOCENTROS,2390,Arthur Read,York City,League Two,458187,"LIGA PJ, LIGA Min",—,,False,York City,False,7/140/0/0 | 2/180/0/1 | 0/0/0/0 | 0/0/0/0 | 0/0/0/0,8/149/0/0 | 2/180/0/1 | 0/0/0/0 | 0/0/0/0 | 0/0/0/0
2026-27,MEDIOCENTROS,2401,Francesco Perrotta,Sambenedettese,Serie C,953372,"LIGA PJ, LIGA Min",—,,False,Sambenedettese,False,4/164/0/0 | 2/144/0/1 | 0/0/0/0 | 0/0/0/0 | 0/0/0/0,5/181/0/0 | 2/144/0/1 | 0/0/0/0 | 0/0/0/0 | 0/0/0/0
2026-27,MEDIOCENTROS,2407,Baptiste Macon,Concarneau,Ligue 3,990768,"LIGA PJ, LIGA Min",—,,False,Concarneau,False,6/302/0/1 | 0/0/0/0 | 0/0/0/0 | 0/0/0/0 | 0/0/0/0,7/372/0/1 | 0/0/0/0 | 0/0/0/0 | 0/0/0/0 | 0/0/0/0
2026-27,MEDIOCENTROS,2410,Lucas Falcão,Rot-Weiß Erfurt,Regionalliga,505983,"LIGA PJ, LIGA Min",—,,False,Rot-Weiß Erfurt,False,5/134/0/0 | 2/166/0/1 | 0/0/0/0 | 0/0/0/0 | 0/0/0/0,6/159/0/0 | 2/166/0/1 | 0/0/0/0 | 0/0/0/0 | 0/0/0/0
2026-27,MEDIOCENTROS,2415,Romeo Ivelj,TSV Buchbach,Regionalliga,819634,"LIGA PJ, LIGA Min",—,,False,TSV Buchbach,False,9/174/0/1 | 3/124/0/0 | 0/0/0/0 | 0/0/0/0 | 0/0/0/0,10/264/0/1 | 3/124/0/0 | 0/0/0/0 | 0/0/0/0 | 0/0/0/0
2026-27,MEDIOCENTROS,2436,Iván Romero,Linares,Segunda Federación,979310,"LIGA PJ, LIGA Min",—,,False,Linares,False,3/270/0/1 | 0/0/0/0 | 0/0/0/0 | 0/0/0/0 | 0/0/0/0,4/350/0/1 | 0/0/0/0 | 0/0/0/0 | 0/0/0/0 | 0/0/0/0
2026-27,MEDIOCENTROS,2439,Eugeni,Gimnàstic,Primera Federación,223073,"LIGA PJ, LIGA Min",—,,False,Gimnàstic,False,4/265/0/1 | 0/0/0/0 | 0/0/0/0 | 0/0/0/0 | 0/0/0/0,5/270/0/1 | 0/0/0/0 | 0/0/0/0 | 0/0/0/0 | 0/0/0/0
2026-27,MEDIOCENTROS,2445,Tom Naylor,Chesterfield,League Two,126225,"LIGA PJ, LIGA Min",—,,False,Chesterfield,False,6/96/0/0 | 3/163/0/1 | 0/0/0/0 | 0/0/0/0 | 0/0/0/0,7/99/0/0 | 3/163/0/1 | 0/0/0/0 | 0/0/0/0 | 0/0/0/0
2026-27,MEDIOCENTROS,2449,Jeff King,York City,League Two,330593,"LIGA PJ, LIGA Min",—,,False,York City,False,6/246/0/1 | 0/0/0/0 | 0/0/0/0 | 0/0/0/0 | 0/0/0/0,7/255/0/1 | 0/0/0/0 | 0/0/0/0 | 0/0/0/0 | 0/0/0/0
2026-27,MEDIOCENTROS,2457,Danny Mayor,Fylde,National League,106708,"LIGA PJ, LIGA Min, LIGA G/GC",—,,False,Fylde,False,6/240/0/1 | 0/0/0/0 | 0/0/0/0 | 0/0/0/0 | 0/0/0/0,7/310/1/1 | 0/0/0/0 | 0/0/0/0 | 0/0/0/0 | 0/0/0/0
2026-27,MEDIOCENTROS,2476,Zaccaria Hamlili,Vado,Serie C,240807,"LIGA PJ, LIGA Min",—,,False,Vado,False,4/227/0/1 | 0/0/0/0 | 0/0/0/0 | 0/0/0/0 | 0/0/0/0,5/317/0/1 | 0/0/0/0 | 0/0/0/0 | 0/0/0/0 | 0/0/0/0
2026-27,MEDIOCENTROS,2487,Jamie Walker,Grimsby Town,League Two,72518,"LIGA PJ, LIGA Min",—,,False,Grimsby Town,False,4/62/0/0 | 2/158/0/1 | 0/0/0/0 | 0/0/0/0 | 0/0/0/0,5/152/0/0 | 2/158/0/1 | 0/0/0/0 | 0/0/0/0 | 0/0/0/0
2026-27,MEDIOCENTROS,2502,Riccardo Arboscello,Novara,Serie C,934876,"LIGA PJ, LIGA Min",—,,False,Novara,False,2/81/0/0 | 2/121/0/1 | 0/0/0/0 | 0/0/0/0 | 0/0/0/0,3/126/0/0 | 2/121/0/1 | 0/0/0/0 | 0/0/0/0 | 0/0/0/0
2026-27,MEDIOCENTROS,2512,Adam Loune,K. Offenbach,Regionalliga,822143,"LIGA PJ, LIGA Min",—,,False,K. Offenbach,False,6/193/0/1 | 0/0/0/0 | 0/0/0/0 | 0/0/0/0 | 0/0/0/0,7/238/0/1 | 0/0/0/0 | 0/0/0/0 | 0/0/0/0 | 0/0/0/0
2026-27,MEDIOCENTROS,2514,Dominic Schmidt,SpVgg Bayreuth,Regionalliga,476498,"LIGA PJ, LIGA Min, LIGA G/GC",—,,False,SpVgg Bayreuth,False,4/188/0/1 | 0/0/0/0 | 0/0/0/0 | 0/0/0/0 | 0/0/0/0,5/264/1/1 | 0/0/0/0 | 0/0/0/0 | 0/0/0/0 | 0/0/0/0
2026-27,MEDIOCENTROS,2516,Mattia Sangalli,Cittadella,Serie C,614500,"LIGA PJ, LIGA Min",—,,False,Cittadella,False,4/93/0/0 | 2/94/0/1 | 0/0/0/0 | 0/0/0/0 | 0/0/0/0,5/106/0/0 | 2/94/0/1 | 0/0/0/0 | 0/0/0/0 | 0/0/0/0
2026-27,MEDIOCENTROS,2525,Nadir Homssa,FC Fleury 91,Ligue 3,1015569,"LIGA PJ, LIGA Min",—,,False,FC Fleury 91,False,6/177/0/1 | 0/0/0/0 | 0/0/0/0 | 0/0/0/0 | 0/0/0/0,7/257/0/1 | 0/0/0/0 | 0/0/0/0 | 0/0/0/0 | 0/0/0/0
2026-27,MEDIOCENTROS,2530,Aleix Díaz,Manresa,Segunda Federación,633176,"LIGA PJ, LIGA Min",—,,False,Manresa,False,3/172/0/1 | 0/0/0/0 | 0/0/0/0 | 0/0/0/0 | 0/0/0/0,4/203/0/1 | 0/0/0/0 | 0/0/0/0 | 0/0/0/0 | 0/0/0/0
2026-27,MEDIOCENTROS,2535,Gabriel Sadlek,Lok Leipzig,Regionalliga,1047092,"LIGA PJ, LIGA Min",—,,False,Lok Leipzig,False,4/79/0/0 | 1/83/0/1 | 0/0/0/0 | 0/0/0/0 | 0/0/0/0,5/86/0/0 | 1/83/0/1 | 0/0/0/0 | 0/0/0/0 | 0/0/0/0
2026-27,MEDIOCENTROS,2539,Adham Ribeiro,US Orléans,Ligue 3,1052861,"LIGA PJ, LIGA Min",—,,False,US Orléans,False,4/151/0/1 | 0/0/0/0 | 0/0/0/0 | 0/0/0/0 | 0/0/0/0,5/212/0/1 | 0/0/0/0 | 0/0/0/0 | 0/0/0/0 | 0/0/0/0
2026-27,MEDIOCENTROS,2575,Tommaso Fantacci,Grosseto,Serie C,291522,"LIGA PJ, LIGA Min",—,,False,Grosseto,False,3/51/0/0 | 1/45/0/1 | 0/0/0/0 | 0/0/0/0 | 0/0/0/0,4/62/0/0 | 1/45/0/1 | 0/0/0/0 | 0/0/0/0 | 0/0/0/0
2026-27,MEDIOCENTROS,2579,Martín Arruti,Real Unión,Primera Federación,1063589,"LIGA PJ, LIGA Min",—,,False,Real Unión,False,2/85/0/1 | 0/0/0/0 | 0/0/0/0 | 0/0/0/0 | 0/0/0/0,3/112/0/1 | 0/0/0/0 | 0/0/0/0 | 0/0/0/0 | 0/0/0/0
2026-27,MEDIOCENTROS,2622,Kento Hashimoto,FC Tokyo,J1 League,785208,"LIGA PJ, LIGA Min, COPA PJ, COPA Min, COPA A/CS",—,,False,FC Tokyo,False,6/360/0/0 | 17/1221/0/0 | 0/0/0/0 | 0/0/0/0 | 0/0/0/0,4/220/0/0 | 20/1308/0/4 | 0/0/0/0 | 0/0/0/0 | 0/0/0/0
2026-27,MEDIOCENTROS,2669,Josef Gottmeier,DJK Vilzing,Regionalliga,730406,"LIGA PJ, LIGA Min",—,,False,DJK Vilzing,False,9/786/0/0 | 2/180/0/0 | 0/0/0/0 | 0/0/0/0 | 0/0/0/0,10/876/0/0 | 2/180/0/0 | 0/0/0/0 | 0/0/0/0 | 0/0/0/0
2026-27,MEDIOCENTROS,2676,Tom White,Boreham Wood,National League,496786,"LIGA PJ, LIGA Min",—,,False,Boreham Wood,False,9/810/0/0 | 3/119/0/0 | 0/0/0/0 | 0/0/0/0 | 0/0/0/0,10/900/0/0 | 3/119/0/0 | 0/0/0/0 | 0/0/0/0 | 0/0/0/0
2026-27,MEDIOCENTROS,2677,Luca Marino,FSV Schöningen,Regionalliga,710612,"LIGA PJ, LIGA Min",—,,False,FSV Schöningen,False,10/838/0/0 | 1/90/0/0 | 0/0/0/0 | 0/0/0/0 | 0/0/0/0,11/928/0/0 | 1/90/0/0 | 0/0/0/0 | 0/0/0/0 | 0/0/0/0
2026-27,MEDIOCENTROS,2682,Moritz Fritz,Carl Zeiss Jena,Regionalliga,154980,"LIGA PJ, LIGA Min, LIGA G/GC",—,,False,Carl Zeiss Jena,False,10/812/0/0 | 1/90/0/0 | 0/0/0/0 | 0/0/0/0 | 0/0/0/0,11/902/1/0 | 1/90/0/0 | 0/0/0/0 | 0/0/0/0 | 0/0/0/0
2026-27,MEDIOCENTROS,2684,Harrison Neal,Fleetwood,League Two,746736,"LIGA PJ, LIGA Min",—,,False,Fleetwood,False,7/630/0/0 | 3/270/0/0 | 0/0/0/0 | 0/0/0/0 | 0/0/0/0,8/720/0/0 | 3/270/0/0 | 0/0/0/0 | 0/0/0/0 | 0/0/0/0
2026-27,MEDIOCENTROS,2685,Maximilian Göbhardt,Eltersdorf,Regionalliga,233777,"LIGA PJ, LIGA Min, LIGA G/GC",—,,False,Eltersdorf,False,9/810/0/0 | 1/90/0/0 | 0/0/0/0 | 0/0/0/0 | 0/0/0/0,10/900/1/0 | 1/90/0/0 | 0/0/0/0 | 0/0/0/0 | 0/0/0/0
2026-27,MEDIOCENTROS,2692,Lasse von Boetticher,HSC Hannover,Regionalliga,907491,"LIGA PJ, LIGA Min",—,,False,HSC Hannover,False,10/796/0/0 | 1/85/0/0 | 0/0/0/0 | 0/0/0/0 | 0/0/0/0,11/886/0/0 | 1/85/0/0 | 0/0/0/0 | 0/0/0/0 | 0/0/0/0
2026-27,MEDIOCENTROS,2694,Moritz Bangerter,W. Burghausen,Regionalliga,786825,"LIGA PJ, LIGA Min",—,,False,W. Burghausen,False,10/775/0/0 | 2/90/0/0 | 0/0/0/0 | 0/0/0/0 | 0/0/0/0,11/847/0/0 | 2/90/0/0 | 0/0/0/0 | 0/0/0/0 | 0/0/0/0
2026-27,MEDIOCENTROS,2698,Pawel Erfmann,SV Todesfelde,Regionalliga,806745,"LIGA PJ, LIGA Min",—,,False,SV Todesfelde,False,10/848/0/0 | 0/0/0/0 | 0/0/0/0 | 0/0/0/0 | 0/0/0/0,11/938/0/0 | 0/0/0/0 | 0/0/0/0 | 0/0/0/0 | 0/0/0/0
2026-27,MEDIOCENTROS,2699,Andreas Geipl,Chemnitzer FC,Regionalliga,93563,"LIGA PJ, LIGA Min",—,,False,Chemnitzer FC,False,10/846/0/0 | 0/0/0/0 | 0/0/0/0 | 0/0/0/0 | 0/0/0/0,11/936/0/0 | 0/0/0/0 | 0/0/0/0 | 0/0/0/0 | 0/0/0/0
2026-27,MEDIOCENTROS,2716,Dominic Odusanya,Aldershot,National League,922175,"LIGA PJ, LIGA Min",—,,False,Aldershot,False,9/810/0/0 | 0/0/0/0 | 0/0/0/0 | 0/0/0/0 | 0/0/0/0,10/892/0/0 | 0/0/0/0 | 0/0/0/0 | 0/0/0/0 | 0/0/0/0
2026-27,MEDIOCENTROS,2724,Alistair Smith,AFC Wimbledon,League One,631258,"LIGA PJ, LIGA Min",—,,False,AFC Wimbledon,False,7/619/0/0 | 3/179/0/0 | 0/0/0/0 | 0/0/0/0 | 0/0/0/0,8/709/0/0 | 3/179/0/0 | 0/0/0/0 | 0/0/0/0 | 0/0/0/0
2026-27,MEDIOCENTROS,2727,Lukas Bettrich,TSV Landsberg,Regionalliga,596187,"LIGA PJ, LIGA Min",—,,False,TSV Landsberg,False,7/609/0/0 | 3/180/0/0 | 0/0/0/0 | 0/0/0/0 | 0/0/0/0,8/699/0/0 | 3/180/0/0 | 0/0/0/0 | 0/0/0/0 | 0/0/0/0
2026-27,MEDIOCENTROS,2729,Chris Merrie,Fylde,National League,425879,"LIGA PJ, LIGA Min, LIGA A/CS",—,,False,Fylde,False,9/784/0/0 | 0/0/0/0 | 0/0/0/0 | 0/0/0/0 | 0/0/0/0,10/854/0/1 | 0/0/0/0 | 0/0/0/0 | 0/0/0/0 | 0/0/0/0
2026-27,MEDIOCENTROS,2730,Daniel Phillips,Stevenage,League One,646996,"SEL PJ, SEL Min",—,,False,Stevenage,False,7/603/0/0 | 2/180/0/0 | 0/0/0/0 | 0/0/0/0 | 0/0/0/0,7/603/0/0 | 2/180/0/0 | 0/0/0/0 | 0/0/0/0 | 1/90/0/0
2026-27,MEDIOCENTROS,2733,Max Kulke,Hallescher FC,Regionalliga,394280,"LIGA PJ, LIGA Min",—,,False,Hallescher FC,False,10/728/0/0 | 1/44/0/0 | 0/0/0/0 | 0/0/0/0 | 0/0/0/0,11/814/0/0 | 1/44/0/0 | 0/0/0/0 | 0/0/0/0 | 0/0/0/0
2026-27,MEDIOCENTROS,2745,Tate Campbell,Forest Green,National League,684279,"LIGA PJ, LIGA Min",—,,False,Forest Green,False,9/744/0/0 | 0/0/0/0 | 0/0/0/0 | 0/0/0/0 | 0/0/0/0,10/834/0/0 | 0/0/0/0 | 0/0/0/0 | 0/0/0/0 | 0/0/0/0
2026-27,MEDIOCENTROS,2752,Joe Rowley,Scunthorpe Utd.,National League,495034,"LIGA PJ, LIGA Min, LIGA A/CS",—,,False,Scunthorpe Utd.,False,8/571/0/0 | 2/157/0/0 | 0/0/0/0 | 0/0/0/0 | 0/0/0/0,9/661/0/1 | 2/157/0/0 | 0/0/0/0 | 0/0/0/0 | 0/0/0/0
2026-27,MEDIOCENTROS,2753,Mourice Ebeling,Schwaben Augsb.,Regionalliga,1306209,"LIGA PJ, LIGA Min",—,,False,Schwaben Augsb.,False,10/512/0/0 | 3/214/0/0 | 0/0/0/0 | 0/0/0/0 | 0/0/0/0,11/580/0/0 | 3/214/0/0 | 0/0/0/0 | 0/0/0/0 | 0/0/0/0
2026-27,MEDIOCENTROS,2762,Emilian Lässig,FCA Walldorf,Regionalliga,379995,"LIGA PJ, LIGA Min",—,,False,FCA Walldorf,False,8/720/0/0 | 0/0/0/0 | 0/0/0/0 | 0/0/0/0 | 0/0/0/0,9/810/0/0 | 0/0/0/0 | 0/0/0/0 | 0/0/0/0 | 0/0/0/0
2026-27,MEDIOCENTROS,2763,Liam Kelly,Peterborough,League One,252986,"LIGA PJ, LIGA Min",—,,False,Peterborough,False,7/487/0/0 | 4/228/0/0 | 0/0/0/0 | 0/0/0/0 | 0/0/0/0,8/577/0/0 | 4/228/0/0 | 0/0/0/0 | 0/0/0/0 | 0/0/0/0
2026-27,MEDIOCENTROS,2767,Riccardo Collodel,Novara,Serie C,394373,"LIGA PJ, LIGA Min",—,,False,Novara,False,6/528/0/0 | 2/180/0/0 | 0/0/0/0 | 0/0/0/0 | 0/0/0/0,7/618/0/0 | 2/180/0/0 | 0/0/0/0 | 0/0/0/0 | 0/0/0/0
2026-27,MEDIOCENTROS,2774,Nunoo Sarpei,SG Barockstadt,Regionalliga,451340,"LIGA PJ, LIGA Min",—,,False,SG Barockstadt,False,8/704/0/0 | 0/0/0/0 | 0/0/0/0 | 0/0/0/0 | 0/0/0/0,9/750/0/0 | 0/0/0/0 | 0/0/0/0 | 0/0/0/0 | 0/0/0/0
2026-27,MEDIOCENTROS,2776,Marco Zietsch,SpVgg Bayreuth,Regionalliga,520992,"LIGA PJ, LIGA Min",—,,False,SpVgg Bayreuth,False,8/581/0/0 | 2/119/0/0 | 0/0/0/0 | 0/0/0/0 | 0/0/0/0,9/671/0/0 | 2/119/0/0 | 0/0/0/0 | 0/0/0/0 | 0/0/0/0
2026-27,MEDIOCENTROS,2779,Ryan Stirk,Chesterfield,League Two,496644,"LIGA PJ, LIGA Min",—,,False,Chesterfield,False,7/601/0/0 | 1/90/0/0 | 0/0/0/0 | 0/0/0/0 | 0/0/0/0,8/691/0/0 | 1/90/0/0 | 0/0/0/0 | 0/0/0/0 | 0/0/0/0
2026-27,MEDIOCENTROS,2789,Nicolas Andermatt,FC 08 Homburg,Regionalliga,196433,"LIGA PJ, LIGA Min",—,,False,FC 08 Homburg,False,8/675/0/0 | 0/0/0/0 | 0/0/0/0 | 0/0/0/0 | 0/0/0/0,9/765/0/0 | 0/0/0/0 | 0/0/0/0 | 0/0/0/0 | 0/0/0/0
2026-27,MEDIOCENTROS,2797,Cemal Kaymaz,Hessen Kassel,Regionalliga,443829,"LIGA PJ, LIGA Min",—,,False,Hessen Kassel,False,8/663/0/0 | 0/0/0/0 | 0/0/0/0 | 0/0/0/0 | 0/0/0/0,9/753/0/0 | 0/0/0/0 | 0/0/0/0 | 0/0/0/0 | 0/0/0/0
2026-27,MEDIOCENTROS,2801,Nicolò Contiliano,Cosenza,Serie C,817330,"LIGA PJ, LIGA Min",—,,False,Cosenza,False,6/475/0/0 | 2/180/0/0 | 0/0/0/0 | 0/0/0/0 | 0/0/0/0,7/565/0/0 | 2/180/0/0 | 0/0/0/0 | 0/0/0/0 | 0/0/0/0
2026-27,MEDIOCENTROS,2805,Vico Meien,VfR Aalen,Regionalliga,386512,"LIGA PJ, LIGA Min",—,,False,VfR Aalen,False,8/651/0/0 | 0/0/0/0 | 0/0/0/0 | 0/0/0/0 | 0/0/0/0,9/741/0/0 | 0/0/0/0 | 0/0/0/0 | 0/0/0/0 | 0/0/0/0
2026-27,MEDIOCENTROS,2807,Steven Turner,Woking,National League,1211743,"LIGA PJ, LIGA Min",—,,False,Woking,False,8/533/0/0 | 2/117/0/0 | 0/0/0/0 | 0/0/0/0 | 0/0/0/0,9/549/0/0 | 2/117/0/0 | 0/0/0/0 | 0/0/0/0 | 0/0/0/0
2026-27,MEDIOCENTROS,2810,Robin Krolikowski,SSV Jeddeloh II,Regionalliga,340375,"LIGA PJ, LIGA Min",—,,False,SSV Jeddeloh II,False,10/490/0/0 | 2/156/0/0 | 0/0/0/0 | 0/0/0/0 | 0/0/0/0,11/580/0/0 | 2/156/0/0 | 0/0/0/0 | 0/0/0/0 | 0/0/0/0
2026-27,MEDIOCENTROS,2812,Hassan Mohamad,SF Lotte,Regionalliga,1047397,"LIGA PJ, LIGA Min",—,,False,SF Lotte,False,6/484/0/0 | 2/159/0/0 | 0/0/0/0 | 0/0/0/0 | 0/0/0/0,7/565/0/0 | 2/159/0/0 | 0/0/0/0 | 0/0/0/0 | 0/0/0/0
2026-27,MEDIOCENTROS,2814,Sven Sprangler,FC Walsall,League Two,181714,"LIGA PJ, LIGA Min",—,,False,FC Walsall,False,7/549/0/0 | 1/90/0/0 | 0/0/0/0 | 0/0/0/0 | 0/0/0/0,8/607/0/0 | 1/90/0/0 | 0/0/0/0 | 0/0/0/0 | 0/0/0/0
2026-27,MEDIOCENTROS,2815,Niklas Tarnat,SV Sandhausen,Regionalliga,337025,"LIGA PJ, LIGA Min",—,,False,SV Sandhausen,False,8/639/0/0 | 0/0/0/0 | 0/0/0/0 | 0/0/0/0 | 0/0/0/0,9/729/0/0 | 0/0/0/0 | 0/0/0/0 | 0/0/0/0 | 0/0/0/0
2026-27,MEDIOCENTROS,2818,Erjanik Ghubasaryan,E. Norderstedt,Regionalliga,405678,"LIGA PJ, LIGA Min",—,,False,E. Norderstedt,False,8/548/0/0 | 1/90/0/0 | 0/0/0/0 | 0/0/0/0 | 0/0/0/0,9/638/0/0 | 1/90/0/0 | 0/0/0/0 | 0/0/0/0 | 0/0/0/0
2026-27,MEDIOCENTROS,2821,Alberto De Francesco,Desenzano,Serie C,199735,"LIGA PJ, LIGA Min",—,,False,Desenzano,False,6/517/0/0 | 2/115/0/0 | 0/0/0/0 | 0/0/0/0 | 0/0/0/0,7/607/0/0 | 2/115/0/0 | 0/0/0/0 | 0/0/0/0 | 0/0/0/0
2026-27,MEDIOCENTROS,2833,Stefano Bonaiti,Lecco,Serie C,395120,"LIGA PJ, LIGA Min",—,,False,Lecco,False,6/540/0/0 | 1/90/0/0 | 0/0/0/0 | 0/0/0/0 | 0/0/0/0,7/630/0/0 | 1/90/0/0 | 0/0/0/0 | 0/0/0/0 | 0/0/0/0
2026-27,MEDIOCENTROS,2834,Mariano Arini,Pergolettese,Serie C,183460,"LIGA PJ, LIGA Min",—,,False,Pergolettese,False,6/540/0/0 | 1/90/0/0 | 0/0/0/0 | 0/0/0/0 | 0/0/0/0,7/630/0/0 | 1/90/0/0 | 0/0/0/0 | 0/0/0/0 | 0/0/0/0
2026-27,MEDIOCENTROS,2836,Alexander Gordok,W. Burghausen,Regionalliga,1031300,"LIGA PJ, LIGA Min",—,,False,W. Burghausen,False,9/358/0/0 | 3/270/0/0 | 0/0/0/0 | 0/0/0/0 | 0/0/0/0,10/448/0/0 | 3/270/0/0 | 0/0/0/0 | 0/0/0/0 | 0/0/0/0
2026-27,MEDIOCENTROS,2839,Michel Panatti,Ospitaletto,Serie C,163085,"LIGA PJ, LIGA Min, LIGA A/CS",—,,False,Ospitaletto,False,6/534/0/0 | 1/90/0/0 | 0/0/0/0 | 0/0/0/0 | 0/0/0/0,7/624/0/1 | 1/90/0/0 | 0/0/0/0 | 0/0/0/0 | 0/0/0/0
2026-27,MEDIOCENTROS,2840,Mattia Rolando,Lumezzane,Serie C,398568,"LIGA PJ, LIGA Min",—,,False,Lumezzane,False,6/533/0/0 | 1/90/0/0 | 0/0/0/0 | 0/0/0/0 | 0/0/0/0,7/623/0/0 | 1/90/0/0 | 0/0/0/0 | 0/0/0/0 | 0/0/0/0
2026-27,MEDIOCENTROS,2845,Gianmarco Basso,Novara,Serie C,455843,"LIGA PJ, LIGA Min",—,,False,Novara,False,6/514/0/0 | 2/102/0/0 | 0/0/0/0 | 0/0/0/0 | 0/0/0/0,7/559/0/0 | 2/102/0/0 | 0/0/0/0 | 0/0/0/0 | 0/0/0/0
2026-27,MEDIOCENTROS,2850,Luca Lupano,Desenzano,Serie C,1211477,"LIGA PJ, LIGA Min",—,,False,Desenzano,False,6/526/0/0 | 2/85/0/0 | 0/0/0/0 | 0/0/0/0 | 0/0/0/0,7/616/0/0 | 2/85/0/0 | 0/0/0/0 | 0/0/0/0 | 0/0/0/0
2026-27,MEDIOCENTROS,2861,Adrian Stanilewicz,Fortuna Köln,3. Liga,389078,"LIGA PJ, LIGA Min",—,,False,Fortuna Köln,False,6/517/0/0 | 1/90/0/0 | 0/0/0/0 | 0/0/0/0 | 0/0/0/0,7/607/0/0 | 1/90/0/0 | 0/0/0/0 | 0/0/0/0 | 0/0/0/0
2026-27,MEDIOCENTROS,2864,Adam Oudjani,Aubagne Air Bel,Ligue 3,676525,"LIGA PJ, LIGA Min, LIGA A/CS",—,,False,Aubagne Air Bel,False,7/606/0/0 | 0/0/0/0 | 0/0/0/0 | 0/0/0/0 | 0/0/0/0,8/684/0/1 | 0/0/0/0 | 0/0/0/0 | 0/0/0/0 | 0/0/0/0
2026-27,MEDIOCENTROS,2865,Christopher Spang,Eintracht Trier,Regionalliga,153498,"LIGA PJ, LIGA Min",—,,False,Eintracht Trier,False,6/516/0/0 | 1/90/0/0 | 0/0/0/0 | 0/0/0/0 | 0/0/0/0,7/606/0/0 | 1/90/0/0 | 0/0/0/0 | 0/0/0/0 | 0/0/0/0
2026-27,MEDIOCENTROS,2866,Gaetano Vitale,Cerignola,Serie C,615180,"LIGA PJ, LIGA Min",—,,False,Cerignola,False,6/516/0/0 | 1/90/0/0 | 0/0/0/0 | 0/0/0/0 | 0/0/0/0,7/588/0/0 | 1/90/0/0 | 0/0/0/0 | 0/0/0/0 | 0/0/0/0
2026-27,MEDIOCENTROS,2867,Harvey Gilmour,AFC Rochdale,League Two,473079,"LIGA PJ, LIGA Min",—,,False,AFC Rochdale,False,7/443/0/0 | 2/162/0/0 | 0/0/0/0 | 0/0/0/0 | 0/0/0/0,8/531/0/0 | 2/162/0/0 | 0/0/0/0 | 0/0/0/0 | 0/0/0/0
2026-27,MEDIOCENTROS,2870,Ben Stevenson,Cheltenham,League Two,375044,"LIGA PJ, LIGA Min",—,,False,Cheltenham,False,7/512/0/0 | 1/90/0/0 | 0/0/0/0 | 0/0/0/0 | 0/0/0/0,8/602/0/0 | 1/90/0/0 | 0/0/0/0 | 0/0/0/0 | 0/0/0/0
2026-27,MEDIOCENTROS,2879,Robbie McKenzie,Gillingham,League Two,532079,"LIGA PJ, LIGA Min",—,,False,Gillingham,False,7/502/0/0 | 1/90/0/0 | 0/0/0/0 | 0/0/0/0 | 0/0/0/0,8/592/0/0 | 1/90/0/0 | 0/0/0/0 | 0/0/0/0 | 0/0/0/0
2026-27,MEDIOCENTROS,2880,Jake Taylor,Sutton Utd,National League,130230,"LIGA PJ, LIGA Min",—,,False,Sutton Utd,False,8/592/0/0 | 0/0/0/0 | 0/0/0/0 | 0/0/0/0 | 0/0/0/0,9/663/0/0 | 0/0/0/0 | 0/0/0/0 | 0/0/0/0 | 0/0/0/0
2026-27,MEDIOCENTROS,2883,Isaac Fletcher,Shrewsbury,League Two,575212,"LIGA PJ, LIGA Min, LIGA G/GC",—,,False,Shrewsbury,False,7/424/0/0 | 3/165/0/0 | 0/0/0/0 | 0/0/0/0 | 0/0/0/0,8/514/1/0 | 3/165/0/0 | 0/0/0/0 | 0/0/0/0 | 0/0/0/0
2026-27,MEDIOCENTROS,2897,Alex Hunt,York City,League Two,606006,"LIGA PJ, LIGA Min",—,,False,York City,False,7/490/0/0 | 1/90/0/0 | 0/0/0/0 | 0/0/0/0 | 0/0/0/0,8/580/0/0 | 1/90/0/0 | 0/0/0/0 | 0/0/0/0 | 0/0/0/0
2026-27,MEDIOCENTROS,2910,Michael Brentan,Torres,Serie C,564793,"LIGA PJ, LIGA Min",—,,False,Torres,False,6/480/0/0 | 1/90/0/0 | 0/0/0/0 | 0/0/0/0 | 0/0/0/0,7/554/0/0 | 1/90/0/0 | 0/0/0/0 | 0/0/0/0 | 0/0/0/0
2026-27,MEDIOCENTROS,2919,Yannik Pohlmann,HSC Hannover,Regionalliga,605286,"LIGA PJ, LIGA Min",—,,False,HSC Hannover,False,8/563/0/0 | 0/0/0/0 | 0/0/0/0 | 0/0/0/0 | 0/0/0/0,9/653/0/0 | 0/0/0/0 | 0/0/0/0 | 0/0/0/0 | 0/0/0/0
2026-27,MEDIOCENTROS,2922,Jack Hunter,Hartlepool Utd.,National League,373558,"LIGA PJ, LIGA Min",—,,False,Hartlepool Utd.,False,8/558/0/0 | 1/1/0/0 | 0/0/0/0 | 0/0/0/0 | 0/0/0/0,9/648/0/0 | 1/1/0/0 | 0/0/0/0 | 0/0/0/0 | 0/0/0/0
2026-27,MEDIOCENTROS,2936,Noah Herber,Eintracht Trier,Regionalliga,980279,"LIGA PJ, LIGA Min",—,,False,Eintracht Trier,False,8/455/0/0 | 1/90/0/0 | 0/0/0/0 | 0/0/0/0 | 0/0/0/0,9/545/0/0 | 1/90/0/0 | 0/0/0/0 | 0/0/0/0 | 0/0/0/0
2026-27,MEDIOCENTROS,2949,Marco Piccoli,Sambenedettese,Serie C,629574,"LIGA PJ, LIGA Min",—,,False,Sambenedettese,False,5/403/0/0 | 2/135/0/0 | 0/0/0/0 | 0/0/0/0 | 0/0/0/0,6/486/0/0 | 2/135/0/0 | 0/0/0/0 | 0/0/0/0 | 0/0/0/0
2026-27,MEDIOCENTROS,2952,Lakhdar Belal,SC Bastia,Ligue 3,923821,"LIGA PJ, LIGA Min",—,,False,SC Bastia,False,7/535/0/0 | 0/0/0/0 | 0/0/0/0 | 0/0/0/0 | 0/0/0/0,8/597/0/0 | 0/0/0/0 | 0/0/0/0 | 0/0/0/0 | 0/0/0/0
2026-27,MEDIOCENTROS,2953,Francesco Proietto,Pianese,Serie C,536954,"LIGA PJ, LIGA Min",—,,False,Pianese,False,5/450/0/0 | 1/85/0/0 | 0/0/0/0 | 0/0/0/0 | 0/0/0/0,6/540/0/0 | 1/85/0/0 | 0/0/0/0 | 0/0/0/0 | 0/0/0/0
2026-27,MEDIOCENTROS,2958,Georg Strauch,Fortuna Köln,3. Liga,522077,"LIGA PJ, LIGA Min",—,,False,Fortuna Köln,False,6/533/0/0 | 0/0/0/0 | 0/0/0/0 | 0/0/0/0 | 0/0/0/0,7/623/0/0 | 0/0/0/0 | 0/0/0/0 | 0/0/0/0 | 0/0/0/0
2026-27,MEDIOCENTROS,2967,Ben Acquaye,Tamworth,National League,870970,"LIGA PJ, LIGA Min, LIGA G/GC",—,,False,Tamworth,False,9/529/0/0 | 0/0/0/0 | 0/0/0/0 | 0/0/0/0 | 0/0/0/0,10/619/1/0 | 0/0/0/0 | 0/0/0/0 | 0/0/0/0 | 0/0/0/0
2026-27,MEDIOCENTROS,2974,Sebastiano Bianchi,Picerno,Serie C,704832,"LIGA PJ, LIGA Min",—,,False,Picerno,False,6/415/0/0 | 2/111/0/0 | 0/0/0/0 | 0/0/0/0 | 0/0/0/0,7/483/0/0 | 2/111/0/0 | 0/0/0/0 | 0/0/0/0 | 0/0/0/0
2026-27,MEDIOCENTROS,2978,Mourad Louzif,FC Villefranche,Ligue 3,593433,"LIGA PJ, LIGA Min",—,,False,FC Villefranche,False,7/523/0/0 | 0/0/0/0 | 0/0/0/0 | 0/0/0/0 | 0/0/0/0,8/613/0/0 | 0/0/0/0 | 0/0/0/0 | 0/0/0/0 | 0/0/0/0
2026-27,MEDIOCENTROS,2984,Luka Janes,Tasmania Berlin,Regionalliga,825971,"LIGA PJ, LIGA Min",—,,False,Tasmania Berlin,False,6/458/0/0 | 1/61/0/0 | 0/0/0/0 | 0/0/0/0 | 0/0/0/0,7/543/0/0 | 1/61/0/0 | 0/0/0/0 | 0/0/0/0 | 0/0/0/0
2026-27,MEDIOCENTROS,2990,Max Brogan,Kidderminster,National League,1100880,"LIGA PJ, LIGA Min",—,,False,Kidderminster,False,7/517/0/0 | 0/0/0/0 | 0/0/0/0 | 0/0/0/0 | 0/0/0/0,8/573/0/0 | 0/0/0/0 | 0/0/0/0 | 0/0/0/0 | 0/0/0/0
2026-27,MEDIOCENTROS,2995,Matteo De Rinaldis,Vado,Serie C,700995,"LIGA PJ, LIGA Min",—,,False,Vado,False,5/384/0/0 | 2/131/0/0 | 0/0/0/0 | 0/0/0/0 | 0/0/0/0,6/473/0/0 | 2/131/0/0 | 0/0/0/0 | 0/0/0/0 | 0/0/0/0
2026-27,MEDIOCENTROS,2996,Mattia Tascone,Salernitana,Serie C,482926,"LIGA PJ, LIGA Min",—,,False,Salernitana,False,5/430/0/0 | 1/85/0/0 | 0/0/0/0 | 0/0/0/0 | 0/0/0/0,6/517/0/0 | 1/85/0/0 | 0/0/0/0 | 0/0/0/0 | 0/0/0/0
2026-27,MEDIOCENTROS,3005,Luis Althaus,SpVgg Ansbach,Regionalliga,1023173,"LIGA PJ, LIGA Min",—,,False,SpVgg Ansbach,False,9/362/0/0 | 2/148/0/0 | 0/0/0/0 | 0/0/0/0 | 0/0/0/0,10/371/0/0 | 2/148/0/0 | 0/0/0/0 | 0/0/0/0 | 0/0/0/0
2026-27,MEDIOCENTROS,3006,Lorenzo Andreoli,Grosseto,Serie C,1054287,"LIGA PJ, LIGA Min, LIGA G/GC",—,,False,Grosseto,False,6/434/0/0 | 1/76/0/0 | 0/0/0/0 | 0/0/0/0 | 0/0/0/0,7/524/1/0 | 1/76/0/0 | 0/0/0/0 | 0/0/0/0 | 0/0/0/0
2026-27,MEDIOCENTROS,3013,Samuele Ghezzi,Giana Erminio,Serie C,936754,"LIGA PJ, LIGA Min",—,,False,Giana Erminio,False,6/435/0/0 | 1/73/0/0 | 0/0/0/0 | 0/0/0/0 | 0/0/0/0,7/512/0/0 | 1/73/0/0 | 0/0/0/0 | 0/0/0/0 | 0/0/0/0
2026-27,MEDIOCENTROS,3028,Antonio D'Alena,Cosenza,Serie C,391408,"LIGA PJ, LIGA Min",—,,False,Cosenza,False,6/426/0/0 | 1/73/0/0 | 0/0/0/0 | 0/0/0/0 | 0/0/0/0,7/507/0/0 | 1/73/0/0 | 0/0/0/0 | 0/0/0/0 | 0/0/0/0
2026-27,MEDIOCENTROS,3029,Daniele Franco,Picerno,Serie C,239105,"LIGA PJ, LIGA Min",—,,False,Picerno,False,6/425/0/0 | 1/71/0/0 | 0/0/0/0 | 0/0/0/0 | 0/0/0/0,7/499/0/0 | 1/71/0/0 | 0/0/0/0 | 0/0/0/0 | 0/0/0/0
2026-27,MEDIOCENTROS,3030,Fynn Friedrichs,SSV Jeddeloh II,Regionalliga,662219,"LIGA PJ, LIGA Min",—,,False,SSV Jeddeloh II,False,6/495/0/0 | 0/0/0/0 | 0/0/0/0 | 0/0/0/0 | 0/0/0/0,7/585/0/0 | 0/0/0/0 | 0/0/0/0 | 0/0/0/0 | 0/0/0/0
2026-27,MEDIOCENTROS,3031,Theophilus Awua,Cavese,Serie C,427576,"LIGA PJ, LIGA Min",—,,False,Cavese,False,5/405/0/0 | 1/90/0/0 | 0/0/0/0 | 0/0/0/0 | 0/0/0/0,6/495/0/0 | 1/90/0/0 | 0/0/0/0 | 0/0/0/0 | 0/0/0/0
2026-27,MEDIOCENTROS,3042,Mattia Vitale,Salernitana,Serie C,291432,"LIGA PJ, LIGA Min",—,,False,Salernitana,False,6/492/0/0 | 0/0/0/0 | 0/0/0/0 | 0/0/0/0 | 0/0/0/0,7/537/0/0 | 0/0/0/0 | 0/0/0/0 | 0/0/0/0 | 0/0/0/0
2026-27,MEDIOCENTROS,3048,Marco Bertini,Pianese,Serie C,613539,"LIGA PJ, LIGA Min",—,,False,Pianese,False,5/442/0/0 | 1/45/0/0 | 0/0/0/0 | 0/0/0/0 | 0/0/0/0,6/528/0/0 | 1/45/0/0 | 0/0/0/0 | 0/0/0/0 | 0/0/0/0
2026-27,MEDIOCENTROS,3071,Lennard Becker,Hallescher FC,Regionalliga,806072,"LIGA PJ, LIGA Min, LIGA G/GC",—,,False,Hallescher FC,False,8/401/0/0 | 1/76/0/0 | 0/0/0/0 | 0/0/0/0 | 0/0/0/0,9/491/1/0 | 1/76/0/0 | 0/0/0/0 | 0/0/0/0 | 0/0/0/0
2026-27,MEDIOCENTROS,3087,Rocco Coyle,Gateshead,National League,1078409,"LIGA PJ, LIGA Min",—,,False,Gateshead,False,7/353/0/0 | 2/116/0/0 | 0/0/0/0 | 0/0/0/0 | 0/0/0/0,8/415/0/0 | 2/116/0/0 | 0/0/0/0 | 0/0/0/0 | 0/0/0/0
2026-27,MEDIOCENTROS,3088,Antonio Metlika,Lecco,Serie C,469018,"LIGA PJ, LIGA Min",—,,False,Lecco,False,6/441/0/0 | 1/28/0/0 | 0/0/0/0 | 0/0/0/0 | 0/0/0/0,7/531/0/0 | 1/28/0/0 | 0/0/0/0 | 0/0/0/0 | 0/0/0/0
2026-27,MEDIOCENTROS,3096,Per Lockl,SSV Ulm 1846,Regionalliga,392137,"LIGA PJ, LIGA Min",—,,False,SSV Ulm 1846,False,7/463/0/0 | 0/0/0/0 | 0/0/0/0 | 0/0/0/0 | 0/0/0/0,8/553/0/0 | 0/0/0/0 | 0/0/0/0 | 0/0/0/0 | 0/0/0/0
2026-27,MEDIOCENTROS,3097,Luca Roversi,Pergolettese,Serie C,1448393,"LIGA PJ, LIGA Min",—,,False,Pergolettese,False,6/451/0/0 | 1/10/0/0 | 0/0/0/0 | 0/0/0/0 | 0/0/0/0,7/541/0/0 | 1/10/0/0 | 0/0/0/0 | 0/0/0/0 | 0/0/0/0
2026-27,MEDIOCENTROS,3102,Fabian Wessig,SC Verl,3. Liga,670140,"COPA PJ, COPA Min",—,,False,SC Verl,False,5/277/0/0 | 2/180/0/0 | 0/0/0/0 | 0/0/0/0 | 0/0/0/0,5/277/0/0 | 3/270/0/0 | 0/0/0/0 | 0/0/0/0 | 0/0/0/0
2026-27,MEDIOCENTROS,3115,Evan Morel,VFC La Roche,Ligue 3,795945,"LIGA PJ, LIGA Min",—,,False,VFC La Roche,False,6/450/0/0 | 0/0/0/0 | 0/0/0/0 | 0/0/0/0 | 0/0/0/0,7/540/0/0 | 0/0/0/0 | 0/0/0/0 | 0/0/0/0 | 0/0/0/0
2026-27,MEDIOCENTROS,3133,Eyob Zambataro,Novara,Serie C,389581,"LIGA PJ, LIGA Min",—,,False,Novara,False,6/395/0/0 | 2/49/0/0 | 0/0/0/0 | 0/0/0/0 | 0/0/0/0,7/399/0/0 | 2/49/0/0 | 0/0/0/0 | 0/0/0/0 | 0/0/0/0
2026-27,MEDIOCENTROS,3139,Yari Otto,SC Verl,3. Liga,316590,"COPA PJ, COPA Min, COPA A/CS",—,,False,SC Verl,False,7/293/0/0 | 3/149/0/0 | 0/0/0/0 | 0/0/0/0 | 0/0/0/0,7/293/0/0 | 4/194/0/1 | 0/0/0/0 | 0/0/0/0 | 0/0/0/0
2026-27,MEDIOCENTROS,3151,Manuel Tirelli,Pianese,Serie C,1153015,"LIGA PJ, LIGA Min",—,,False,Pianese,False,6/377/0/0 | 1/61/0/0 | 0/0/0/0 | 0/0/0/0 | 0/0/0/0,7/449/0/0 | 1/61/0/0 | 0/0/0/0 | 0/0/0/0 | 0/0/0/0
2026-27,MEDIOCENTROS,3161,Andrea Mallamo,Lecco,Serie C,616634,"LIGA PJ, LIGA Min",—,,False,Lecco,False,5/433/0/0 | 0/0/0/0 | 0/0/0/0 | 0/0/0/0 | 0/0/0/0,6/523/0/0 | 0/0/0/0 | 0/0/0/0 | 0/0/0/0 | 0/0/0/0
2026-27,MEDIOCENTROS,3166,Dominik Auerhammer,TSV Buchbach,Regionalliga,604351,"LIGA PJ, LIGA Min",—,,False,TSV Buchbach,False,6/308/0/0 | 3/123/0/0 | 0/0/0/0 | 0/0/0/0 | 0/0/0/0,7/309/0/0 | 3/123/0/0 | 0/0/0/0 | 0/0/0/0 | 0/0/0/0
2026-27,MEDIOCENTROS,3183,Alvin Krizoua,Bourg-en-Bresse,Ligue 3,1048500,"LIGA PJ, LIGA Min",—,,False,Bourg-en-Bresse,False,6/421/0/0 | 0/0/0/0 | 0/0/0/0 | 0/0/0/0 | 0/0/0/0,7/511/0/0 | 0/0/0/0 | 0/0/0/0 | 0/0/0/0 | 0/0/0/0
2026-27,MEDIOCENTROS,3194,Liam Coyle,Accrington,League Two,425268,"LIGA PJ, LIGA Min",—,,False,Accrington,False,7/417/0/0 | 0/0/0/0 | 0/0/0/0 | 0/0/0/0 | 0/0/0/0,8/462/0/0 | 0/0/0/0 | 0/0/0/0 | 0/0/0/0 | 0/0/0/0
2026-27,MEDIOCENTROS,3195,Mattia Zanchetta,Giana Erminio,Serie C,1054347,"LIGA PJ, LIGA Min",—,,False,Giana Erminio,False,5/326/0/0 | 1/90/0/0 | 0/0/0/0 | 0/0/0/0 | 0/0/0/0,6/416/0/0 | 1/90/0/0 | 0/0/0/0 | 0/0/0/0 | 0/0/0/0
2026-27,MEDIOCENTROS,3196,Andrea Ghezzi,Vado,Serie C,536460,"LIGA PJ, LIGA Min",—,,False,Vado,False,5/361/0/0 | 1/54/0/0 | 0/0/0/0 | 0/0/0/0 | 0/0/0/0,6/378/0/0 | 1/54/0/0 | 0/0/0/0 | 0/0/0/0 | 0/0/0/0
2026-27,MEDIOCENTROS,3201,Seamus Conneely,Accrington,League Two,70019,"LIGA PJ, LIGA Min",—,,False,Accrington,False,5/317/0/0 | 2/96/0/0 | 0/0/0/0 | 0/0/0/0 | 0/0/0/0,6/407/0/0 | 2/96/0/0 | 0/0/0/0 | 0/0/0/0 | 0/0/0/0
2026-27,MEDIOCENTROS,3202,Giuseppe Mastinu,Torres,Serie C,397950,"LIGA PJ, LIGA Min",—,,False,Torres,False,5/323/0/0 | 1/90/0/0 | 0/0/0/0 | 0/0/0/0 | 0/0/0/0,6/397/0/0 | 1/90/0/0 | 0/0/0/0 | 0/0/0/0 | 0/0/0/0
2026-27,MEDIOCENTROS,3205,Ali Ouchen,FC Versailles,Ligue 3,1045363,"LIGA PJ, LIGA Min",—,,False,FC Versailles,False,7/411/0/0 | 0/0/0/0 | 0/0/0/0 | 0/0/0/0 | 0/0/0/0,8/435/0/0 | 0/0/0/0 | 0/0/0/0 | 0/0/0/0 | 0/0/0/0
2026-27,MEDIOCENTROS,3210,Nico Thier,Fortuna Köln,3. Liga,455694,"LIGA PJ, LIGA Min",—,,False,Fortuna Köln,False,5/319/0/0 | 1/90/0/0 | 0/0/0/0 | 0/0/0/0 | 0/0/0/0,6/388/0/0 | 1/90/0/0 | 0/0/0/0 | 0/0/0/0 | 0/0/0/0
2026-27,MEDIOCENTROS,3232,Marlon Frey,1.FC Bocholt,Regionalliga,182752,"LIGA PJ, LIGA Min, LIGA G/GC",—,,False,1.FC Bocholt,False,4/300/0/0 | 1/99/0/0 | 0/0/0/0 | 0/0/0/0 | 0/0/0/0,5/383/1/0 | 1/99/0/0 | 0/0/0/0 | 0/0/0/0 | 0/0/0/0
2026-27,MEDIOCENTROS,3240,Giacomo Zecca,Torres,Serie C,320456,"LIGA PJ, LIGA Min",—,,False,Torres,False,4/307/0/0 | 1/90/0/0 | 0/0/0/0 | 0/0/0/0 | 0/0/0/0,5/394/0/0 | 1/90/0/0 | 0/0/0/0 | 0/0/0/0 | 0/0/0/0
2026-27,MEDIOCENTROS,3243,Ryan Woods,Solihull Moors,National League,232897,"LIGA PJ, LIGA Min",—,,False,Solihull Moors,False,6/356/0/0 | 1/39/0/0 | 0/0/0/0 | 0/0/0/0 | 0/0/0/0,7/446/0/0 | 1/39/0/0 | 0/0/0/0 | 0/0/0/0 | 0/0/0/0
2026-27,MEDIOCENTROS,3244,Umut Sentürk,VfR Mannheim,Regionalliga,278470,"LIGA PJ, LIGA Min",—,,False,VfR Mannheim,False,3/215/0/0 | 2/180/0/0 | 0/0/0/0 | 0/0/0/0 | 0/0/0/0,4/242/0/0 | 2/180/0/0 | 0/0/0/0 | 0/0/0/0 | 0/0/0/0
2026-27,MEDIOCENTROS,3259,Etienne Michut,Paris 13 Atl.,Ligue 3,967034,"LIGA PJ, LIGA Min",—,,False,Paris 13 Atl.,False,7/387/0/0 | 0/0/0/0 | 0/0/0/0 | 0/0/0/0 | 0/0/0/0,8/406/0/0 | 0/0/0/0 | 0/0/0/0 | 0/0/0/0 | 0/0/0/0
2026-27,MEDIOCENTROS,3272,Urtzi Urzelay,Orihuela CF,Segunda Federación,288384,"LIGA PJ, LIGA Min",—,,False,Orihuela CF,False,3/270/0/0 | 2/112/0/0 | 0/0/0/0 | 0/0/0/0 | 0/0/0/0,4/331/0/0 | 2/112/0/0 | 0/0/0/0 | 0/0/0/0 | 0/0/0/0
2026-27,MEDIOCENTROS,3281,Jordan Leborgne,FC Versailles,Ligue 3,379742,"LIGA PJ, LIGA Min, LIGA A/CS",—,,False,FC Versailles,False,6/378/0/0 | 0/0/0/0 | 0/0/0/0 | 0/0/0/0 | 0/0/0/0,7/444/0/1 | 0/0/0/0 | 0/0/0/0 | 0/0/0/0 | 0/0/0/0
2026-27,MEDIOCENTROS,3293,Brandon Comley,Barnet,League Two,362809,"SEL PJ, SEL Min, SEL A/CS",—,,False,Barnet,False,7/327/0/0 | 1/45/0/0 | 0/0/0/0 | 0/0/0/0 | 1/83/0/0,7/327/0/0 | 1/45/0/0 | 0/0/0/0 | 0/0/0/0 | 2/173/0/1
2026-27,MEDIOCENTROS,3321,Iker García,Arenas Club,Primera Federación,1012489,"LIGA PJ, LIGA Min",—,,False,Arenas Club,False,4/360/0/0 | 0/0/0/0 | 0/0/0/0 | 0/0/0/0 | 0/0/0/0,5/450/0/0 | 0/0/0/0 | 0/0/0/0 | 0/0/0/0 | 0/0/0/0
2026-27,MEDIOCENTROS,3323,Marc Montalvo,Gimnàstic,Primera Federación,939266,"LIGA PJ, LIGA Min",—,,False,Gimnàstic,False,4/360/0/0 | 0/0/0/0 | 0/0/0/0 | 0/0/0/0 | 0/0/0/0,5/450/0/0 | 0/0/0/0 | 0/0/0/0 | 0/0/0/0 | 0/0/0/0
2026-27,MEDIOCENTROS,3324,Genaro Rodríguez,UD Ibiza,Primera Federación,396109,"LIGA PJ, LIGA Min",—,,False,UD Ibiza,False,4/360/0/0 | 0/0/0/0 | 0/0/0/0 | 0/0/0/0 | 0/0/0/0,5/399/0/0 | 0/0/0/0 | 0/0/0/0 | 0/0/0/0 | 0/0/0/0
2026-27,MEDIOCENTROS,3326,Gonzalo Miranda,Orihuela CF,Segunda Federación,702278,"LIGA PJ, LIGA Min",—,,False,Orihuela CF,False,3/270/0/0 | 1/90/0/0 | 0/0/0/0 | 0/0/0/0 | 0/0/0/0,4/360/0/0 | 1/90/0/0 | 0/0/0/0 | 0/0/0/0 | 0/0/0/0
2026-27,MEDIOCENTROS,3330,Jay Turner-Cooke,Shrewsbury,League Two,726860,"LIGA PJ, LIGA Min",—,,False,Shrewsbury,False,6/256/0/0 | 2/102/0/0 | 0/0/0/0 | 0/0/0/0 | 0/0/0/0,7/346/0/0 | 2/102/0/0 | 0/0/0/0 | 0/0/0/0 | 0/0/0/0
2026-27,MEDIOCENTROS,3338,Jacob Borgnis,Aldershot,National League,818233,"LIGA PJ, LIGA Min",—,,False,Aldershot,False,4/220/0/0 | 2/135/0/0 | 0/0/0/0 | 0/0/0/0 | 0/0/0/0,5/247/0/0 | 2/135/0/0 | 0/0/0/0 | 0/0/0/0 | 0/0/0/0
2026-27,MEDIOCENTROS,3344,Zaid el Bakkali,Pro Vercelli,Serie C,1175827,"LIGA PJ, LIGA Min",—,,False,Pro Vercelli,False,5/263/0/0 | 1/90/0/0 | 0/0/0/0 | 0/0/0/0 | 0/0/0/0,6/275/0/0 | 1/90/0/0 | 0/0/0/0 | 0/0/0/0 | 0/0/0/0
2026-27,MEDIOCENTROS,3348,Michael Bergmann,FC Memmingen,Regionalliga,1041073,"LIGA PJ, LIGA Min",—,,False,FC Memmingen,False,7/189/0/0 | 2/162/0/0 | 0/0/0/0 | 0/0/0/0 | 0/0/0/0,8/234/0/0 | 2/162/0/0 | 0/0/0/0 | 0/0/0/0 | 0/0/0/0
2026-27,MEDIOCENTROS,3354,Alejandro Fidalgo,Hércules CF,Primera Federación,719997,"LIGA PJ, LIGA Min",—,,False,Hércules CF,False,4/349/0/0 | 0/0/0/0 | 0/0/0/0 | 0/0/0/0 | 0/0/0/0,5/439/0/0 | 0/0/0/0 | 0/0/0/0 | 0/0/0/0 | 0/0/0/0
2026-27,MEDIOCENTROS,3356,Óscar Castro,Algeciras CF,Primera Federación,536823,"LIGA PJ, LIGA Min",—,,False,Algeciras CF,False,4/348/0/0 | 0/0/0/0 | 0/0/0/0 | 0/0/0/0 | 0/0/0/0,5/384/0/0 | 0/0/0/0 | 0/0/0/0 | 0/0/0/0 | 0/0/0/0
2026-27,MEDIOCENTROS,3364,Alberto Ulloa,CD Lugo,Primera Federación,1030374,"LIGA PJ, LIGA Min",—,,False,CD Lugo,False,4/346/0/0 | 0/0/0/0 | 0/0/0/0 | 0/0/0/0 | 0/0/0/0,5/417/0/0 | 0/0/0/0 | 0/0/0/0 | 0/0/0/0 | 0/0/0/0
2026-27,MEDIOCENTROS,3367,Matteo Liviero,Torres,Serie C,136113,"LIGA PJ, LIGA Min",—,,False,Torres,False,6/317/0/0 | 1/28/0/0 | 0/0/0/0 | 0/0/0/0 | 0/0/0/0,7/407/0/0 | 1/28/0/0 | 0/0/0/0 | 0/0/0/0 | 0/0/0/0
2026-27,MEDIOCENTROS,3370,Ander Laka,Sestao River ,Segunda Federación,625042,"LIGA PJ, LIGA Min, LIGA G/GC",—,,False,Sestao River ,False,3/270/0/0 | 1/74/0/0 | 0/0/0/0 | 0/0/0/0 | 0/0/0/0,4/360/1/0 | 1/74/0/0 | 0/0/0/0 | 0/0/0/0 | 0/0/0/0
2026-27,MEDIOCENTROS,3372,Sergio Montero,Terrassa FC,Segunda Federación,504398,"LIGA PJ, LIGA Min",—,,False,Terrassa FC,False,3/257/0/0 | 2/87/0/0 | 0/0/0/0 | 0/0/0/0 | 0/0/0/0,4/282/0/0 | 2/87/0/0 | 0/0/0/0 | 0/0/0/0 | 0/0/0/0
2026-27,MEDIOCENTROS,3384,Max Christiansen,SV Sandhausen,Regionalliga,192300,"LIGA PJ, LIGA Min",—,,False,SV Sandhausen,False,5/340/0/0 | 0/0/0/0 | 0/0/0/0 | 0/0/0/0 | 0/0/0/0,6/430/0/0 | 0/0/0/0 | 0/0/0/0 | 0/0/0/0 | 0/0/0/0
2026-27,MEDIOCENTROS,3391,Almike N'Diaye,Cannes,Ligue 3,823752,"LIGA PJ, LIGA Min",—,,False,Cannes,False,6/337/0/0 | 0/0/0/0 | 0/0/0/0 | 0/0/0/0 | 0/0/0/0,7/427/0/0 | 0/0/0/0 | 0/0/0/0 | 0/0/0/0 | 0/0/0/0
2026-27,MEDIOCENTROS,3397,Will Collar,Burton Albion,League One,335598,"LIGA PJ, LIGA Min",—,,False,Burton Albion,False,7/290/0/0 | 1/45/0/0 | 0/0/0/0 | 0/0/0/0 | 0/0/0/0,8/380/0/0 | 1/45/0/0 | 0/0/0/0 | 0/0/0/0 | 0/0/0/0
2026-27,MEDIOCENTROS,3398,Matt Dibley-Dias,Newport County,League Two,817611,"LIGA PJ, LIGA Min",—,,False,Newport County,False,5/305/0/0 | 1/30/0/0 | 0/0/0/0 | 0/0/0/0 | 0/0/0/0,6/386/0/0 | 1/30/0/0 | 0/0/0/0 | 0/0/0/0 | 0/0/0/0
2026-27,MEDIOCENTROS,3408,Maurice Hehne,Carl Zeiss Jena,Regionalliga,215490,"LIGA PJ, LIGA Min",—,,False,Carl Zeiss Jena,False,6/314/0/0 | 1/18/0/0 | 0/0/0/0 | 0/0/0/0 | 0/0/0/0,7/404/0/0 | 1/18/0/0 | 0/0/0/0 | 0/0/0/0 | 0/0/0/0
2026-27,MEDIOCENTROS,3419,Pablo Parrilla,CD Lugo,Primera Federación,1073865,"LIGA PJ, LIGA Min",—,,False,CD Lugo,False,4/328/0/0 | 0/0/0/0 | 0/0/0/0 | 0/0/0/0 | 0/0/0/0,5/418/0/0 | 0/0/0/0 | 0/0/0/0 | 0/0/0/0 | 0/0/0/0
2026-27,MEDIOCENTROS,3420,Alberto Moreno,CD Coria,Primera Federación,568149,"LIGA PJ, LIGA Min",—,,False,CD Coria,False,4/328/0/0 | 0/0/0/0 | 0/0/0/0 | 0/0/0/0 | 0/0/0/0,5/360/0/0 | 0/0/0/0 | 0/0/0/0 | 0/0/0/0 | 0/0/0/0
2026-27,MEDIOCENTROS,3431,Jony Álamo,Algeciras CF,Primera Federación,786438,"LIGA PJ, LIGA Min",—,,False,Algeciras CF,False,4/324/0/0 | 0/0/0/0 | 0/0/0/0 | 0/0/0/0 | 0/0/0/0,5/414/0/0 | 0/0/0/0 | 0/0/0/0 | 0/0/0/0 | 0/0/0/0
2026-27,MEDIOCENTROS,3436,Sam Finley,Tranmere Rovers,League Two,217806,"LIGA PJ, LIGA Min",—,,False,Tranmere Rovers,False,7/262/0/0 | 1/61/0/0 | 0/0/0/0 | 0/0/0/0 | 0/0/0/0,8/263/0/0 | 1/61/0/0 | 0/0/0/0 | 0/0/0/0 | 0/0/0/0
2026-27,MEDIOCENTROS,3471,Emmanuel Gyabuaa,Salernitana,Serie C,432089,"LIGA PJ, LIGA Min",—,,False,Salernitana,False,6/222/0/0 | 1/90/0/0 | 0/0/0/0 | 0/0/0/0 | 0/0/0/0,7/267/0/0 | 1/90/0/0 | 0/0/0/0 | 0/0/0/0 | 0/0/0/0
2026-27,MEDIOCENTROS,3477,Fabio González,Racing Ferrol,Primera Federación,531062,"LIGA PJ, LIGA Min",—,,False,Racing Ferrol,False,4/311/0/0 | 0/0/0/0 | 0/0/0/0 | 0/0/0/0 | 0/0/0/0,5/389/0/0 | 0/0/0/0 | 0/0/0/0 | 0/0/0/0 | 0/0/0/0
2026-27,MEDIOCENTROS,3483,Jonathan Mexique,FC Sochaux,Ligue 2,182823,"SEL PJ, SEL Min",—,,False,FC Sochaux,False,7/308/0/0 | 0/0/0/0 | 0/0/0/0 | 0/0/0/0 | 0/0/0/0,7/308/0/0 | 0/0/0/0 | 0/0/0/0 | 0/0/0/0 | 1/45/0/0
2026-27,MEDIOCENTROS,3489,Jorge Grant,Salford,League Two,334964,"LIGA PJ, LIGA Min",—,,False,Salford,False,7/203/0/0 | 2/102/0/0 | 0/0/0/0 | 0/0/0/0 | 0/0/0/0,8/231/0/0 | 2/102/0/0 | 0/0/0/0 | 0/0/0/0 | 0/0/0/0
2026-27,MEDIOCENTROS,3492,Guille Bernabeu,Orihuela CF,Segunda Federación,635940,"LIGA PJ, LIGA Min",—,,False,Orihuela CF,False,3/169/0/0 | 2/135/0/0 | 0/0/0/0 | 0/0/0/0 | 0/0/0/0,4/198/0/0 | 2/135/0/0 | 0/0/0/0 | 0/0/0/0 | 0/0/0/0
2026-27,MEDIOCENTROS,3493,Eduard Mahmuti,SF Lotte,Regionalliga,810170,"LIGA PJ, LIGA Min",—,,False,SF Lotte,False,5/223/0/0 | 1/81/0/0 | 0/0/0/0 | 0/0/0/0 | 0/0/0/0,6/238/0/0 | 1/81/0/0 | 0/0/0/0 | 0/0/0/0 | 0/0/0/0
2026-27,MEDIOCENTROS,3499,Lukas Näpflein,TSV Steinbach,Regionalliga,807469,"LIGA PJ, LIGA Min",—,,False,TSV Steinbach,False,7/257/0/0 | 1/45/0/0 | 0/0/0/0 | 0/0/0/0 | 0/0/0/0,8/274/0/0 | 1/45/0/0 | 0/0/0/0 | 0/0/0/0 | 0/0/0/0
2026-27,MEDIOCENTROS,3514,Soiyir Ahamada,Aubagne Air Bel,Ligue 3,1210034,"LIGA PJ, LIGA Min",—,,False,Aubagne Air Bel,False,5/297/0/0 | 0/0/0/0 | 0/0/0/0 | 0/0/0/0 | 0/0/0/0,6/387/0/0 | 0/0/0/0 | 0/0/0/0 | 0/0/0/0 | 0/0/0/0
2026-27,MEDIOCENTROS,3525,Dani Satoca,Orihuela CF,Segunda Federación,622526,"LIGA PJ, LIGA Min",—,,False,Orihuela CF,False,3/153/0/0 | 2/141/0/0 | 0/0/0/0 | 0/0/0/0 | 0/0/0/0,4/243/0/0 | 2/141/0/0 | 0/0/0/0 | 0/0/0/0 | 0/0/0/0
2026-27,MEDIOCENTROS,3528,Loïc Etoga,FC Villefranche,Ligue 3,666960,"LIGA PJ, LIGA Min",—,,False,FC Villefranche,False,6/294/0/0 | 0/0/0/0 | 0/0/0/0 | 0/0/0/0 | 0/0/0/0,7/352/0/0 | 0/0/0/0 | 0/0/0/0 | 0/0/0/0 | 0/0/0/0
2026-27,MEDIOCENTROS,3532,Marley Marshall-Miranda,Boreham Wood,National League,652836,"LIGA PJ, LIGA Min, LIGA A/CS",—,,False,Boreham Wood,False,7/22/0/0 | 3/270/0/0 | 0/0/0/0 | 0/0/0/0 | 0/0/0/0,8/112/0/1 | 3/270/0/0 | 0/0/0/0 | 0/0/0/0 | 0/0/0/0
2026-27,MEDIOCENTROS,3533,Bilal Yalcinkaya,SC Verl,3. Liga,897491,"COPA PJ, COPA Min",—,,False,SC Verl,False,4/158/0/0 | 2/134/0/0 | 0/0/0/0 | 0/0/0/0 | 0/0/0/0,4/158/0/0 | 3/179/0/0 | 0/0/0/0 | 0/0/0/0 | 0/0/0/0
2026-27,MEDIOCENTROS,3536,Nathan Doganay,K. Offenbach,Regionalliga,849388,"LIGA PJ, LIGA Min",—,,False,K. Offenbach,False,5/291/0/0 | 0/0/0/0 | 0/0/0/0 | 0/0/0/0 | 0/0/0/0,6/336/0/0 | 0/0/0/0 | 0/0/0/0 | 0/0/0/0 | 0/0/0/0
2026-27,MEDIOCENTROS,3540,Warren Tchimbembé,QRM,Ligue 3,591914,"LIGA PJ, LIGA Min",—,,False,QRM,False,7/290/0/0 | 0/0/0/0 | 0/0/0/0 | 0/0/0/0 | 0/0/0/0,8/323/0/0 | 0/0/0/0 | 0/0/0/0 | 0/0/0/0 | 0/0/0/0
2026-27,MEDIOCENTROS,3543,Philip Türpitz,Altglienicke,Regionalliga,122827,"LIGA PJ, LIGA Min",—,,False,Altglienicke,False,7/135/0/0 | 3/154/0/0 | 0/0/0/0 | 0/0/0/0 | 0/0/0/0,8/139/0/0 | 3/154/0/0 | 0/0/0/0 | 0/0/0/0 | 0/0/0/0
2026-27,MEDIOCENTROS,3557,Beñat Gaubeka,Real Unión,Primera Federación,576354,"LIGA PJ, LIGA Min",—,,False,Real Unión,False,4/287/0/0 | 0/0/0/0 | 0/0/0/0 | 0/0/0/0 | 0/0/0/0,5/360/0/0 | 0/0/0/0 | 0/0/0/0 | 0/0/0/0 | 0/0/0/0
2026-27,MEDIOCENTROS,3562,Claudio Martey,Pianese,Serie C,1187298,"LIGA PJ, LIGA Min",—,,False,Pianese,False,4/286/0/0 | 0/0/0/0 | 0/0/0/0 | 0/0/0/0 | 0/0/0/0,5/331/0/0 | 0/0/0/0 | 0/0/0/0 | 0/0/0/0 | 0/0/0/0
2026-27,MEDIOCENTROS,3564,Jayson Breitenbach,K. Offenbach,Regionalliga,279249,"LIGA PJ, LIGA Min",—,,False,K. Offenbach,False,8/285/0/0 | 0/0/0/0 | 0/0/0/0 | 0/0/0/0 | 0/0/0/0,9/330/0/0 | 0/0/0/0 | 0/0/0/0 | 0/0/0/0 | 0/0/0/0
2026-27,MEDIOCENTROS,3566,Giacomo Benedetti,Trento,Serie C,458165,"LIGA PJ, LIGA Min",—,,False,Trento,False,6/136/0/0 | 2/149/0/0 | 0/0/0/0 | 0/0/0/0 | 0/0/0/0,7/159/0/0 | 2/149/0/0 | 0/0/0/0 | 0/0/0/0 | 0/0/0/0
2026-27,MEDIOCENTROS,3570,Leon Müller,SSV Ulm 1846,Regionalliga,643080,"LIGA PJ, LIGA Min",—,,False,SSV Ulm 1846,False,6/284/0/0 | 0/0/0/0 | 0/0/0/0 | 0/0/0/0 | 0/0/0/0,7/374/0/0 | 0/0/0/0 | 0/0/0/0 | 0/0/0/0 | 0/0/0/0
2026-27,MEDIOCENTROS,3574,Mikel Zearreta,Sestao River ,Segunda Federación,1591938,"LIGA PJ, LIGA Min",—,,False,Sestao River ,False,3/92/0/0 | 2/190/0/0 | 0/0/0/0 | 0/0/0/0 | 0/0/0/0,4/114/0/0 | 2/190/0/0 | 0/0/0/0 | 0/0/0/0 | 0/0/0/0
2026-27,MEDIOCENTROS,3582,Zak Brown,Kidderminster,National League,533616,"LIGA PJ, LIGA Min",—,,False,Kidderminster,False,7/279/0/0 | 0/0/0/0 | 0/0/0/0 | 0/0/0/0 | 0/0/0/0,8/313/0/0 | 0/0/0/0 | 0/0/0/0 | 0/0/0/0 | 0/0/0/0
2026-27,MEDIOCENTROS,3585,Andrea Tessiore,Caratese,Serie C,393605,"LIGA PJ, LIGA Min, LIGA A/CS",—,,False,Caratese,False,4/278/0/0 | 0/0/0/0 | 0/0/0/0 | 0/0/0/0 | 0/0/0/0,5/344/0/1 | 0/0/0/0 | 0/0/0/0 | 0/0/0/0 | 0/0/0/0
2026-27,MEDIOCENTROS,3587,Freddy Willcox,Cheltenham,League Two,1072526,"LIGA PJ, LIGA Min",—,,False,Cheltenham,False,7/187/0/0 | 1/90/0/0 | 0/0/0/0 | 0/0/0/0 | 0/0/0/0,8/190/0/0 | 1/90/0/0 | 0/0/0/0 | 0/0/0/0 | 0/0/0/0
2026-27,MEDIOCENTROS,3592,Ángel Climent,Torremolinos,Primera Federación,1139424,"LIGA PJ, LIGA Min",—,,False,Torremolinos,False,4/276/0/0 | 0/0/0/0 | 0/0/0/0 | 0/0/0/0 | 0/0/0/0,5/301/0/0 | 0/0/0/0 | 0/0/0/0 | 0/0/0/0 | 0/0/0/0
2026-27,MEDIOCENTROS,3593,Zaid Jaouhari,Pergolettese,Serie C,665056,"LIGA PJ, LIGA Min",—,,False,Pergolettese,False,4/253/0/0 | 1/23/0/0 | 0/0/0/0 | 0/0/0/0 | 0/0/0/0,5/343/0/0 | 1/23/0/0 | 0/0/0/0 | 0/0/0/0 | 0/0/0/0
2026-27,MEDIOCENTROS,3600,Alex Henderson,Accrington,League Two,966681,"LIGA PJ, LIGA Min",—,,False,Accrington,False,6/167/0/0 | 2/107/0/0 | 0/0/0/0 | 0/0/0/0 | 0/0/0/0,7/212/0/0 | 2/107/0/0 | 0/0/0/0 | 0/0/0/0 | 0/0/0/0
2026-27,MEDIOCENTROS,3614,Edu Llorente,CD Coria,Primera Federación,1064601,"LIGA PJ, LIGA Min",—,,False,CD Coria,False,4/270/0/0 | 0/0/0/0 | 0/0/0/0 | 0/0/0/0 | 0/0/0/0,5/328/0/0 | 0/0/0/0 | 0/0/0/0 | 0/0/0/0 | 0/0/0/0
2026-27,MEDIOCENTROS,3630,Pepe Mena,At. Sanluqueño,Segunda Federación,396145,"LIGA PJ, LIGA Min",—,,False,At. Sanluqueño,False,3/270/0/0 | 0/0/0/0 | 0/0/0/0 | 0/0/0/0 | 0/0/0/0,4/315/0/0 | 0/0/0/0 | 0/0/0/0 | 0/0/0/0 | 0/0/0/0
2026-27,MEDIOCENTROS,3635,Pablo Rojo,UD Sanse,Segunda Federación,891092,"LIGA PJ, LIGA Min",—,,False,UD Sanse,False,3/270/0/0 | 0/0/0/0 | 0/0/0/0 | 0/0/0/0 | 0/0/0/0,4/343/0/0 | 0/0/0/0 | 0/0/0/0 | 0/0/0/0 | 0/0/0/0
2026-27,MEDIOCENTROS,3636,Toni Arranz,UD Sanse,Segunda Federación,253238,"LIGA PJ, LIGA Min",—,,False,UD Sanse,False,3/270/0/0 | 0/0/0/0 | 0/0/0/0 | 0/0/0/0 | 0/0/0/0,4/360/0/0 | 0/0/0/0 | 0/0/0/0 | 0/0/0/0 | 0/0/0/0
2026-27,MEDIOCENTROS,3638,Fernando Llorente,G. Segoviana,Segunda Federación,126365,"LIGA PJ, LIGA Min",—,,False,G. Segoviana,False,3/270/0/0 | 0/0/0/0 | 0/0/0/0 | 0/0/0/0 | 0/0/0/0,4/360/0/0 | 0/0/0/0 | 0/0/0/0 | 0/0/0/0 | 0/0/0/0
2026-27,MEDIOCENTROS,3646,Toni Ramón,Algeciras CF,Primera Federación,875156,"LIGA PJ, LIGA Min",—,,False,Algeciras CF,False,4/268/0/0 | 0/0/0/0 | 0/0/0/0 | 0/0/0/0 | 0/0/0/0,5/358/0/0 | 0/0/0/0 | 0/0/0/0 | 0/0/0/0 | 0/0/0/0
2026-27,MEDIOCENTROS,3662,Daniele Quieto,Cosenza,Serie C,819207,"LIGA PJ, LIGA Min",—,,False,Cosenza,False,6/168/0/0 | 2/95/0/0 | 0/0/0/0 | 0/0/0/0 | 0/0/0/0,7/198/0/0 | 2/95/0/0 | 0/0/0/0 | 0/0/0/0 | 0/0/0/0
2026-27,MEDIOCENTROS,3671,Manfred Strobel,Eltersdorf,Regionalliga,602992,"LIGA PJ, LIGA Min",—,,False,Eltersdorf,False,7/233/0/0 | 1/28/0/0 | 0/0/0/0 | 0/0/0/0 | 0/0/0/0,8/266/0/0 | 1/28/0/0 | 0/0/0/0 | 0/0/0/0 | 0/0/0/0
2026-27,MEDIOCENTROS,3682,Iker Punzano,Ourense,Segunda Federación,1158713,"LIGA PJ, LIGA Min",—,,False,Ourense,False,3/258/0/0 | 0/0/0/0 | 0/0/0/0 | 0/0/0/0 | 0/0/0/0,4/348/0/0 | 0/0/0/0 | 0/0/0/0 | 0/0/0/0 | 0/0/0/0
2026-27,MEDIOCENTROS,3693,Marvin De Lima,FC Villefranche,Ligue 3,1041958,"LIGA PJ, LIGA Min",—,,False,FC Villefranche,False,6/255/0/0 | 0/0/0/0 | 0/0/0/0 | 0/0/0/0 | 0/0/0/0,7/266/0/0 | 0/0/0/0 | 0/0/0/0 | 0/0/0/0 | 0/0/0/0
2026-27,MEDIOCENTROS,3699,Joshua Eze,SC Verl,3. Liga,606079,"COPA PJ, COPA Min",—,,False,SC Verl,False,3/133/0/0 | 2/121/0/0 | 0/0/0/0 | 0/0/0/0 | 0/0/0/0,3/133/0/0 | 3/166/0/0 | 0/0/0/0 | 0/0/0/0 | 0/0/0/0
2026-27,MEDIOCENTROS,3700,Marco Moscati,Desenzano,Serie C,163676,"LIGA PJ, LIGA Min",—,,False,Desenzano,False,4/189/0/0 | 1/65/0/0 | 0/0/0/0 | 0/0/0/0 | 0/0/0/0,5/213/0/0 | 1/65/0/0 | 0/0/0/0 | 0/0/0/0 | 0/0/0/0
2026-27,MEDIOCENTROS,3705,Alessandro Masala,Torres,Serie C,337511,"LIGA PJ, LIGA Min",—,,False,Torres,False,4/163/0/0 | 1/90/0/0 | 0/0/0/0 | 0/0/0/0 | 0/0/0/0,5/179/0/0 | 1/90/0/0 | 0/0/0/0 | 0/0/0/0 | 0/0/0/0
2026-27,MEDIOCENTROS,3712,Jack Hinchy,Altrincham,National League,854689,"LIGA PJ, LIGA Min",—,,False,Altrincham,False,6/252/0/0 | 0/0/0/0 | 0/0/0/0 | 0/0/0/0 | 0/0/0/0,7/268/0/0 | 0/0/0/0 | 0/0/0/0 | 0/0/0/0 | 0/0/0/0
2026-27,MEDIOCENTROS,3725,Mart Ristl,VfR Mannheim,Regionalliga,170523,"LIGA PJ, LIGA Min",—,,False,VfR Mannheim,False,4/233/0/0 | 1/15/0/0 | 0/0/0/0 | 0/0/0/0 | 0/0/0/0,5/323/0/0 | 1/15/0/0 | 0/0/0/0 | 0/0/0/0 | 0/0/0/0
2026-27,MEDIOCENTROS,3727,Zane Albarus,Gillingham,League Two,933724,"LIGA PJ, LIGA Min",—,,False,Gillingham,False,2/180/0/0 | 1/67/0/0 | 0/0/0/0 | 0/0/0/0 | 0/0/0/0,3/231/0/0 | 1/67/0/0 | 0/0/0/0 | 0/0/0/0 | 0/0/0/0
2026-27,MEDIOCENTROS,3730,Alejandro Muñoz,CD Ebro,Segunda Federación,963122,"LIGA PJ, LIGA Min",—,,False,CD Ebro,False,3/246/0/0 | 0/0/0/0 | 0/0/0/0 | 0/0/0/0 | 0/0/0/0,4/336/0/0 | 0/0/0/0 | 0/0/0/0 | 0/0/0/0 | 0/0/0/0
2026-27,MEDIOCENTROS,3739,Léo Yobé,FC Villefranche,Ligue 3,804909,"LIGA PJ, LIGA Min",—,,False,FC Villefranche,False,4/245/0/0 | 0/0/0/0 | 0/0/0/0 | 0/0/0/0 | 0/0/0/0,5/315/0/0 | 0/0/0/0 | 0/0/0/0 | 0/0/0/0 | 0/0/0/0
2026-27,MEDIOCENTROS,3744,Ale Galindo,UD Sanse,Segunda Federación,358114,"LIGA PJ, LIGA Min",—,,False,UD Sanse,False,3/243/0/0 | 0/0/0/0 | 0/0/0/0 | 0/0/0/0 | 0/0/0/0,4/270/0/0 | 0/0/0/0 | 0/0/0/0 | 0/0/0/0 | 0/0/0/0
2026-27,MEDIOCENTROS,3754,Riccardo Stronati,Pergolettese,Serie C,387371,"LIGA PJ, LIGA Min",—,,False,Pergolettese,False,6/242/0/0 | 0/0/0/0 | 0/0/0/0 | 0/0/0/0 | 0/0/0/0,7/323/0/0 | 0/0/0/0 | 0/0/0/0 | 0/0/0/0 | 0/0/0/0
2026-27,MEDIOCENTROS,3757,Ben Kronenberg,FV Illertissen,Regionalliga,934694,"LIGA PJ, LIGA Min",—,,False,FV Illertissen,False,8/206/0/0 | 2/35/0/0 | 0/0/0/0 | 0/0/0/0 | 0/0/0/0,9/296/0/0 | 2/35/0/0 | 0/0/0/0 | 0/0/0/0 | 0/0/0/0
2026-27,MEDIOCENTROS,3782,Imanol Alonso,Orihuela CF,Segunda Federación,892422,"LIGA PJ, LIGA Min",—,,False,Orihuela CF,False,2/107/0/0 | 2/129/0/0 | 0/0/0/0 | 0/0/0/0 | 0/0/0/0,3/197/0/0 | 2/129/0/0 | 0/0/0/0 | 0/0/0/0 | 0/0/0/0
2026-27,MEDIOCENTROS,3785,Francesco Corsinelli,Torres,Serie C,339892,"LIGA PJ, LIGA Min",—,,False,Torres,False,5/235/0/0 | 0/0/0/0 | 0/0/0/0 | 0/0/0/0 | 0/0/0/0,6/238/0/0 | 0/0/0/0 | 0/0/0/0 | 0/0/0/0 | 0/0/0/0
2026-27,MEDIOCENTROS,3786,Pedro Rodríguez,Crotone,Serie C,1091572,"LIGA PJ, LIGA Min",—,,False,Crotone,False,5/235/0/0 | 0/0/0/0 | 0/0/0/0 | 0/0/0/0 | 0/0/0/0,6/249/0/0 | 0/0/0/0 | 0/0/0/0 | 0/0/0/0 | 0/0/0/0
2026-27,MEDIOCENTROS,3791,Èric Montes,Manresa,Segunda Federación,293383,"LIGA PJ, LIGA Min",—,,False,Manresa,False,3/234/0/0 | 0/0/0/0 | 0/0/0/0 | 0/0/0/0 | 0/0/0/0,4/300/0/0 | 0/0/0/0 | 0/0/0/0 | 0/0/0/0 | 0/0/0/0
2026-27,MEDIOCENTROS,3793,Yassine Abraou,Bourg-en-Bresse,Ligue 3,1273063,"LIGA PJ, LIGA Min",—,,False,Bourg-en-Bresse,False,7/234/0/0 | 0/0/0/0 | 0/0/0/0 | 0/0/0/0 | 0/0/0/0,8/254/0/0 | 0/0/0/0 | 0/0/0/0 | 0/0/0/0 | 0/0/0/0
2026-27,MEDIOCENTROS,3799,Riccardo Fogliata,Campobasso,Serie C,814000,"LIGA PJ, LIGA Min",—,,False,Campobasso,False,5/143/0/0 | 1/90/0/0 | 0/0/0/0 | 0/0/0/0 | 0/0/0/0,6/171/0/0 | 1/90/0/0 | 0/0/0/0 | 0/0/0/0 | 0/0/0/0
2026-27,MEDIOCENTROS,3815,Albertito,Sant Andreu,Primera Federación,472023,"LIGA PJ, LIGA Min",—,,False,Sant Andreu,False,4/228/0/0 | 0/0/0/0 | 0/0/0/0 | 0/0/0/0 | 0/0/0/0,5/233/0/0 | 0/0/0/0 | 0/0/0/0 | 0/0/0/0 | 0/0/0/0
2026-27,MEDIOCENTROS,3823,Belkacem Dali-Amar,US Orléans,Ligue 3,451994,"LIGA PJ, LIGA Min",—,,False,US Orléans,False,6/227/0/0 | 0/0/0/0 | 0/0/0/0 | 0/0/0/0 | 0/0/0/0,7/302/0/0 | 0/0/0/0 | 0/0/0/0 | 0/0/0/0 | 0/0/0/0
2026-27,MEDIOCENTROS,3829,Matteo Colombo,Pianese,Serie C,814015,"LIGA PJ, LIGA Min",—,,False,Pianese,False,4/197/0/0 | 1/29/0/0 | 0/0/0/0 | 0/0/0/0 | 0/0/0/0,5/215/0/0 | 1/29/0/0 | 0/0/0/0 | 0/0/0/0 | 0/0/0/0
2026-27,MEDIOCENTROS,3862,Álvaro Novials,CD Ebro,Segunda Federación,1336391,"LIGA PJ, LIGA Min",—,,False,CD Ebro,False,3/221/0/0 | 0/0/0/0 | 0/0/0/0 | 0/0/0/0 | 0/0/0/0,4/258/0/0 | 0/0/0/0 | 0/0/0/0 | 0/0/0/0 | 0/0/0/0
2026-27,MEDIOCENTROS,3880,Denis Hergheligiu,Vado,Serie C,392961,"LIGA PJ, LIGA Min",—,,False,Vado,False,4/167/0/0 | 2/51/0/0 | 0/0/0/0 | 0/0/0/0 | 0/0/0/0,5/257/0/0 | 2/51/0/0 | 0/0/0/0 | 0/0/0/0 | 0/0/0/0
2026-27,MEDIOCENTROS,3883,Yael Ballesteros,CD Extremadura,Primera Federación,284855,"LIGA PJ, LIGA Min",—,,False,CD Extremadura,False,4/217/0/0 | 0/0/0/0 | 0/0/0/0 | 0/0/0/0 | 0/0/0/0,5/307/0/0 | 0/0/0/0 | 0/0/0/0 | 0/0/0/0 | 0/0/0/0
2026-27,MEDIOCENTROS,3900,Sergio Cortés,Terrassa FC,Segunda Federación,225018,"LIGA PJ, LIGA Min",—,,False,Terrassa FC,False,3/213/0/0 | 0/0/0/0 | 0/0/0/0 | 0/0/0/0 | 0/0/0/0,4/258/0/0 | 0/0/0/0 | 0/0/0/0 | 0/0/0/0 | 0/0/0/0
2026-27,MEDIOCENTROS,3903,Johannes Pistol,Chemnitzer FC,Regionalliga,795437,"LIGA PJ, LIGA Min",—,,False,Chemnitzer FC,False,9/123/0/0 | 1/90/0/0 | 0/0/0/0 | 0/0/0/0 | 0/0/0/0,10/200/0/0 | 1/90/0/0 | 0/0/0/0 | 0/0/0/0 | 0/0/0/0
2026-27,MEDIOCENTROS,3910,Mehdi Puch,Hércules CF,Primera Federación,989826,"LIGA PJ, LIGA Min",—,,False,Hércules CF,False,4/212/0/0 | 0/0/0/0 | 0/0/0/0 | 0/0/0/0 | 0/0/0/0,5/302/0/0 | 0/0/0/0 | 0/0/0/0 | 0/0/0/0 | 0/0/0/0
2026-27,MEDIOCENTROS,3921,Marco Fiorani,Grosseto,Serie C,577593,"LIGA PJ, LIGA Min",—,,False,Grosseto,False,5/140/0/0 | 1/70/0/0 | 0/0/0/0 | 0/0/0/0 | 0/0/0/0,6/185/0/0 | 1/70/0/0 | 0/0/0/0 | 0/0/0/0 | 0/0/0/0
2026-27,MEDIOCENTROS,3938,Tom Frayssinous,Bourg-en-Bresse,Ligue 3,960170,"LIGA PJ, LIGA Min",—,,False,Bourg-en-Bresse,False,3/205/0/0 | 0/0/0/0 | 0/0/0/0 | 0/0/0/0 | 0/0/0/0,4/286/0/0 | 0/0/0/0 | 0/0/0/0 | 0/0/0/0 | 0/0/0/0
2026-27,MEDIOCENTROS,3939,Jannes Warnken,Kickers Emden,Regionalliga,995509,"LIGA PJ, LIGA Min, LIGA G/GC",—,,False,Kickers Emden,False,5/115/0/0 | 1/90/0/0 | 0/0/0/0 | 0/0/0/0 | 0/0/0/0,6/205/1/0 | 1/90/0/0 | 0/0/0/0 | 0/0/0/0 | 0/0/0/0
2026-27,MEDIOCENTROS,3941,Francesco Amatucci,Cittadella,Serie C,536342,"LIGA PJ, LIGA Min, LIGA A/CS",—,,False,Cittadella,False,4/160/0/0 | 1/45/0/0 | 0/0/0/0 | 0/0/0/0 | 0/0/0/0,5/186/0/1 | 1/45/0/0 | 0/0/0/0 | 0/0/0/0 | 0/0/0/0
2026-27,MEDIOCENTROS,3942,Gianluca Esposito,Cavese,Serie C,330179,"LIGA PJ, LIGA Min",—,,False,Cavese,False,4/205/0/0 | 0/0/0/0 | 0/0/0/0 | 0/0/0/0 | 0/0/0/0,5/264/0/0 | 0/0/0/0 | 0/0/0/0 | 0/0/0/0 | 0/0/0/0
2026-27,MEDIOCENTROS,3944,Matt Butcher,Salford,League Two,391132,"LIGA PJ, LIGA Min",—,,False,Salford,False,1/61/0/0 | 2/143/0/0 | 0/0/0/0 | 0/0/0/0 | 0/0/0/0,2/73/0/0 | 2/143/0/0 | 0/0/0/0 | 0/0/0/0 | 0/0/0/0
2026-27,MEDIOCENTROS,3951,Ale Morales,Astorga,Segunda Federación,1026659,"LIGA PJ, LIGA Min",—,,False,Astorga,False,3/203/0/0 | 0/0/0/0 | 0/0/0/0 | 0/0/0/0 | 0/0/0/0,4/231/0/0 | 0/0/0/0 | 0/0/0/0 | 0/0/0/0 | 0/0/0/0
2026-27,MEDIOCENTROS,3957,Eder Aguirregomezcorta,SD Amorebieta,Segunda Federación,1384650,"LIGA PJ, LIGA Min",—,,False,SD Amorebieta,False,3/200/0/0 | 0/0/0/0 | 0/0/0/0 | 0/0/0/0 | 0/0/0/0,4/226/0/0 | 0/0/0/0 | 0/0/0/0 | 0/0/0/0 | 0/0/0/0
2026-27,MEDIOCENTROS,3965,Adrián Pérez,Águilas FC,Primera Federación,497229,"LIGA PJ, LIGA Min",—,,False,Águilas FC,False,4/198/0/0 | 0/0/0/0 | 0/0/0/0 | 0/0/0/0 | 0/0/0/0,5/267/0/0 | 0/0/0/0 | 0/0/0/0 | 0/0/0/0 | 0/0/0/0
2026-27,MEDIOCENTROS,3966,Gorka Agirre,SD Amorebieta,Segunda Federación,626961,"LIGA PJ, LIGA Min",—,,False,SD Amorebieta,False,3/198/0/0 | 0/0/0/0 | 0/0/0/0 | 0/0/0/0 | 0/0/0/0,4/288/0/0 | 0/0/0/0 | 0/0/0/0 | 0/0/0/0 | 0/0/0/0
2026-27,MEDIOCENTROS,3972,Rayan Souici,Bourg-en-Bresse,Ligue 3,324727,"LIGA PJ, LIGA Min",—,,False,Bourg-en-Bresse,False,3/197/0/0 | 0/0/0/0 | 0/0/0/0 | 0/0/0/0 | 0/0/0/0,4/206/0/0 | 0/0/0/0 | 0/0/0/0 | 0/0/0/0 | 0/0/0/0
2026-27,MEDIOCENTROS,3978,Albertín,Astorga,Segunda Federación,809519,"LIGA PJ, LIGA Min",—,,False,Astorga,False,3/195/0/0 | 0/0/0/0 | 0/0/0/0 | 0/0/0/0 | 0/0/0/0,4/285/0/0 | 0/0/0/0 | 0/0/0/0 | 0/0/0/0 | 0/0/0/0
2026-27,MEDIOCENTROS,3980,Carlos López,CD Don Benito,Segunda Federación,509485,"LIGA PJ, LIGA Min",—,,False,CD Don Benito,False,3/195/0/0 | 0/0/0/0 | 0/0/0/0 | 0/0/0/0 | 0/0/0/0,4/285/0/0 | 0/0/0/0 | 0/0/0/0 | 0/0/0/0 | 0/0/0/0
2026-27,MEDIOCENTROS,3987,Boubacar Keita,CD Don Benito,Segunda Federación,910400,"LIGA PJ, LIGA Min",—,,False,CD Don Benito,False,3/193/0/0 | 0/0/0/0 | 0/0/0/0 | 0/0/0/0 | 0/0/0/0,4/279/0/0 | 0/0/0/0 | 0/0/0/0 | 0/0/0/0 | 0/0/0/0
2026-27,MEDIOCENTROS,3989,Leonardo Di Cosmo,Pianese,Serie C,450167,"LIGA PJ, LIGA Min",—,,False,Pianese,False,4/193/0/0 | 0/0/0/0 | 0/0/0/0 | 0/0/0/0 | 0/0/0/0,5/265/0/0 | 0/0/0/0 | 0/0/0/0 | 0/0/0/0 | 0/0/0/0
2026-27,MEDIOCENTROS,3997,Samuel Weiß,Unterhaching,Regionalliga,1009327,"LIGA PJ, LIGA Min, LIGA A/CS",—,,False,Unterhaching,False,7/94/0/0 | 3/97/0/0 | 0/0/0/0 | 0/0/0/0 | 0/0/0/0,8/111/0/1 | 3/97/0/0 | 0/0/0/0 | 0/0/0/0 | 0/0/0/0
2026-27,MEDIOCENTROS,4014,Kyle Ure,Crewe Alexandra,League Two,948936,"LIGA PJ, LIGA Min",—,,False,Crewe Alexandra,False,3/37/0/0 | 2/150/0/0 | 0/0/0/0 | 0/0/0/0 | 0/0/0/0,4/127/0/0 | 2/150/0/0 | 0/0/0/0 | 0/0/0/0 | 0/0/0/0
2026-27,MEDIOCENTROS,4020,Tom Geerkens,Fortuna Köln,3. Liga,512988,"LIGA PJ, LIGA Min",—,,False,Fortuna Köln,False,4/186/0/0 | 0/0/0/0 | 0/0/0/0 | 0/0/0/0 | 0/0/0/0,5/276/0/0 | 0/0/0/0 | 0/0/0/0 | 0/0/0/0 | 0/0/0/0
2026-27,MEDIOCENTROS,4034,Jayce Fitzgerald,Rotherham,League Two,964690,"LIGA PJ, LIGA Min",—,,False,Rotherham,False,3/94/0/0 | 1/90/0/0 | 0/0/0/0 | 0/0/0/0 | 0/0/0/0,4/126/0/0 | 1/90/0/0 | 0/0/0/0 | 0/0/0/0 | 0/0/0/0
2026-27,MEDIOCENTROS,4041,Flavio Da Silva,Concarneau,Ligue 3,972480,"LIGA PJ, LIGA Min",—,,False,Concarneau,False,4/183/0/0 | 0/0/0/0 | 0/0/0/0 | 0/0/0/0 | 0/0/0/0,5/261/0/0 | 0/0/0/0 | 0/0/0/0 | 0/0/0/0 | 0/0/0/0
2026-27,MEDIOCENTROS,4047,Ruben Reisig,RW Essen,3. Liga,318379,"COPA PJ, COPA Min, COPA G/GC",—,,False,RW Essen,False,4/45/0/0 | 2/137/0/0 | 0/0/0/0 | 0/0/0/0 | 0/0/0/0,4/45/0/0 | 3/227/1/0 | 0/0/0/0 | 0/0/0/0 | 0/0/0/0
2026-27,MEDIOCENTROS,4055,Eneko Delgado,Sestao River ,Segunda Federación,625881,"LIGA PJ, LIGA Min, LIGA G/GC",—,,False,Sestao River ,False,3/155/0/0 | 1/25/0/0 | 0/0/0/0 | 0/0/0/0 | 0/0/0/0,4/231/1/0 | 1/25/0/0 | 0/0/0/0 | 0/0/0/0 | 0/0/0/0
2026-27,MEDIOCENTROS,4056,Robustiano Ndong,Ourense,Segunda Federación,1406964,"LIGA PJ, LIGA Min",—,,False,Ourense,False,2/180/0/0 | 0/0/0/0 | 0/0/0/0 | 0/0/0/0 | 0/0/0/0,3/181/0/0 | 0/0/0/0 | 0/0/0/0 | 0/0/0/0 | 0/0/0/0
2026-27,MEDIOCENTROS,4079,Ricardo Pesquera,Astorga,Segunda Federación,1405168,"LIGA PJ, LIGA Min",—,,False,Astorga,False,3/176/0/0 | 0/0/0/0 | 0/0/0/0 | 0/0/0/0 | 0/0/0/0,4/238/0/0 | 0/0/0/0 | 0/0/0/0 | 0/0/0/0 | 0/0/0/0
2026-27,MEDIOCENTROS,4086,Abou Ba,US Orléans,Ligue 3,427653,"LIGA PJ, LIGA Min",—,,False,US Orléans,False,5/175/0/0 | 0/0/0/0 | 0/0/0/0 | 0/0/0/0 | 0/0/0/0,6/190/0/0 | 0/0/0/0 | 0/0/0/0 | 0/0/0/0 | 0/0/0/0
2026-27,MEDIOCENTROS,4088,Sergio Maselli,Picerno,Serie C,542572,"LIGA PJ, LIGA Min",—,,False,Picerno,False,4/118/0/0 | 1/57/0/0 | 0/0/0/0 | 0/0/0/0 | 0/0/0/0,5/134/0/0 | 1/57/0/0 | 0/0/0/0 | 0/0/0/0 | 0/0/0/0
2026-27,MEDIOCENTROS,4109,Luca Alberto Calabrò,Livorno,Serie C,1429210,"LIGA PJ, LIGA Min",—,,False,Livorno,False,3/69/0/0 | 2/100/0/0 | 0/0/0/0 | 0/0/0/0 | 0/0/0/0,4/75/0/0 | 2/100/0/0 | 0/0/0/0 | 0/0/0/0 | 0/0/0/0
2026-27,MEDIOCENTROS,4120,David Sánchez,G. Segoviana,Segunda Federación,696855,"LIGA PJ, LIGA Min",—,,False,G. Segoviana,False,3/167/0/0 | 0/0/0/0 | 0/0/0/0 | 0/0/0/0 | 0/0/0/0,4/241/0/0 | 0/0/0/0 | 0/0/0/0 | 0/0/0/0 | 0/0/0/0
2026-27,MEDIOCENTROS,4123,Álex López,Terrassa FC,Segunda Federación,313113,"LIGA PJ, LIGA Min",—,,False,Terrassa FC,False,2/46/0/0 | 2/120/0/0 | 0/0/0/0 | 0/0/0/0 | 0/0/0/0,3/91/0/0 | 2/120/0/0 | 0/0/0/0 | 0/0/0/0 | 0/0/0/0
2026-27,MEDIOCENTROS,4131,Aitor Albizu,Peña Sport FC,Segunda Federación,895486,"LIGA PJ, LIGA Min",—,,False,Peña Sport FC,False,3/165/0/0 | 0/0/0/0 | 0/0/0/0 | 0/0/0/0 | 0/0/0/0,4/255/0/0 | 0/0/0/0 | 0/0/0/0 | 0/0/0/0 | 0/0/0/0
2026-27,MEDIOCENTROS,4145,João Paulo,Linares,Segunda Federación,1008892,"LIGA PJ, LIGA Min",—,,False,Linares,False,3/161/0/0 | 0/0/0/0 | 0/0/0/0 | 0/0/0/0 | 0/0/0/0,4/206/0/0 | 0/0/0/0 | 0/0/0/0 | 0/0/0/0 | 0/0/0/0
2026-27,MEDIOCENTROS,4146,Marcos Bautista,CD Guadalajara,Segunda Federación,625338,"LIGA PJ, LIGA Min",—,,False,CD Guadalajara,False,2/161/0/0 | 0/0/0/0 | 0/0/0/0 | 0/0/0/0 | 0/0/0/0,0/0/0/0 | 0/0/0/0 | 0/0/0/0 | 0/0/0/0 | 0/0/0/0
2026-27,MEDIOCENTROS,4154,Elario Ghassan,VfB Lübeck,Regionalliga,607494,"LIGA PJ, LIGA Min",—,,False,VfB Lübeck,False,4/160/0/0 | 0/0/0/0 | 0/0/0/0 | 0/0/0/0 | 0/0/0/0,5/250/0/0 | 0/0/0/0 | 0/0/0/0 | 0/0/0/0 | 0/0/0/0
2026-27,MEDIOCENTROS,4155,Tim Latteier,Heilbronn-Frei.,Regionalliga,520910,"LIGA PJ, LIGA Min",—,,False,Heilbronn-Frei.,False,2/70/0/0 | 1/90/0/0 | 0/0/0/0 | 0/0/0/0 | 0/0/0/0,3/90/0/0 | 1/90/0/0 | 0/0/0/0 | 0/0/0/0 | 0/0/0/0
2026-27,MEDIOCENTROS,4175,Garland Gbellé,Concarneau,Ligue 3,351772,"LIGA PJ, LIGA Min",—,,False,Concarneau,False,5/157/0/0 | 0/0/0/0 | 0/0/0/0 | 0/0/0/0 | 0/0/0/0,6/235/0/0 | 0/0/0/0 | 0/0/0/0 | 0/0/0/0 | 0/0/0/0
2026-27,MEDIOCENTROS,4187,Urko Ardanaz,Astorga,Segunda Federación,635626,"LIGA PJ, LIGA Min",—,,False,Astorga,False,3/153/0/0 | 0/0/0/0 | 0/0/0/0 | 0/0/0/0 | 0/0/0/0,4/157/0/0 | 0/0/0/0 | 0/0/0/0 | 0/0/0/0 | 0/0/0/0
2026-27,MEDIOCENTROS,4207,Daniele Giorico,Torres,Serie C,158043,"LIGA PJ, LIGA Min",—,,False,Torres,False,5/140/0/0 | 1/10/0/0 | 0/0/0/0 | 0/0/0/0 | 0/0/0/0,6/156/0/0 | 1/10/0/0 | 0/0/0/0 | 0/0/0/0 | 0/0/0/0
2026-27,MEDIOCENTROS,4213,Vicente Esquerdo,Racing Ferrol,Primera Federación,599263,"LIGA PJ, LIGA Min",—,,False,Racing Ferrol,False,4/148/0/0 | 0/0/0/0 | 0/0/0/0 | 0/0/0/0 | 0/0/0/0,5/160/0/0 | 0/0/0/0 | 0/0/0/0 | 0/0/0/0 | 0/0/0/0
2026-27,MEDIOCENTROS,4260,Ryley Reynolds,Grimsby Town,League Two,1293761,"LIGA PJ, LIGA Min",—,,False,Grimsby Town,False,6/140/0/0 | 0/0/0/0 | 0/0/0/0 | 0/0/0/0 | 0/0/0/0,7/194/0/0 | 0/0/0/0 | 0/0/0/0 | 0/0/0/0 | 0/0/0/0
2026-27,MEDIOCENTROS,4264,Erik Morán,SD Amorebieta,Segunda Federación,67542,"LIGA PJ, LIGA Min",—,,False,SD Amorebieta,False,3/139/0/0 | 0/0/0/0 | 0/0/0/0 | 0/0/0/0 | 0/0/0/0,4/203/0/0 | 0/0/0/0 | 0/0/0/0 | 0/0/0/0 | 0/0/0/0
2026-27,MEDIOCENTROS,4295,Isaiah Navarro,Zamora CF,Primera Federación,628466,"LIGA PJ, LIGA Min",—,,False,Zamora CF,False,3/133/0/0 | 0/0/0/0 | 0/0/0/0 | 0/0/0/0 | 0/0/0/0,4/207/0/0 | 0/0/0/0 | 0/0/0/0 | 0/0/0/0 | 0/0/0/0
2026-27,MEDIOCENTROS,4296,Nassourou Ben Hamed,Hércules CF,Primera Federación,666954,"LIGA PJ, LIGA Min",—,,False,Hércules CF,False,4/133/0/0 | 0/0/0/0 | 0/0/0/0 | 0/0/0/0 | 0/0/0/0,5/153/0/0 | 0/0/0/0 | 0/0/0/0 | 0/0/0/0 | 0/0/0/0
2026-27,MEDIOCENTROS,4300,Matteo Vignoli,Caratese,Serie C,1211631,"LIGA PJ, LIGA Min",—,,False,Caratese,False,4/133/0/0 | 0/0/0/0 | 0/0/0/0 | 0/0/0/0 | 0/0/0/0,5/157/0/0 | 0/0/0/0 | 0/0/0/0 | 0/0/0/0 | 0/0/0/0
2026-27,MEDIOCENTROS,4301,Orhan Džepar,Cosenza,Serie C,355685,"LIGA PJ, LIGA Min",—,,False,Cosenza,False,4/88/0/0 | 1/45/0/0 | 0/0/0/0 | 0/0/0/0 | 0/0/0/0,5/97/0/0 | 1/45/0/0 | 0/0/0/0 | 0/0/0/0 | 0/0/0/0
2026-27,MEDIOCENTROS,4305,Samu Sánchez,Peña Sport FC,Segunda Federación,1430659,"LIGA PJ, LIGA Min",—,,False,Peña Sport FC,False,2/132/0/0 | 0/0/0/0 | 0/0/0/0 | 0/0/0/0 | 0/0/0/0,3/222/0/0 | 0/0/0/0 | 0/0/0/0 | 0/0/0/0 | 0/0/0/0
2026-27,MEDIOCENTROS,4306,Natanaël Bouekou,QRM,Ligue 3,913303,"LIGA PJ, LIGA Min",—,,False,QRM,False,4/132/0/0 | 0/0/0/0 | 0/0/0/0 | 0/0/0/0 | 0/0/0/0,5/214/0/0 | 0/0/0/0 | 0/0/0/0 | 0/0/0/0 | 0/0/0/0
2026-27,MEDIOCENTROS,4312,Justin Petermann,FC 08 Homburg,Regionalliga,251341,"LIGA PJ, LIGA Min",—,,False,FC 08 Homburg,False,6/131/0/0 | 0/0/0/0 | 0/0/0/0 | 0/0/0/0 | 0/0/0/0,7/145/0/0 | 0/0/0/0 | 0/0/0/0 | 0/0/0/0 | 0/0/0/0
2026-27,MEDIOCENTROS,4327,Fabian Kljucevic,TSV Landsberg,Regionalliga,1272965,"LIGA PJ, LIGA Min",—,,False,TSV Landsberg,False,2/38/0/0 | 1/90/0/0 | 0/0/0/0 | 0/0/0/0 | 0/0/0/0,3/83/0/0 | 1/90/0/0 | 0/0/0/0 | 0/0/0/0 | 0/0/0/0
2026-27,MEDIOCENTROS,4336,Álvaro Guti,Astorga,Segunda Federación,799683,"LIGA PJ, LIGA Min",—,,False,Astorga,False,2/126/0/0 | 0/0/0/0 | 0/0/0/0 | 0/0/0/0 | 0/0/0/0,3/188/0/0 | 0/0/0/0 | 0/0/0/0 | 0/0/0/0 | 0/0/0/0
2026-27,MEDIOCENTROS,4342,Tre Pemberton,Forest Green,National League,411228,"LIGA PJ, LIGA Min",—,,False,Forest Green,False,3/124/0/0 | 0/0/0/0 | 0/0/0/0 | 0/0/0/0 | 0/0/0/0,4/158/0/0 | 0/0/0/0 | 0/0/0/0 | 0/0/0/0 | 0/0/0/0
2026-27,MEDIOCENTROS,4350,Juan Asirón,Peña Sport FC,Segunda Federación,1065269,"LIGA PJ, LIGA Min",—,,False,Peña Sport FC,False,3/123/0/0 | 0/0/0/0 | 0/0/0/0 | 0/0/0/0 | 0/0/0/0,4/187/0/0 | 0/0/0/0 | 0/0/0/0 | 0/0/0/0 | 0/0/0/0
2026-27,MEDIOCENTROS,4356,Alex Hidalgo,Zamora CF,Primera Federación,634107,"LIGA PJ, LIGA Min",—,,False,Zamora CF,False,3/122/0/0 | 0/0/0/0 | 0/0/0/0 | 0/0/0/0 | 0/0/0/0,4/196/0/0 | 0/0/0/0 | 0/0/0/0 | 0/0/0/0 | 0/0/0/0
2026-27,MEDIOCENTROS,4369,Ilan Ducourtioux,Le Puy FC,Ligue 3,1175225,"LIGA PJ, LIGA Min",—,,False,Le Puy FC,False,7/120/0/0 | 0/0/0/0 | 0/0/0/0 | 0/0/0/0 | 0/0/0/0,8/125/0/0 | 0/0/0/0 | 0/0/0/0 | 0/0/0/0 | 0/0/0/0
2026-27,MEDIOCENTROS,4370,Marko Perovic,Babelsberg 03,Regionalliga,1249112,"LIGA PJ, LIGA Min",—,,False,Babelsberg 03,False,6/120/0/0 | 0/0/0/0 | 0/0/0/0 | 0/0/0/0 | 0/0/0/0,3/34/0/0 | 0/0/0/0 | 0/0/0/0 | 0/0/0/0 | 0/0/0/0
2026-27,MEDIOCENTROS,4372,Matiss Sellaf,Cerignola,Serie C,1119785,"LIGA PJ, LIGA Min",—,,False,Cerignola,False,3/120/0/0 | 0/0/0/0 | 0/0/0/0 | 0/0/0/0 | 0/0/0/0,4/209/0/0 | 0/0/0/0 | 0/0/0/0 | 0/0/0/0 | 0/0/0/0
2026-27,MEDIOCENTROS,4378,Giulio Nebuloso,Pineto,Serie C,1123209,"LIGA PJ, LIGA Min",—,,False,Pineto,False,6/119/0/0 | 0/0/0/0 | 0/0/0/0 | 0/0/0/0 | 0/0/0/0,7/144/0/0 | 0/0/0/0 | 0/0/0/0 | 0/0/0/0 | 0/0/0/0
2026-27,MEDIOCENTROS,4384,Giammaria Fiorin,Cavese,Serie C,1060384,"LIGA PJ, LIGA Min",—,,False,Cavese,False,3/104/0/0 | 1/14/0/0 | 0/0/0/0 | 0/0/0/0 | 0/0/0/0,4/112/0/0 | 1/14/0/0 | 0/0/0/0 | 0/0/0/0 | 0/0/0/0
2026-27,MEDIOCENTROS,4394,Dani Clavijo,At. Sanluqueño,Segunda Federación,945701,"LIGA PJ, LIGA Min",—,,False,At. Sanluqueño,False,2/115/0/0 | 0/0/0/0 | 0/0/0/0 | 0/0/0/0 | 0/0/0/0,3/192/0/0 | 0/0/0/0 | 0/0/0/0 | 0/0/0/0 | 0/0/0/0
2026-27,MEDIOCENTROS,4396,Eric Uhlmann,1860 München,Regionalliga,675870,"LIGA PJ, LIGA Min",—,,False,1860 München,False,4/115/0/0 | 0/0/0/0 | 0/0/0/0 | 0/0/0/0 | 0/0/0/0,5/205/0/0 | 0/0/0/0 | 0/0/0/0 | 0/0/0/0 | 0/0/0/0
2026-27,MEDIOCENTROS,4442,Nacho Goma,CD Don Benito,Segunda Federación,733235,"LIGA PJ, LIGA Min",—,,False,CD Don Benito,False,3/107/0/0 | 0/0/0/0 | 0/0/0/0 | 0/0/0/0 | 0/0/0/0,4/128/0/0 | 0/0/0/0 | 0/0/0/0 | 0/0/0/0 | 0/0/0/0
2026-27,MEDIOCENTROS,4443,Melvin Ramusovic,VfR Mannheim,Regionalliga,478423,"LIGA PJ, LIGA Min",—,,False,VfR Mannheim,False,3/17/0/0 | 2/90/0/0 | 0/0/0/0 | 0/0/0/0 | 0/0/0/0,4/28/0/0 | 2/90/0/0 | 0/0/0/0 | 0/0/0/0 | 0/0/0/0
2026-27,MEDIOCENTROS,4459,Oscar Carrasco,Sant Andreu,Primera Federación,710180,"LIGA PJ, LIGA Min",—,,False,Sant Andreu,False,2/105/0/0 | 0/0/0/0 | 0/0/0/0 | 0/0/0/0 | 0/0/0/0,3/195/0/0 | 0/0/0/0 | 0/0/0/0 | 0/0/0/0 | 0/0/0/0
2026-27,MEDIOCENTROS,4474,Lenny Djouad,FC Villefranche,Ligue 3,1176272,"LIGA PJ, LIGA Min",—,,False,FC Villefranche,False,3/102/0/0 | 0/0/0/0 | 0/0/0/0 | 0/0/0/0 | 0/0/0/0,4/113/0/0 | 0/0/0/0 | 0/0/0/0 | 0/0/0/0 | 0/0/0/0
2026-27,MEDIOCENTROS,4487,Georg Hempel,Chemnitzer FC,Regionalliga,1110184,"LIGA PJ, LIGA Min",—,,False,Chemnitzer FC,False,3/10/0/0 | 1/90/0/0 | 0/0/0/0 | 0/0/0/0 | 0/0/0/0,4/36/0/0 | 1/90/0/0 | 0/0/0/0 | 0/0/0/0 | 0/0/0/0
2026-27,MEDIOCENTROS,4519,Callum Whelan,Carlisle United,National League,396165,"LIGA PJ, LIGA Min",—,,False,Carlisle United,False,2/94/0/0 | 0/0/0/0 | 0/0/0/0 | 0/0/0/0 | 0/0/0/0,3/129/0/0 | 0/0/0/0 | 0/0/0/0 | 0/0/0/0 | 0/0/0/0
2026-27,MEDIOCENTROS,4532,Juanje Rodríguez,Zamora CF,Primera Federación,1006318,"LIGA PJ, LIGA Min",—,,False,Zamora CF,False,3/92/0/0 | 0/0/0/0 | 0/0/0/0 | 0/0/0/0 | 0/0/0/0,4/108/0/0 | 0/0/0/0 | 0/0/0/0 | 0/0/0/0 | 0/0/0/0
2026-27,MEDIOCENTROS,4541,Andrea Gemello,Savoia,Serie C,968725,"LIGA PJ, LIGA Min",—,,False,Savoia,False,4/91/0/0 | 0/0/0/0 | 0/0/0/0 | 0/0/0/0 | 0/0/0/0,5/93/0/0 | 0/0/0/0 | 0/0/0/0 | 0/0/0/0 | 0/0/0/0
2026-27,MEDIOCENTROS,4552,Markel Mancisidor,Real Unión,Primera Federación,1456040,"LIGA PJ, LIGA Min",—,,False,Real Unión,False,3/90/0/0 | 0/0/0/0 | 0/0/0/0 | 0/0/0/0 | 0/0/0/0,4/100/0/0 | 0/0/0/0 | 0/0/0/0 | 0/0/0/0 | 0/0/0/0
2026-27,MEDIOCENTROS,4560,Frankie Maguire,York City,League Two,746753,"LIGA PJ, LIGA Min",—,,False,York City,False,1/17/0/0 | 1/72/0/0 | 0/0/0/0 | 0/0/0/0 | 0/0/0/0,2/26/0/0 | 1/72/0/0 | 0/0/0/0 | 0/0/0/0 | 0/0/0/0
2026-27,MEDIOCENTROS,4562,Melvin Onos,VfR Aalen,Regionalliga,824235,"LIGA PJ, LIGA Min",—,,False,VfR Aalen,False,4/89/0/0 | 0/0/0/0 | 0/0/0/0 | 0/0/0/0 | 0/0/0/0,5/101/0/0 | 0/0/0/0 | 0/0/0/0 | 0/0/0/0 | 0/0/0/0
2026-27,MEDIOCENTROS,4575,Gauthier Laurens,Thionville Lus.,Ligue 3,807678,"LIGA PJ, LIGA Min",—,,False,Thionville Lus.,False,4/86/0/0 | 0/0/0/0 | 0/0/0/0 | 0/0/0/0 | 0/0/0/0,5/114/0/0 | 0/0/0/0 | 0/0/0/0 | 0/0/0/0 | 0/0/0/0
2026-27,MEDIOCENTROS,4579,Jaime Escario,CD Ebro,Segunda Federación,972217,"LIGA PJ, LIGA Min, LIGA G/GC",—,,False,CD Ebro,False,3/85/0/0 | 0/0/0/0 | 0/0/0/0 | 0/0/0/0 | 0/0/0/0,4/153/1/0 | 0/0/0/0 | 0/0/0/0 | 0/0/0/0 | 0/0/0/0
2026-27,MEDIOCENTROS,4581,Zola Oniesim,Bourg-en-Bresse,Ligue 3,1429486,"LIGA PJ, LIGA Min",—,,False,Bourg-en-Bresse,False,4/85/0/0 | 0/0/0/0 | 0/0/0/0 | 0/0/0/0 | 0/0/0/0,5/94/0/0 | 0/0/0/0 | 0/0/0/0 | 0/0/0/0 | 0/0/0/0
2026-27,MEDIOCENTROS,4601,Jesús Carrillo,Águilas FC,Primera Federación,464900,"LIGA PJ, LIGA Min",—,,False,Águilas FC,False,3/82/0/0 | 0/0/0/0 | 0/0/0/0 | 0/0/0/0 | 0/0/0/0,4/103/0/0 | 0/0/0/0 | 0/0/0/0 | 0/0/0/0 | 0/0/0/0
2026-27,MEDIOCENTROS,4618,Dani Torices,Sant Andreu,Primera Federación,834766,"LIGA PJ, LIGA Min, LIGA A/CS",—,,False,Sant Andreu,False,3/79/0/0 | 0/0/0/0 | 0/0/0/0 | 0/0/0/0 | 0/0/0/0,4/169/0/1 | 0/0/0/0 | 0/0/0/0 | 0/0/0/0 | 0/0/0/0
2026-27,MEDIOCENTROS,4627,Javi Mancha,CD Don Benito,Segunda Federación,888180,"LIGA PJ, LIGA Min",—,,False,CD Don Benito,False,3/78/0/0 | 0/0/0/0 | 0/0/0/0 | 0/0/0/0 | 0/0/0/0,4/82/0/0 | 0/0/0/0 | 0/0/0/0 | 0/0/0/0 | 0/0/0/0
2026-27,MEDIOCENTROS,4644,Arda Halicioglu,SF Lotte,Regionalliga,1169839,"LIGA PJ, LIGA Min",—,,False,SF Lotte,False,3/76/0/0 | 0/0/0/0 | 0/0/0/0 | 0/0/0/0 | 0/0/0/0,4/106/0/0 | 0/0/0/0 | 0/0/0/0 | 0/0/0/0 | 0/0/0/0
2026-27,MEDIOCENTROS,4645,Alessandro Orlandi,Pergolettese,Serie C,818964,"LIGA PJ, LIGA Min",—,,False,Pergolettese,False,3/76/0/0 | 0/0/0/0 | 0/0/0/0 | 0/0/0/0 | 0/0/0/0,4/77/0/0 | 0/0/0/0 | 0/0/0/0 | 0/0/0/0 | 0/0/0/0
2026-27,MEDIOCENTROS,4650,Asier López,CD Don Benito,Segunda Federación,717965,"LIGA PJ, LIGA Min",—,,False,CD Don Benito,False,2/75/0/0 | 0/0/0/0 | 0/0/0/0 | 0/0/0/0 | 0/0/0/0,3/120/0/0 | 0/0/0/0 | 0/0/0/0 | 0/0/0/0 | 0/0/0/0
2026-27,MEDIOCENTROS,4657,Juan de la Mata,Real Unión,Primera Federación,535204,"LIGA PJ, LIGA Min",—,,False,Real Unión,False,3/74/0/0 | 0/0/0/0 | 0/0/0/0 | 0/0/0/0 | 0/0/0/0,4/91/0/0 | 0/0/0/0 | 0/0/0/0 | 0/0/0/0 | 0/0/0/0
2026-27,MEDIOCENTROS,4667,Boran Özbek,1.FC Bocholt,Regionalliga,1152238,"LIGA PJ, LIGA Min",—,,False,1.FC Bocholt,False,3/18/0/0 | 1/54/0/0 | 0/0/0/0 | 0/0/0/0 | 0/0/0/0,4/25/0/0 | 1/54/0/0 | 0/0/0/0 | 0/0/0/0 | 0/0/0/0
2026-27,MEDIOCENTROS,4682,Fabrizio Paghera,Lumezzane,Serie C,127799,"LIGA PJ, LIGA Min",—,,False,Lumezzane,False,1/70/0/0 | 0/0/0/0 | 0/0/0/0 | 0/0/0/0 | 0/0/0/0,2/115/0/0 | 0/0/0/0 | 0/0/0/0 | 0/0/0/0 | 0/0/0/0
2026-27,MEDIOCENTROS,4697,Ben-Luca Fisher,Stuttg. Kickers,Regionalliga,604103,"LIGA PJ, LIGA Min",—,,False,Stuttg. Kickers,False,6/68/0/0 | 0/0/0/0 | 0/0/0/0 | 0/0/0/0 | 0/0/0/0,7/95/0/0 | 0/0/0/0 | 0/0/0/0 | 0/0/0/0 | 0/0/0/0
2026-27,MEDIOCENTROS,4712,Brahima Doukansy,Aubagne Air Bel,Ligue 3,517378,"LIGA PJ, LIGA Min",—,,False,Aubagne Air Bel,False,4/66/0/0 | 0/0/0/0 | 0/0/0/0 | 0/0/0/0 | 0/0/0/0,5/156/0/0 | 0/0/0/0 | 0/0/0/0 | 0/0/0/0 | 0/0/0/0
2026-27,MEDIOCENTROS,4735,Iván Barajas,Linares,Segunda Federación,967599,"LIGA PJ, LIGA Min",—,,False,Linares,False,1/63/0/0 | 0/0/0/0 | 0/0/0/0 | 0/0/0/0 | 0/0/0/0,2/153/0/0 | 0/0/0/0 | 0/0/0/0 | 0/0/0/0 | 0/0/0/0
2026-27,MEDIOCENTROS,4738,James Bailey,Scunthorpe Utd.,National League,1075264,"LIGA PJ, LIGA Min",—,,False,Scunthorpe Utd.,False,1/18/0/0 | 1/45/0/0 | 0/0/0/0 | 0/0/0/0 | 0/0/0/0,2/45/0/0 | 1/45/0/0 | 0/0/0/0 | 0/0/0/0 | 0/0/0/0
2026-27,MEDIOCENTROS,4756,Francesco Maiolo,Cavese,Serie C,1295724,"LIGA PJ, LIGA Min",—,,False,Cavese,False,2/60/0/0 | 0/0/0/0 | 0/0/0/0 | 0/0/0/0 | 0/0/0/0,3/91/0/0 | 0/0/0/0 | 0/0/0/0 | 0/0/0/0 | 0/0/0/0
2026-27,MEDIOCENTROS,4786,Luke Butterfield,Fylde,National League,652635,"LIGA PJ, LIGA Min",—,,False,Fylde,False,4/53/0/0 | 0/0/0/0 | 0/0/0/0 | 0/0/0/0 | 0/0/0/0,5/73/0/0 | 0/0/0/0 | 0/0/0/0 | 0/0/0/0 | 0/0/0/0
2026-27,MEDIOCENTROS,4802,Hugo Aubourg,US Orléans,Ligue 3,1001392,"LIGA PJ, LIGA Min",—,,False,US Orléans,False,2/50/0/0 | 0/0/0/0 | 0/0/0/0 | 0/0/0/0 | 0/0/0/0,3/140/0/0 | 0/0/0/0 | 0/0/0/0 | 0/0/0/0 | 0/0/0/0
2026-27,MEDIOCENTROS,4806,Jesús Cambil,Ourense,Segunda Federación,596880,"LIGA PJ, LIGA Min",—,,False,Ourense,False,2/49/0/0 | 0/0/0/0 | 0/0/0/0 | 0/0/0/0 | 0/0/0/0,3/139/0/0 | 0/0/0/0 | 0/0/0/0 | 0/0/0/0 | 0/0/0/0
2026-27,MEDIOCENTROS,4808,Simone Cantamessa,Ospitaletto,Serie C,1115751,"LIGA PJ, LIGA Min",—,,False,Ospitaletto,False,5/48/0/0 | 1/1/0/0 | 0/0/0/0 | 0/0/0/0 | 0/0/0/0,6/56/0/0 | 1/1/0/0 | 0/0/0/0 | 0/0/0/0 | 0/0/0/0
2026-27,MEDIOCENTROS,4823,Hugo Aranda,Linares,Segunda Federación,1345874,"LIGA PJ, LIGA Min",—,,False,Linares,False,2/46/0/0 | 0/0/0/0 | 0/0/0/0 | 0/0/0/0 | 0/0/0/0,3/91/0/0 | 0/0/0/0 | 0/0/0/0 | 0/0/0/0 | 0/0/0/0
2026-27,MEDIOCENTROS,4874,Simon Cara,FC Versailles,Ligue 3,1017912,"LIGA PJ, LIGA Min",—,,False,FC Versailles,False,4/38/0/0 | 0/0/0/0 | 0/0/0/0 | 0/0/0/0 | 0/0/0/0,5/111/0/0 | 0/0/0/0 | 0/0/0/0 | 0/0/0/0 | 0/0/0/0
2026-27,MEDIOCENTROS,4898,Aimar Santiago,CD Coria,Primera Federación,1186242,"LIGA PJ, LIGA Min",—,,False,CD Coria,False,3/34/0/0 | 0/0/0/0 | 0/0/0/0 | 0/0/0/0 | 0/0/0/0,4/66/0/0 | 0/0/0/0 | 0/0/0/0 | 0/0/0/0 | 0/0/0/0
2026-27,MEDIOCENTROS,4904,Flavio Di Dio,Caratese,Serie C,628308,"LIGA PJ, LIGA Min, LIGA G/GC",—,,False,Caratese,False,1/3/0/0 | 1/30/0/0 | 0/0/0/0 | 0/0/0/0 | 0/0/0/0,2/93/1/0 | 1/30/0/0 | 0/0/0/0 | 0/0/0/0 | 0/0/0/0
2026-27,MEDIOCENTROS,4922,Levi Sutton,Boston Utd,National League,339734,"LIGA PJ, LIGA Min",—,,False,Boston Utd,False,1/31/0/0 | 0/0/0/0 | 0/0/0/0 | 0/0/0/0 | 0/0/0/0,2/112/0/0 | 0/0/0/0 | 0/0/0/0 | 0/0/0/0 | 0/0/0/0
2026-27,MEDIOCENTROS,4957,Javi Robles,CD Guadalajara,Segunda Federación,635332,"LIGA PJ, LIGA Min",—,,False,CD Guadalajara,False,2/28/0/0 | 0/0/0/0 | 0/0/0/0 | 0/0/0/0 | 0/0/0/0,0/0/0/0 | 0/0/0/0 | 0/0/0/0 | 0/0/0/0 | 0/0/0/0
2026-27,MEDIOCENTROS,4966,Gatien Foll,Amiens SC,Ligue 3,975542,"LIGA PJ, LIGA Min",—,,False,Amiens SC,False,2/27/0/0 | 0/0/0/0 | 0/0/0/0 | 0/0/0/0 | 0/0/0/0,3/28/0/0 | 0/0/0/0 | 0/0/0/0 | 0/0/0/0 | 0/0/0/0
2026-27,MEDIOCENTROS,4978,Cedric Harenbrock,Fortuna Köln,3. Liga,284178,"LIGA PJ, LIGA Min",—,,False,Fortuna Köln,False,2/26/0/0 | 0/0/0/0 | 0/0/0/0 | 0/0/0/0 | 0/0/0/0,3/47/0/0 | 0/0/0/0 | 0/0/0/0 | 0/0/0/0 | 0/0/0/0
2026-27,MEDIOCENTROS,4979,Diamant Lokaj,SG Barockstadt,Regionalliga,907079,"LIGA PJ, LIGA Min",—,,False,SG Barockstadt,False,3/26/0/0 | 0/0/0/0 | 0/0/0/0 | 0/0/0/0 | 0/0/0/0,4/55/0/0 | 0/0/0/0 | 0/0/0/0 | 0/0/0/0 | 0/0/0/0
2026-27,MEDIOCENTROS,4991,Lorenzo Mihali,Lecco,Serie C,1432098,"LIGA PJ, LIGA Min",—,,False,Lecco,False,1/17/0/0 | 1/8/0/0 | 0/0/0/0 | 0/0/0/0 | 0/0/0/0,2/24/0/0 | 1/8/0/0 | 0/0/0/0 | 0/0/0/0 | 0/0/0/0
2026-27,MEDIOCENTROS,5018,Nico Molinari,Stuttg. Kickers,Regionalliga,1137250,"LIGA PJ, LIGA Min",—,,False,Stuttg. Kickers,False,3/22/0/0 | 0/0/0/0 | 0/0/0/0 | 0/0/0/0 | 0/0/0/0,4/35/0/0 | 0/0/0/0 | 0/0/0/0 | 0/0/0/0 | 0/0/0/0
2026-27,MEDIOCENTROS,5023,Jon García,CyD Leonesa,Primera Federación,941080,"LIGA PJ, LIGA Min",—,,False,CyD Leonesa,False,3/21/0/0 | 0/0/0/0 | 0/0/0/0 | 0/0/0/0 | 0/0/0/0,4/28/0/0 | 0/0/0/0 | 0/0/0/0 | 0/0/0/0 | 0/0/0/0
2026-27,MEDIOCENTROS,5066,Rocco Di Vico,Salernitana,Serie C,1222050,"LIGA PJ, LIGA Min",—,,False,Salernitana,False,1/15/0/0 | 2/2/0/0 | 0/0/0/0 | 0/0/0/0 | 0/0/0/0,2/16/0/0 | 2/2/0/0 | 0/0/0/0 | 0/0/0/0 | 0/0/0/0
2026-27,MEDIOCENTROS,5075,Alessandro Berretta,Pergolettese,Serie C,898356,"LIGA PJ, LIGA Min",—,,False,Pergolettese,False,2/16/0/0 | 0/0/0/0 | 0/0/0/0 | 0/0/0/0 | 0/0/0/0,3/25/0/0 | 0/0/0/0 | 0/0/0/0 | 0/0/0/0 | 0/0/0/0
2026-27,MEDIOCENTROS,5091,Iljas El Hadj-Safi,FV Illertissen,Regionalliga,1153614,"LIGA PJ, LIGA Min",—,,False,FV Illertissen,False,3/15/0/0 | 0/0/0/0 | 0/0/0/0 | 0/0/0/0 | 0/0/0/0,4/23/0/0 | 0/0/0/0 | 0/0/0/0 | 0/0/0/0 | 0/0/0/0
2026-27,MEDIOCENTROS,5132,Javi Cheli,At. Sanluqueño,Segunda Federación,1586999,"LIGA PJ, LIGA Min",—,,False,At. Sanluqueño,False,1/12/0/0 | 0/0/0/0 | 0/0/0/0 | 0/0/0/0 | 0/0/0/0,2/57/0/0 | 0/0/0/0 | 0/0/0/0 | 0/0/0/0 | 0/0/0/0
2026-27,MEDIOCENTROS,5142,Aitor Gismera,Hércules CF,Primera Federación,646735,"LIGA PJ, LIGA Min",—,,False,Hércules CF,False,1/11/0/0 | 0/0/0/0 | 0/0/0/0 | 0/0/0/0 | 0/0/0/0,2/12/0/0 | 0/0/0/0 | 0/0/0/0 | 0/0/0/0 | 0/0/0/0
2026-27,MEDIOCENTROS,5163,Evan Gafour,QRM,Ligue 3,1358863,"LIGA PJ, LIGA Min",—,,False,QRM,False,1/9/0/0 | 0/0/0/0 | 0/0/0/0 | 0/0/0/0 | 0/0/0/0,2/17/0/0 | 0/0/0/0 | 0/0/0/0 | 0/0/0/0 | 0/0/0/0
2026-27,MEDIOCENTROS,5269,Damjan Dordan,1860 München,Regionalliga,679686,"LIGA PJ, LIGA Min",—,,False,1860 München,False,1/1/0/0 | 0/0/0/0 | 0/0/0/0 | 0/0/0/0 | 0/0/0/0,2/74/0/0 | 0/0/0/0 | 0/0/0/0 | 0/0/0/0 | 0/0/0/0
2026-27,DEFENSAS,29,Harvey Broad,Fylde,National League,1319673,"LIGA PJ, LIGA Min",—,,False,Fylde,False,8/523/4/3 | 0/0/0/0 | 0/0/0/0 | 0/0/0/0 | 0/0/0/0,9/613/4/3 | 0/0/0/0 | 0/0/0/0 | 0/0/0/0 | 0/0/0/0
2026-27,DEFENSAS,32,Laurenz Dehl,Rot-Weiß Erfurt,Regionalliga,451403,"LIGA PJ, LIGA Min",—,,False,Rot-Weiß Erfurt,False,10/782/3/2 | 1/23/0/2 | 0/0/0/0 | 0/0/0/0 | 0/0/0/0,11/872/3/2 | 1/23/0/2 | 0/0/0/0 | 0/0/0/0 | 0/0/0/0
2026-27,DEFENSAS,55,Lance Fiedler,1860 München,Regionalliga,1086617,"LIGA PJ, LIGA Min",—,,False,1860 München,False,9/810/3/1 | 4/241/0/2 | 0/0/0/0 | 0/0/0/0 | 0/0/0/0,10/900/3/1 | 4/241/0/2 | 0/0/0/0 | 0/0/0/0 | 0/0/0/0
2026-27,DEFENSAS,61,Ryan Jones,Yeovil Town,National League,824937,"LIGA PJ, LIGA Min",—,,False,Yeovil Town,False,9/613/2/4 | 0/0/0/0 | 0/0/0/0 | 0/0/0/0 | 0/0/0/0,10/696/2/4 | 0/0/0/0 | 0/0/0/0 | 0/0/0/0 | 0/0/0/0
2026-27,DEFENSAS,100,Harvey Rodgers,Grimsby Town,League Two,459873,"LIGA PJ, LIGA Min",—,,False,Grimsby Town,False,7/608/1/3 | 1/90/1/0 | 0/0/0/0 | 0/0/0/0 | 0/0/0/0,8/698/1/3 | 1/90/1/0 | 0/0/0/0 | 0/0/0/0 | 0/0/0/0
2026-27,DEFENSAS,149,Tom Kanowski,SSV Jeddeloh II,Regionalliga,691126,"LIGA PJ, LIGA Min",—,,False,SSV Jeddeloh II,False,10/773/3/1 | 2/174/0/0 | 0/0/0/0 | 0/0/0/0 | 0/0/0/0,11/863/3/1 | 2/174/0/0 | 0/0/0/0 | 0/0/0/0 | 0/0/0/0
2026-27,DEFENSAS,197,Jonas Wieselsberger,TSV Buchbach,Regionalliga,482454,"LIGA PJ, LIGA Min",—,,False,TSV Buchbach,False,8/665/0/3 | 4/265/1/0 | 0/0/0/0 | 0/0/0/0 | 0/0/0/0,9/755/0/3 | 4/265/1/0 | 0/0/0/0 | 0/0/0/0 | 0/0/0/0
2026-27,DEFENSAS,198,Sofiane Ikene,Rot-Weiß Erfurt,Regionalliga,916196,"LIGA PJ, LIGA Min",—,,False,Rot-Weiß Erfurt,False,10/841/1/3 | 0/0/0/0 | 0/0/0/0 | 0/0/0/0 | 0/0/0/0,11/931/1/3 | 0/0/0/0 | 0/0/0/0 | 0/0/0/0 | 0/0/0/0
2026-27,DEFENSAS,204,Alexis Fambo,DJK Vilzing,Regionalliga,453508,"LIGA PJ, LIGA Min",—,,False,DJK Vilzing,False,8/466/1/3 | 1/90/0/0 | 0/0/0/0 | 0/0/0/0 | 0/0/0/0,9/556/1/3 | 1/90/0/0 | 0/0/0/0 | 0/0/0/0 | 0/0/0/0
2026-27,DEFENSAS,226,Daniels Urpens,Sutton Utd,National League,1485673,"LIGA PJ, LIGA Min",—,,False,Sutton Utd,False,8/720/0/4 | 2/180/0/0 | 0/0/0/0 | 0/0/0/0 | 0/0/0/0,9/785/0/4 | 2/180/0/0 | 0/0/0/0 | 0/0/0/0 | 0/0/0/0
2026-27,DEFENSAS,255,Daniele Celiento,Salernitana,Serie C,200167,"LIGA PJ, LIGA Min",—,,False,Salernitana,False,5/450/3/0 | 1/23/0/0 | 0/0/0/0 | 0/0/0/0 | 0/0/0/0,6/540/3/0 | 1/23/0/0 | 0/0/0/0 | 0/0/0/0 | 0/0/0/0
2026-27,DEFENSAS,276,Faton Dzemailji,TSV Buchbach,Regionalliga,599572,"LIGA PJ, LIGA Min",—,,False,TSV Buchbach,False,9/807/0/1 | 4/338/2/0 | 0/0/0/0 | 0/0/0/0 | 0/0/0/0,10/897/0/1 | 4/338/2/0 | 0/0/0/0 | 0/0/0/0 | 0/0/0/0
2026-27,DEFENSAS,277,David Winke,FC Gütersloh,Regionalliga,681342,"LIGA PJ, LIGA Min",—,,False,FC Gütersloh,False,9/787/1/1 | 2/158/1/0 | 0/0/0/0 | 0/0/0/0 | 0/0/0/0,10/877/1/1 | 2/158/1/0 | 0/0/0/0 | 0/0/0/0 | 0/0/0/0
2026-27,DEFENSAS,281,Yegor Melenivskyi,SVA Delmenhorst,Regionalliga,1166239,"LIGA PJ, LIGA Min",—,,False,SVA Delmenhorst,False,9/734/2/1 | 1/120/0/0 | 0/0/0/0 | 0/0/0/0 | 0/0/0/0,10/824/2/1 | 1/120/0/0 | 0/0/0/0 | 0/0/0/0 | 0/0/0/0
2026-27,DEFENSAS,286,Jamie Grimes,Boston Utd,National League,123550,"LIGA PJ, LIGA Min",—,,False,Boston Utd,False,8/720/2/1 | 1/45/0/0 | 0/0/0/0 | 0/0/0/0 | 0/0/0/0,9/810/2/1 | 1/45/0/0 | 0/0/0/0 | 0/0/0/0 | 0/0/0/0
2026-27,DEFENSAS,289,Jack Armer,Burton Albion,League One,509423,"LIGA PJ, LIGA Min, LIGA G/GC",—,,False,Burton Albion,False,7/585/2/1 | 1/90/0/0 | 0/0/0/0 | 0/0/0/0 | 0/0/0/0,8/675/3/1 | 1/90/0/0 | 0/0/0/0 | 0/0/0/0 | 0/0/0/0
2026-27,DEFENSAS,290,Lasse Jetz,SV Todesfelde,Regionalliga,689710,"LIGA PJ, LIGA Min",—,,False,SV Todesfelde,False,10/669/2/1 | 0/0/0/0 | 0/0/0/0 | 0/0/0/0 | 0/0/0/0,11/759/2/1 | 0/0/0/0 | 0/0/0/0 | 0/0/0/0 | 0/0/0/0
2026-27,DEFENSAS,295,Zak Bradshaw,Cambridge Utd.,League One,878114,"LIGA PJ, LIGA Min, LIGA G/GC",—,,False,Cambridge Utd.,False,7/415/1/1 | 3/181/1/0 | 0/0/0/0 | 0/0/0/0 | 0/0/0/0,8/505/2/1 | 3/181/1/0 | 0/0/0/0 | 0/0/0/0 | 0/0/0/0
2026-27,DEFENSAS,309,Pablo Santiago,UE Olot,Segunda Federación,1277169,"LIGA PJ, LIGA Min, LIGA G/GC, LIGA A/CS",—,,False,UE Olot,False,5/300/2/1 | 0/0/0/0 | 0/0/0/0 | 0/0/0/0 | 0/0/0/0,3/267/0/0 | 0/0/0/0 | 0/0/0/0 | 0/0/0/0 | 0/0/0/0
2026-27,DEFENSAS,330,Marvin Thiel,VfB Lübeck,Regionalliga,237620,"LIGA PJ, LIGA Min",—,,False,VfB Lübeck,False,10/886/1/2 | 2/180/0/0 | 0/0/0/0 | 0/0/0/0 | 0/0/0/0,11/976/1/2 | 2/180/0/0 | 0/0/0/0 | 0/0/0/0 | 0/0/0/0
2026-27,DEFENSAS,331,Tim Hüttl,TSV Aubstadt,Regionalliga,326922,"LIGA PJ, LIGA Min",—,,False,TSV Aubstadt,False,8/713/0/0 | 4/297/1/2 | 0/0/0/0 | 0/0/0/0 | 0/0/0/0,9/803/0/0 | 4/297/1/2 | 0/0/0/0 | 0/0/0/0 | 0/0/0/0
2026-27,DEFENSAS,333,Ole Kühling,Kickers Emden,Regionalliga,1048718,"LIGA PJ, LIGA Min",—,,False,Kickers Emden,False,10/855/1/2 | 1/90/0/0 | 0/0/0/0 | 0/0/0/0 | 0/0/0/0,11/945/1/2 | 1/90/0/0 | 0/0/0/0 | 0/0/0/0 | 0/0/0/0
2026-27,DEFENSAS,335,Patrick Ort,Eltersdorf,Regionalliga,471124,"LIGA PJ, LIGA Min",—,,False,Eltersdorf,False,9/795/1/2 | 1/90/0/0 | 0/0/0/0 | 0/0/0/0 | 0/0/0/0,10/885/1/2 | 1/90/0/0 | 0/0/0/0 | 0/0/0/0 | 0/0/0/0
2026-27,DEFENSAS,338,Cory Adjetey-Brew,Worthing,National League,1352651,"LIGA PJ, LIGA Min",—,,False,Worthing,False,9/802/1/2 | 1/45/0/0 | 0/0/0/0 | 0/0/0/0 | 0/0/0/0,10/892/1/2 | 1/45/0/0 | 0/0/0/0 | 0/0/0/0 | 0/0/0/0
2026-27,DEFENSAS,342,Martin Tiefenbrunner,DJK Vilzing,Regionalliga,217576,"LIGA PJ, LIGA Min",—,,False,DJK Vilzing,False,9/662/0/1 | 2/112/1/1 | 0/0/0/0 | 0/0/0/0 | 0/0/0/0,10/752/0/1 | 2/112/1/1 | 0/0/0/0 | 0/0/0/0 | 0/0/0/0
2026-27,DEFENSAS,344,Sai Sachdev,Boston Utd,National League,967304,"LIGA PJ, LIGA Min",—,,False,Boston Utd,False,9/655/1/2 | 2/90/0/0 | 0/0/0/0 | 0/0/0/0 | 0/0/0/0,10/664/1/2 | 2/90/0/0 | 0/0/0/0 | 0/0/0/0 | 0/0/0/0
2026-27,DEFENSAS,348,Ellis Iandolo,Colchester Utd.,League Two,386937,"LIGA PJ, LIGA Min",—,,False,Colchester Utd.,False,7/620/1/2 | 1/78/0/0 | 0/0/0/0 | 0/0/0/0 | 0/0/0/0,8/710/1/2 | 1/78/0/0 | 0/0/0/0 | 0/0/0/0 | 0/0/0/0
2026-27,DEFENSAS,358,Jascha Döringer,VfR Aalen,Regionalliga,381079,"LIGA PJ, LIGA Min",—,,False,VfR Aalen,False,8/565/1/2 | 0/0/0/0 | 0/0/0/0 | 0/0/0/0 | 0/0/0/0,9/655/1/2 | 0/0/0/0 | 0/0/0/0 | 0/0/0/0 | 0/0/0/0
2026-27,DEFENSAS,361,Riccardo Calder,Tamworth,National League,243668,"LIGA PJ, LIGA Min",—,,False,Tamworth,False,7/343/0/1 | 2/174/1/1 | 0/0/0/0 | 0/0/0/0 | 0/0/0/0,8/433/0/1 | 2/174/1/1 | 0/0/0/0 | 0/0/0/0 | 0/0/0/0
2026-27,DEFENSAS,396,Alexander Winkler,Unterhaching,Regionalliga,166292,"LIGA PJ, LIGA Min",—,,False,Unterhaching,False,8/675/0/0 | 3/270/0/3 | 0/0/0/0 | 0/0/0/0 | 0/0/0/0,9/765/0/0 | 3/270/0/3 | 0/0/0/0 | 0/0/0/0 | 0/0/0/0
2026-27,DEFENSAS,399,Harley Mills,Peterborough,League One,1176441,"LIGA PJ, LIGA Min",—,,False,Peterborough,False,6/489/0/0 | 4/360/0/3 | 0/0/0/0 | 0/0/0/0 | 0/0/0/0,7/579/0/0 | 4/360/0/3 | 0/0/0/0 | 0/0/0/0 | 0/0/0/0
2026-27,DEFENSAS,401,Marcus Niemitz,Greifswalder FC,Regionalliga,550340,"LIGA PJ, LIGA Min",—,,False,Greifswalder FC,False,10/842/0/3 | 0/0/0/0 | 0/0/0/0 | 0/0/0/0 | 0/0/0/0,11/932/0/3 | 0/0/0/0 | 0/0/0/0 | 0/0/0/0 | 0/0/0/0
2026-27,DEFENSAS,402,Aaron Drewe,Fylde,National League,683846,"LIGA PJ, LIGA Min",—,,False,Fylde,False,9/810/0/3 | 0/0/0/0 | 0/0/0/0 | 0/0/0/0 | 0/0/0/0,10/900/0/3 | 0/0/0/0 | 0/0/0/0 | 0/0/0/0 | 0/0/0/0
2026-27,DEFENSAS,469,Benedikt Schwarzensteiner,W. Burghausen,Regionalliga,819635,"LIGA PJ, LIGA Min, LIGA G/GC",—,,False,W. Burghausen,False,10/900/2/0 | 2/152/0/0 | 0/0/0/0 | 0/0/0/0 | 0/0/0/0,11/990/3/0 | 2/152/0/0 | 0/0/0/0 | 0/0/0/0 | 0/0/0/0
2026-27,DEFENSAS,472,Max Bardell,Halifax Town,National League,696578,"LIGA PJ, LIGA Min",—,,False,Halifax Town,False,9/810/1/0 | 2/180/1/0 | 0/0/0/0 | 0/0/0/0 | 0/0/0/0,10/900/1/0 | 2/180/1/0 | 0/0/0/0 | 0/0/0/0 | 0/0/0/0
2026-27,DEFENSAS,475,Robin Kölle,FSV Schöningen,Regionalliga,420825,"LIGA PJ, LIGA Min",—,,False,FSV Schöningen,False,10/841/2/0 | 1/90/0/0 | 0/0/0/0 | 0/0/0/0 | 0/0/0/0,11/931/2/0 | 1/90/0/0 | 0/0/0/0 | 0/0/0/0 | 0/0/0/0
2026-27,DEFENSAS,478,Kell Watts,Cambridge Utd.,League One,484389,"LIGA PJ, LIGA Min",—,,False,Cambridge Utd.,False,7/630/2/0 | 3/270/0/0 | 0/0/0/0 | 0/0/0/0 | 0/0/0/0,8/720/2/0 | 3/270/0/0 | 0/0/0/0 | 0/0/0/0 | 0/0/0/0
2026-27,DEFENSAS,479,Sebastian Marx,Eltersdorf,Regionalliga,444125,"LIGA PJ, LIGA Min",—,,False,Eltersdorf,False,9/810/2/0 | 1/90/0/0 | 0/0/0/0 | 0/0/0/0 | 0/0/0/0,10/900/2/0 | 1/90/0/0 | 0/0/0/0 | 0/0/0/0 | 0/0/0/0
2026-27,DEFENSAS,481,Roman Eppendorfer,Chemnitzer FC,Regionalliga,600394,"LIGA PJ, LIGA Min",—,,False,Chemnitzer FC,False,10/844/1/0 | 1/45/1/0 | 0/0/0/0 | 0/0/0/0 | 0/0/0/0,11/934/1/0 | 1/45/1/0 | 0/0/0/0 | 0/0/0/0 | 0/0/0/0
2026-27,DEFENSAS,486,Luke Offord,Crewe Alexandra,League Two,553509,"LIGA PJ, LIGA Min",—,,False,Crewe Alexandra,False,7/630/1/0 | 3/188/1/0 | 0/0/0/0 | 0/0/0/0 | 0/0/0/0,8/720/1/0 | 3/188/1/0 | 0/0/0/0 | 0/0/0/0 | 0/0/0/0
2026-27,DEFENSAS,492,Edwin Schwarz,SpVgg Bayreuth,Regionalliga,162792,"LIGA PJ, LIGA Min",—,,False,SpVgg Bayreuth,False,7/599/0/0 | 2/180/2/0 | 0/0/0/0 | 0/0/0/0 | 0/0/0/0,8/689/0/0 | 2/180/2/0 | 0/0/0/0 | 0/0/0/0 | 0/0/0/0
2026-27,DEFENSAS,499,Kwabe Schulz,SV Sandhausen,Regionalliga,507677,"LIGA PJ, LIGA Min",—,,False,SV Sandhausen,False,8/720/2/0 | 0/0/0/0 | 0/0/0/0 | 0/0/0/0 | 0/0/0/0,9/810/2/0 | 0/0/0/0 | 0/0/0/0 | 0/0/0/0 | 0/0/0/0
2026-27,DEFENSAS,507,Léandro Morante,Cannes,Ligue 3,691354,"LIGA PJ, LIGA Min",—,,False,Cannes,False,7/630/2/0 | 0/0/0/0 | 0/0/0/0 | 0/0/0/0 | 0/0/0/0,8/720/2/0 | 0/0/0/0 | 0/0/0/0 | 0/0/0/0 | 0/0/0/0
2026-27,DEFENSAS,508,Riccardo Nessi,Ospitaletto,Serie C,554811,"LIGA PJ, LIGA Min",—,,False,Ospitaletto,False,6/540/2/0 | 1/90/0/0 | 0/0/0/0 | 0/0/0/0 | 0/0/0/0,7/630/2/0 | 1/90/0/0 | 0/0/0/0 | 0/0/0/0 | 0/0/0/0
2026-27,DEFENSAS,509,Matteo Arena,Lecco,Serie C,417772,"LIGA PJ, LIGA Min",—,,False,Lecco,False,6/540/2/0 | 1/90/0/0 | 0/0/0/0 | 0/0/0/0 | 0/0/0/0,7/630/2/0 | 1/90/0/0 | 0/0/0/0 | 0/0/0/0 | 0/0/0/0
2026-27,DEFENSAS,512,Claudio Cristallo,Campobasso,Serie C,938452,"LIGA PJ, LIGA Min",—,,False,Campobasso,False,6/466/1/0 | 2/150/1/0 | 0/0/0/0 | 0/0/0/0 | 0/0/0/0,7/555/1/0 | 2/150/1/0 | 0/0/0/0 | 0/0/0/0 | 0/0/0/0
2026-27,DEFENSAS,514,Raphaël Calvet,FC Versailles,Ligue 3,157485,"LIGA PJ, LIGA Min",—,,False,FC Versailles,False,7/597/2/0 | 0/0/0/0 | 0/0/0/0 | 0/0/0/0 | 0/0/0/0,8/656/2/0 | 0/0/0/0 | 0/0/0/0 | 0/0/0/0 | 0/0/0/0
2026-27,DEFENSAS,519,Finn Delap,Burton Albion,League One,876626,"LIGA PJ, LIGA Min",—,,False,Burton Albion,False,5/434/2/0 | 2/135/0/0 | 0/0/0/0 | 0/0/0/0 | 0/0/0/0,6/524/2/0 | 2/135/0/0 | 0/0/0/0 | 0/0/0/0 | 0/0/0/0
2026-27,DEFENSAS,523,Baptiste Etcheverria,Concarneau,Ligue 3,487757,"LIGA PJ, LIGA Min",—,,False,Concarneau,False,7/536/2/0 | 0/0/0/0 | 0/0/0/0 | 0/0/0/0 | 0/0/0/0,8/626/2/0 | 0/0/0/0 | 0/0/0/0 | 0/0/0/0 | 0/0/0/0
2026-27,DEFENSAS,535,Miguel Leal,Racing Ferrol,Primera Federación,527964,"LIGA PJ, LIGA Min",—,,False,Racing Ferrol,False,4/354/2/0 | 0/0/0/0 | 0/0/0/0 | 0/0/0/0 | 0/0/0/0,5/444/2/0 | 0/0/0/0 | 0/0/0/0 | 0/0/0/0 | 0/0/0/0
2026-27,DEFENSAS,536,Samu Vázquez,Hércules CF,Primera Federación,706175,"LIGA PJ, LIGA Min",—,,False,Hércules CF,False,4/353/2/0 | 0/0/0/0 | 0/0/0/0 | 0/0/0/0 | 0/0/0/0,5/443/2/0 | 0/0/0/0 | 0/0/0/0 | 0/0/0/0 | 0/0/0/0
2026-27,DEFENSAS,622,Sven Sonnenberg,Altglienicke,Regionalliga,339151,"LIGA PJ, LIGA Min",—,,False,Altglienicke,False,10/877/1/1 | 2/165/0/0 | 0/0/0/0 | 0/0/0/0 | 0/0/0/0,11/967/1/1 | 2/165/0/0 | 0/0/0/0 | 0/0/0/0 | 0/0/0/0
2026-27,DEFENSAS,625,Joel Amadi,VfB Lübeck,Regionalliga,917760,"LIGA PJ, LIGA Min",—,,False,VfB Lübeck,False,10/900/1/0 | 2/117/0/1 | 0/0/0/0 | 0/0/0/0 | 0/0/0/0,11/990/1/0 | 2/117/0/1 | 0/0/0/0 | 0/0/0/0 | 0/0/0/0
2026-27,DEFENSAS,626,Elias Herger,VfB Eichstätt,Regionalliga,816571,"LIGA PJ, LIGA Min",—,,False,VfB Eichstätt,False,9/774/0/1 | 3/242/1/0 | 0/0/0/0 | 0/0/0/0 | 0/0/0/0,10/864/0/1 | 3/242/1/0 | 0/0/0/0 | 0/0/0/0 | 0/0/0/0
2026-27,DEFENSAS,636,Finley Potter,Fleetwood,League Two,945771,"LIGA PJ, LIGA Min",—,,False,Fleetwood,False,7/630/1/0 | 4/315/0/1 | 0/0/0/0 | 0/0/0/0 | 0/0/0/0,8/720/1/0 | 4/315/0/1 | 0/0/0/0 | 0/0/0/0 | 0/0/0/0
2026-27,DEFENSAS,638,Maximilian Dolinski,FC Memmingen,Regionalliga,957647,"LIGA PJ, LIGA Min",—,,False,FC Memmingen,False,10/870/1/1 | 1/45/0/0 | 0/0/0/0 | 0/0/0/0 | 0/0/0/0,11/960/1/1 | 1/45/0/0 | 0/0/0/0 | 0/0/0/0 | 0/0/0/0
2026-27,DEFENSAS,657,Lukas Walchhütter,Greifswalder FC,Regionalliga,655218,"LIGA PJ, LIGA Min",—,,False,Greifswalder FC,False,10/796/1/1 | 0/0/0/0 | 0/0/0/0 | 0/0/0/0 | 0/0/0/0,11/886/1/1 | 0/0/0/0 | 0/0/0/0 | 0/0/0/0 | 0/0/0/0
2026-27,DEFENSAS,658,Paul Polauke,Heilbronn-Frei.,Regionalliga,566434,"LIGA PJ, LIGA Min",—,,False,Heilbronn-Frei.,False,8/720/0/1 | 1/70/1/0 | 0/0/0/0 | 0/0/0/0 | 0/0/0/0,9/742/0/1 | 1/70/1/0 | 0/0/0/0 | 0/0/0/0 | 0/0/0/0
2026-27,DEFENSAS,673,Jayden Sweeney,Grimsby Town,League Two,676168,"LIGA PJ, LIGA Min",—,,False,Grimsby Town,False,7/630/0/1 | 2/107/1/0 | 0/0/0/0 | 0/0/0/0 | 0/0/0/0,8/703/0/1 | 2/107/1/0 | 0/0/0/0 | 0/0/0/0 | 0/0/0/0
2026-27,DEFENSAS,674,Terrell Agyemang,Boston Utd,National League,747261,"LIGA PJ, LIGA Min",—,,False,Boston Utd,False,9/726/1/1 | 0/0/0/0 | 0/0/0/0 | 0/0/0/0 | 0/0/0/0,10/816/1/1 | 0/0/0/0 | 0/0/0/0 | 0/0/0/0 | 0/0/0/0
2026-27,DEFENSAS,676,Radinio Balker,Huddersfield,League One,458405,"SEL PJ, SEL Min",—,,False,Huddersfield,False,7/630/0/1 | 1/90/1/0 | 0/0/0/0 | 0/0/0/0 | 0/0/0/0,7/630/0/1 | 1/90/1/0 | 0/0/0/0 | 0/0/0/0 | 1/72/0/0
2026-27,DEFENSAS,677,Archie Davies,Yeovil Town,National League,386201,"LIGA PJ, LIGA Min",—,,False,Yeovil Town,False,9/715/1/1 | 0/0/0/0 | 0/0/0/0 | 0/0/0/0 | 0/0/0/0,10/805/1/1 | 0/0/0/0 | 0/0/0/0 | 0/0/0/0 | 0/0/0/0
2026-27,DEFENSAS,683,Eduard Heckmann,FV Illertissen,Regionalliga,604459,"LIGA PJ, LIGA Min",—,,False,FV Illertissen,False,9/591/1/1 | 2/105/0/0 | 0/0/0/0 | 0/0/0/0 | 0/0/0/0,10/681/1/1 | 2/105/0/0 | 0/0/0/0 | 0/0/0/0 | 0/0/0/0
2026-27,DEFENSAS,686,Devon Matthews,Accrington,League Two,1045997,"LIGA PJ, LIGA Min",—,,False,Accrington,False,6/524/1/0 | 2/149/0/1 | 0/0/0/0 | 0/0/0/0 | 0/0/0/0,7/614/1/0 | 2/149/0/1 | 0/0/0/0 | 0/0/0/0 | 0/0/0/0
2026-27,DEFENSAS,690,Mirko Puscher,SpVgg Ansbach,Regionalliga,822296,"LIGA PJ, LIGA Min",—,,False,SpVgg Ansbach,False,9/621/0/1 | 1/30/1/0 | 0/0/0/0 | 0/0/0/0 | 0/0/0/0,10/630/0/1 | 1/30/1/0 | 0/0/0/0 | 0/0/0/0 | 0/0/0/0
2026-27,DEFENSAS,708,David Luvualu,Thionville Lus.,Ligue 3,737872,"LIGA PJ, LIGA Min",—,,False,Thionville Lus.,False,7/608/1/1 | 0/0/0/0 | 0/0/0/0 | 0/0/0/0 | 0/0/0/0,8/698/1/1 | 0/0/0/0 | 0/0/0/0 | 0/0/0/0 | 0/0/0/0
2026-27,DEFENSAS,709,Simone Iob,Savoia,Serie C,817307,"LIGA PJ, LIGA Min",—,,False,Savoia,False,6/501/1/0 | 2/107/0/1 | 0/0/0/0 | 0/0/0/0 | 0/0/0/0,7/583/1/0 | 2/107/0/1 | 0/0/0/0 | 0/0/0/0 | 0/0/0/0
2026-27,DEFENSAS,728,Julio Pleguezuelo,Plymouth Argyle,League One,251885,"LIGA PJ, LIGA Min",—,,False,Plymouth Argyle,False,7/512/1/1 | 2/43/0/0 | 0/0/0/0 | 0/0/0/0 | 0/0/0/0,8/586/1/1 | 2/43/0/0 | 0/0/0/0 | 0/0/0/0 | 0/0/0/0
2026-27,DEFENSAS,743,Joe Felix,York City,League Two,483346,"LIGA PJ, LIGA Min",—,,False,York City,False,7/363/0/1 | 3/163/1/0 | 0/0/0/0 | 0/0/0/0 | 0/0/0/0,8/444/0/1 | 3/163/1/0 | 0/0/0/0 | 0/0/0/0 | 0/0/0/0
2026-27,DEFENSAS,747,Jordi Wegmann,FV Illertissen,Regionalliga,594735,"LIGA PJ, LIGA Min",—,,False,FV Illertissen,False,6/446/0/1 | 2/75/1/0 | 0/0/0/0 | 0/0/0/0 | 0/0/0/0,7/536/0/1 | 2/75/1/0 | 0/0/0/0 | 0/0/0/0 | 0/0/0/0
2026-27,DEFENSAS,748,Tommaso Nucifero,Giana Erminio,Serie C,1192068,"LIGA PJ, LIGA Min",—,,False,Giana Erminio,False,6/385/1/0 | 2/135/0/1 | 0/0/0/0 | 0/0/0/0 | 0/0/0/0,7/462/1/0 | 2/135/0/1 | 0/0/0/0 | 0/0/0/0 | 0/0/0/0
2026-27,DEFENSAS,754,Nael Najjar,Hessen Kassel,Regionalliga,306331,"LIGA PJ, LIGA Min",—,,False,Hessen Kassel,False,6/499/1/1 | 0/0/0/0 | 0/0/0/0 | 0/0/0/0 | 0/0/0/0,7/555/1/1 | 0/0/0/0 | 0/0/0/0 | 0/0/0/0 | 0/0/0/0
2026-27,DEFENSAS,784,Álex Blanco,CD Coria,Primera Federación,949462,"LIGA PJ, LIGA Min",—,,False,CD Coria,False,4/340/1/1 | 0/0/0/0 | 0/0/0/0 | 0/0/0/0 | 0/0/0/0,5/430/1/1 | 0/0/0/0 | 0/0/0/0 | 0/0/0/0 | 0/0/0/0
2026-27,DEFENSAS,786,Alessandro Martina,Savoia,Serie C,461726,"LIGA PJ, LIGA Min",—,,False,Savoia,False,5/248/1/0 | 1/73/0/1 | 0/0/0/0 | 0/0/0/0 | 0/0/0/0,6/293/1/0 | 1/73/0/1 | 0/0/0/0 | 0/0/0/0 | 0/0/0/0
2026-27,DEFENSAS,794,Jonas Röhrbein,HSC Hannover,Regionalliga,692628,"LIGA PJ, LIGA Min",—,,False,HSC Hannover,False,7/211/1/1 | 1/79/0/0 | 0/0/0/0 | 0/0/0/0 | 0/0/0/0,8/301/1/1 | 1/79/0/0 | 0/0/0/0 | 0/0/0/0 | 0/0/0/0
2026-27,DEFENSAS,798,Rufus Roth,FC Memmingen,Regionalliga,911660,"LIGA PJ, LIGA Min",—,,False,FC Memmingen,False,6/130/0/1 | 2/135/1/0 | 0/0/0/0 | 0/0/0/0 | 0/0/0/0,7/175/0/1 | 2/135/1/0 | 0/0/0/0 | 0/0/0/0 | 0/0/0/0
2026-27,DEFENSAS,809,Muhammad Dahaba,Drochtersen/A.,Regionalliga,914890,"LIGA PJ, LIGA Min",—,,False,Drochtersen/A.,False,5/148/1/1 | 1/29/0/0 | 0/0/0/0 | 0/0/0/0 | 0/0/0/0,6/238/1/1 | 1/29/0/0 | 0/0/0/0 | 0/0/0/0 | 0/0/0/0
2026-27,DEFENSAS,810,Rodrigo Ajegun,Torremolinos,Primera Federación,1132738,"LIGA PJ, LIGA Min",—,,False,Torremolinos,False,4/149/1/1 | 0/0/0/0 | 0/0/0/0 | 0/0/0/0 | 0/0/0/0,5/239/1/1 | 0/0/0/0 | 0/0/0/0 | 0/0/0/0 | 0/0/0/0
2026-27,DEFENSAS,852,Burim Halili,Hallescher FC,Regionalliga,469810,"LIGA PJ, LIGA Min",—,,False,Hallescher FC,False,10/900/0/2 | 1/120/0/0 | 0/0/0/0 | 0/0/0/0 | 0/0/0/0,11/990/0/2 | 1/120/0/0 | 0/0/0/0 | 0/0/0/0 | 0/0/0/0
2026-27,DEFENSAS,853,Jules Hasenberg,RSV Eintracht,Regionalliga,803846,"LIGA PJ, LIGA Min",—,,False,RSV Eintracht,False,10/866/0/2 | 2/152/0/0 | 0/0/0/0 | 0/0/0/0 | 0/0/0/0,11/956/0/2 | 2/152/0/0 | 0/0/0/0 | 0/0/0/0 | 0/0/0/0
2026-27,DEFENSAS,856,Alejo Sánchez Romero,SVA Delmenhorst,Regionalliga,1128511,"LIGA PJ, LIGA Min, LIGA G/GC",—,,False,SVA Delmenhorst,False,10/874/0/2 | 1/120/0/0 | 0/0/0/0 | 0/0/0/0 | 0/0/0/0,11/964/1/2 | 1/120/0/0 | 0/0/0/0 | 0/0/0/0 | 0/0/0/0
2026-27,DEFENSAS,858,Juri Marxen,Eimsbütteler TV,Regionalliga,259866,"LIGA PJ, LIGA Min",—,,False,Eimsbütteler TV,False,10/881/0/2 | 2/94/0/0 | 0/0/0/0 | 0/0/0/0 | 0/0/0/0,11/971/0/2 | 2/94/0/0 | 0/0/0/0 | 0/0/0/0 | 0/0/0/0
2026-27,DEFENSAS,859,André Ndiaye,SVA Delmenhorst,Regionalliga,627380,"LIGA PJ, LIGA Min",—,,False,SVA Delmenhorst,False,10/880/0/2 | 1/82/0/0 | 0/0/0/0 | 0/0/0/0 | 0/0/0/0,11/970/0/2 | 1/82/0/0 | 0/0/0/0 | 0/0/0/0 | 0/0/0/0
2026-27,DEFENSAS,870,Ole Schulz,Drochtersen/A.,Regionalliga,688852,"LIGA PJ, LIGA Min",—,,False,Drochtersen/A.,False,10/776/0/2 | 2/112/0/0 | 0/0/0/0 | 0/0/0/0 | 0/0/0/0,11/866/0/2 | 2/112/0/0 | 0/0/0/0 | 0/0/0/0 | 0/0/0/0
2026-27,DEFENSAS,871,Ken Tchouangue,Chemnitzer FC,Regionalliga,810888,"LIGA PJ, LIGA Min",—,,False,Chemnitzer FC,False,10/883/0/2 | 0/0/0/0 | 0/0/0/0 | 0/0/0/0 | 0/0/0/0,11/973/0/2 | 0/0/0/0 | 0/0/0/0 | 0/0/0/0 | 0/0/0/0
2026-27,DEFENSAS,878,Lewis Cass,Harrogate Town,National League,474382,"LIGA PJ, LIGA Min",—,,False,Harrogate Town,False,9/800/0/2 | 0/0/0/0 | 0/0/0/0 | 0/0/0/0 | 0/0/0/0,10/890/0/2 | 0/0/0/0 | 0/0/0/0 | 0/0/0/0 | 0/0/0/0
2026-27,DEFENSAS,882,Lion Semic,Greifswalder FC,Regionalliga,521919,"LIGA PJ, LIGA Min",—,,False,Greifswalder FC,False,10/730/0/2 | 1/26/0/0 | 0/0/0/0 | 0/0/0/0 | 0/0/0/0,11/806/0/2 | 1/26/0/0 | 0/0/0/0 | 0/0/0/0 | 0/0/0/0
2026-27,DEFENSAS,885,Reece Devine,Kidderminster,National League,470608,"LIGA PJ, LIGA Min",—,,False,Kidderminster,False,9/735/0/2 | 0/0/0/0 | 0/0/0/0 | 0/0/0/0 | 0/0/0/0,10/825/0/2 | 0/0/0/0 | 0/0/0/0 | 0/0/0/0 | 0/0/0/0
2026-27,DEFENSAS,886,Julian Weigel,FSV Schöningen,Regionalliga,628303,"LIGA PJ, LIGA Min",—,,False,FSV Schöningen,False,8/652/0/2 | 1/81/0/0 | 0/0/0/0 | 0/0/0/0 | 0/0/0/0,9/742/0/2 | 1/81/0/0 | 0/0/0/0 | 0/0/0/0 | 0/0/0/0
2026-27,DEFENSAS,892,Jamie Robson,Oldham Athletic,League Two,326585,"LIGA PJ, LIGA Min",—,,False,Oldham Athletic,False,7/630/0/2 | 1/90/0/0 | 0/0/0/0 | 0/0/0/0 | 0/0/0/0,8/720/0/2 | 1/90/0/0 | 0/0/0/0 | 0/0/0/0 | 0/0/0/0
2026-27,DEFENSAS,901,Jannik Hofmann,RW Essen,3. Liga,594747,"COPA PJ, COPA Min",—,,False,RW Essen,False,6/531/0/0 | 2/152/0/2 | 0/0/0/0 | 0/0/0/0 | 0/0/0/0,6/531/0/0 | 3/220/0/2 | 0/0/0/0 | 0/0/0/0 | 0/0/0/0
2026-27,DEFENSAS,905,Jannes Elfers,Drochtersen/A.,Regionalliga,282566,"LIGA PJ, LIGA Min",—,,False,Drochtersen/A.,False,8/514/0/2 | 2/146/0/0 | 0/0/0/0 | 0/0/0/0 | 0/0/0/0,9/604/0/2 | 2/146/0/0 | 0/0/0/0 | 0/0/0/0 | 0/0/0/0
2026-27,DEFENSAS,907,Keanu Kraft,SG Barockstadt,Regionalliga,692021,"LIGA PJ, LIGA Min",—,,False,SG Barockstadt,False,8/650/0/2 | 0/0/0/0 | 0/0/0/0 | 0/0/0/0 | 0/0/0/0,9/734/0/2 | 0/0/0/0 | 0/0/0/0 | 0/0/0/0 | 0/0/0/0
2026-27,DEFENSAS,913,Donald Love,Accrington,League Two,179451,"LIGA PJ, LIGA Min",—,,False,Accrington,False,6/475/0/1 | 2/135/0/1 | 0/0/0/0 | 0/0/0/0 | 0/0/0/0,7/565/0/1 | 2/135/0/1 | 0/0/0/0 | 0/0/0/0 | 0/0/0/0
2026-27,DEFENSAS,932,Luca Villa,Salernitana,Serie C,452943,"LIGA PJ, LIGA Min, LIGA G/GC",—,,False,Salernitana,False,6/489/0/2 | 1/45/0/0 | 0/0/0/0 | 0/0/0/0 | 0/0/0/0,7/579/1/2 | 1/45/0/0 | 0/0/0/0 | 0/0/0/0 | 0/0/0/0
2026-27,DEFENSAS,953,Jeremias Lorch,Heilbronn-Frei.,Regionalliga,196050,"LIGA PJ, LIGA Min",—,,False,Heilbronn-Frei.,False,8/381/0/2 | 0/0/0/0 | 0/0/0/0 | 0/0/0/0 | 0/0/0/0,9/451/0/2 | 0/0/0/0 | 0/0/0/0 | 0/0/0/0 | 0/0/0/0
2026-27,DEFENSAS,955,Alberto Montini,Grosseto,Serie C,620481,"LIGA PJ, LIGA Min",—,,False,Grosseto,False,6/199/0/2 | 2/173/0/0 | 0/0/0/0 | 0/0/0/0 | 0/0/0/0,7/253/0/2 | 2/173/0/0 | 0/0/0/0 | 0/0/0/0 | 0/0/0/0
2026-27,DEFENSAS,959,Álvaro Ramón,Racing Ferrol,Primera Federación,632743,"LIGA PJ, LIGA Min",—,,False,Racing Ferrol,False,4/357/0/2 | 0/0/0/0 | 0/0/0/0 | 0/0/0/0 | 0/0/0/0,5/447/0/2 | 0/0/0/0 | 0/0/0/0 | 0/0/0/0 | 0/0/0/0
2026-27,DEFENSAS,971,Iker Pérez,Linares,Segunda Federación,702062,"LIGA PJ, LIGA Min",—,,False,Linares,False,3/270/0/2 | 0/0/0/0 | 0/0/0/0 | 0/0/0/0 | 0/0/0/0,4/360/0/2 | 0/0/0/0 | 0/0/0/0 | 0/0/0/0 | 0/0/0/0
2026-27,DEFENSAS,972,Tom Parkes,Tamworth,National League,110866,"LIGA PJ, LIGA Min",—,,False,Tamworth,False,1/90/0/1 | 2/172/0/1 | 0/0/0/0 | 0/0/0/0 | 0/0/0/0,2/135/0/1 | 2/172/0/1 | 0/0/0/0 | 0/0/0/0 | 0/0/0/0
2026-27,DEFENSAS,977,Asier Seijo,G. Segoviana,Segunda Federación,633302,"LIGA PJ, LIGA Min",—,,False,G. Segoviana,False,3/221/0/2 | 0/0/0/0 | 0/0/0/0 | 0/0/0/0 | 0/0/0/0,4/287/0/2 | 0/0/0/0 | 0/0/0/0 | 0/0/0/0 | 0/0/0/0
2026-27,DEFENSAS,981,Mirko Chelli,Sambenedettese,Serie C,1187789,"LIGA PJ, LIGA Min",—,,False,Sambenedettese,False,3/55/0/2 | 0/0/0/0 | 0/0/0/0 | 0/0/0/0 | 0/0/0/0,4/104/0/2 | 0/0/0/0 | 0/0/0/0 | 0/0/0/0 | 0/0/0/0
2026-27,DEFENSAS,1074,Dennis Ruisinger,Schwaben Augsb.,Regionalliga,438336,"LIGA PJ, LIGA Min, LIGA A/CS",—,,False,Schwaben Augsb.,False,10/900/0/0 | 3/243/1/0 | 0/0/0/0 | 0/0/0/0 | 0/0/0/0,11/990/0/1 | 3/243/1/0 | 0/0/0/0 | 0/0/0/0 | 0/0/0/0
2026-27,DEFENSAS,1079,Maximilian Neuberger,FV Illertissen,Regionalliga,602821,"LIGA PJ, LIGA Min",—,,False,FV Illertissen,False,10/900/1/0 | 2/180/0/0 | 0/0/0/0 | 0/0/0/0 | 0/0/0/0,11/990/1/0 | 2/180/0/0 | 0/0/0/0 | 0/0/0/0 | 0/0/0/0
2026-27,DEFENSAS,1082,Jannis Turtschan,W. Burghausen,Regionalliga,452478,"LIGA PJ, LIGA Min, LIGA G/GC",—,,False,W. Burghausen,False,10/880/1/0 | 2/180/0/0 | 0/0/0/0 | 0/0/0/0 | 0/0/0/0,11/970/2/0 | 2/180/0/0 | 0/0/0/0 | 0/0/0/0 | 0/0/0/0
2026-27,DEFENSAS,1087,Timo Schmidt,FC Memmingen,Regionalliga,1243732,"LIGA PJ, LIGA Min",—,,False,FC Memmingen,False,10/886/0/0 | 2/150/1/0 | 0/0/0/0 | 0/0/0/0 | 0/0/0/0,11/976/0/0 | 2/150/1/0 | 0/0/0/0 | 0/0/0/0 | 0/0/0/0
2026-27,DEFENSAS,1091,Tizian Zimmermann,TSV Buchbach,Regionalliga,604546,"LIGA PJ, LIGA Min",—,,False,TSV Buchbach,False,9/810/0/0 | 3/225/1/0 | 0/0/0/0 | 0/0/0/0 | 0/0/0/0,10/900/0/0 | 3/225/1/0 | 0/0/0/0 | 0/0/0/0 | 0/0/0/0
2026-27,DEFENSAS,1114,Kilian Zaruba,1.FC Bocholt,Regionalliga,649746,"LIGA PJ, LIGA Min",—,,False,1.FC Bocholt,False,8/716/1/0 | 2/210/0/0 | 0/0/0/0 | 0/0/0/0 | 0/0/0/0,9/748/1/0 | 2/210/0/0 | 0/0/0/0 | 0/0/0/0 | 0/0/0/0
2026-27,DEFENSAS,1115,Benedikt Kuhn,TSV Landsberg,Regionalliga,1052645,"LIGA PJ, LIGA Min",—,,False,TSV Landsberg,False,9/810/0/0 | 2/106/1/0 | 0/0/0/0 | 0/0/0/0 | 0/0/0/0,10/899/0/0 | 2/106/1/0 | 0/0/0/0 | 0/0/0/0 | 0/0/0/0
2026-27,DEFENSAS,1117,Paul Wegner,HSC Hannover,Regionalliga,1193907,"LIGA PJ, LIGA Min",—,,False,HSC Hannover,False,10/815/1/0 | 1/90/0/0 | 0/0/0/0 | 0/0/0/0 | 0/0/0/0,11/905/1/0 | 1/90/0/0 | 0/0/0/0 | 0/0/0/0 | 0/0/0/0
2026-27,DEFENSAS,1127,Lukas Dominke,HSC Hannover,Regionalliga,807206,"LIGA PJ, LIGA Min",—,,False,HSC Hannover,False,9/804/1/0 | 1/90/0/0 | 0/0/0/0 | 0/0/0/0 | 0/0/0/0,10/894/1/0 | 1/90/0/0 | 0/0/0/0 | 0/0/0/0 | 0/0/0/0
2026-27,DEFENSAS,1131,Luca Menke,Drochtersen/A.,Regionalliga,531499,"LIGA PJ, LIGA Min",—,,False,Drochtersen/A.,False,8/720/1/0 | 2/159/0/0 | 0/0/0/0 | 0/0/0/0 | 0/0/0/0,9/810/1/0 | 2/159/0/0 | 0/0/0/0 | 0/0/0/0 | 0/0/0/0
2026-27,DEFENSAS,1155,Ibrahim Temin,SVA Delmenhorst,Regionalliga,363888,"LIGA PJ, LIGA Min",—,,False,SVA Delmenhorst,False,10/743/1/0 | 1/72/0/0 | 0/0/0/0 | 0/0/0/0 | 0/0/0/0,11/833/1/0 | 1/72/0/0 | 0/0/0/0 | 0/0/0/0 | 0/0/0/0
2026-27,DEFENSAS,1163,Cathal Heffernan,Cambridge Utd.,League One,741268,"LIGA PJ, LIGA Min",—,,False,Cambridge Utd.,False,8/720/1/0 | 1/90/0/0 | 0/0/0/0 | 0/0/0/0 | 0/0/0/0,9/810/1/0 | 1/90/0/0 | 0/0/0/0 | 0/0/0/0 | 0/0/0/0
2026-27,DEFENSAS,1165,Filozofe Mabete,Forest Green,National League,812133,"LIGA PJ, LIGA Min",—,,False,Forest Green,False,9/810/1/0 | 0/0/0/0 | 0/0/0/0 | 0/0/0/0 | 0/0/0/0,10/900/1/0 | 0/0/0/0 | 0/0/0/0 | 0/0/0/0 | 0/0/0/0
2026-27,DEFENSAS,1166,Robin Becker,VfR Mannheim,Regionalliga,237444,"LIGA PJ, LIGA Min",—,,False,VfR Mannheim,False,8/720/1/0 | 1/90/0/0 | 0/0/0/0 | 0/0/0/0 | 0/0/0/0,9/789/1/0 | 1/90/0/0 | 0/0/0/0 | 0/0/0/0 | 0/0/0/0
2026-27,DEFENSAS,1167,Nick Galle,TSV Steinbach,Regionalliga,326854,"LIGA PJ, LIGA Min",—,,False,TSV Steinbach,False,8/719/1/0 | 1/90/0/0 | 0/0/0/0 | 0/0/0/0 | 0/0/0/0,9/809/1/0 | 1/90/0/0 | 0/0/0/0 | 0/0/0/0 | 0/0/0/0
2026-27,DEFENSAS,1174,Kyle Ferguson,Gateshead,National League,447286,"LIGA PJ, LIGA Min",—,,False,Gateshead,False,9/751/1/0 | 1/45/0/0 | 0/0/0/0 | 0/0/0/0 | 0/0/0/0,10/841/1/0 | 1/45/0/0 | 0/0/0/0 | 0/0/0/0 | 0/0/0/0
2026-27,DEFENSAS,1193,Ethan Bristow,Harrogate Town,National League,566676,"LIGA PJ, LIGA Min",—,,False,Harrogate Town,False,9/752/1/0 | 0/0/0/0 | 0/0/0/0 | 0/0/0/0 | 0/0/0/0,10/842/1/0 | 0/0/0/0 | 0/0/0/0 | 0/0/0/0 | 0/0/0/0
2026-27,DEFENSAS,1196,Fabian Grau,E. Norderstedt,Regionalliga,337248,"LIGA PJ, LIGA Min",—,,False,E. Norderstedt,False,9/666/1/0 | 2/84/0/0 | 0/0/0/0 | 0/0/0/0 | 0/0/0/0,10/756/1/0 | 2/84/0/0 | 0/0/0/0 | 0/0/0/0 | 0/0/0/0
2026-27,DEFENSAS,1198,Tobias Gunte,BFC Dynamo,Regionalliga,390631,"LIGA PJ, LIGA Min",—,,False,BFC Dynamo,False,9/749/1/0 | 0/0/0/0 | 0/0/0/0 | 0/0/0/0 | 0/0/0/0,10/839/1/0 | 0/0/0/0 | 0/0/0/0 | 0/0/0/0 | 0/0/0/0
2026-27,DEFENSAS,1203,Toshiaki Miyamoto,Kickers Emden,Regionalliga,511170,"LIGA PJ, LIGA Min",—,,False,Kickers Emden,False,9/635/1/0 | 1/90/0/0 | 0/0/0/0 | 0/0/0/0 | 0/0/0/0,10/725/1/0 | 1/90/0/0 | 0/0/0/0 | 0/0/0/0 | 0/0/0/0
2026-27,DEFENSAS,1205,Adebola Oluwo,Salford,League Two,919149,"LIGA PJ, LIGA Min, LIGA G/GC",—,,False,Salford,False,7/630/1/0 | 2/91/0/0 | 0/0/0/0 | 0/0/0/0 | 0/0/0/0,8/658/2/0 | 2/91/0/0 | 0/0/0/0 | 0/0/0/0 | 0/0/0/0
2026-27,DEFENSAS,1210,Benn Ward,Reading,League One,859944,"LIGA PJ, LIGA Min",—,,False,Reading,False,6/540/1/0 | 2/180/0/0 | 0/0/0/0 | 0/0/0/0 | 0/0/0/0,7/630/1/0 | 2/180/0/0 | 0/0/0/0 | 0/0/0/0 | 0/0/0/0
2026-27,DEFENSAS,1212,Kyle Cameron,Newport County,League Two,258881,"LIGA PJ, LIGA Min",—,,False,Newport County,False,7/630/1/0 | 1/90/0/0 | 0/0/0/0 | 0/0/0/0 | 0/0/0/0,8/720/1/0 | 1/90/0/0 | 0/0/0/0 | 0/0/0/0 | 0/0/0/0
2026-27,DEFENSAS,1213,Ben Hüning,RW Essen,3. Liga,922877,"COPA PJ, COPA Min",—,,False,RW Essen,False,7/630/1/0 | 1/90/0/0 | 0/0/0/0 | 0/0/0/0 | 0/0/0/0,7/630/1/0 | 2/112/0/0 | 0/0/0/0 | 0/0/0/0 | 0/0/0/0
2026-27,DEFENSAS,1215,Milian Habermehl,SG Barockstadt,Regionalliga,968251,"LIGA PJ, LIGA Min, LIGA G/GC",—,,False,SG Barockstadt,False,8/720/1/0 | 0/0/0/0 | 0/0/0/0 | 0/0/0/0 | 0/0/0/0,9/810/2/0 | 0/0/0/0 | 0/0/0/0 | 0/0/0/0 | 0/0/0/0
2026-27,DEFENSAS,1217,Paolo Dametto,Cosenza,Serie C,136099,"LIGA PJ, LIGA Min",—,,False,Cosenza,False,6/540/1/0 | 2/180/0/0 | 0/0/0/0 | 0/0/0/0 | 0/0/0/0,7/620/1/0 | 2/180/0/0 | 0/0/0/0 | 0/0/0/0 | 0/0/0/0
2026-27,DEFENSAS,1218,David Udogu,Stuttg. Kickers,Regionalliga,741402,"LIGA PJ, LIGA Min",—,,False,Stuttg. Kickers,False,8/716/1/0 | 0/0/0/0 | 0/0/0/0 | 0/0/0/0 | 0/0/0/0,9/806/1/0 | 0/0/0/0 | 0/0/0/0 | 0/0/0/0 | 0/0/0/0
2026-27,DEFENSAS,1220,Jens Schüler,VfB Eichstätt,Regionalliga,381279,"LIGA PJ, LIGA Min",—,,False,VfB Eichstätt,False,6/493/0/0 | 3/221/1/0 | 0/0/0/0 | 0/0/0/0 | 0/0/0/0,7/583/0/0 | 3/221/1/0 | 0/0/0/0 | 0/0/0/0 | 0/0/0/0
2026-27,DEFENSAS,1223,Logan Dobbs,Gillingham,League Two,1350450,"LIGA PJ, LIGA Min",—,,False,Gillingham,False,7/567/1/0 | 2/143/0/0 | 0/0/0/0 | 0/0/0/0 | 0/0/0/0,8/632/1/0 | 2/143/0/0 | 0/0/0/0 | 0/0/0/0 | 0/0/0/0
2026-27,DEFENSAS,1227,Mirko Elia,Bari,Serie C,883053,"LIGA PJ, LIGA Min",—,,False,Bari,False,6/525/0/0 | 2/180/1/0 | 0/0/0/0 | 0/0/0/0 | 0/0/0/0,7/615/0/0 | 2/180/1/0 | 0/0/0/0 | 0/0/0/0 | 0/0/0/0
2026-27,DEFENSAS,1229,Paudie O'Connor,Reading,League One,364024,"LIGA PJ, LIGA Min, LIGA G/GC",—,,False,Reading,False,6/532/0/0 | 2/169/1/0 | 0/0/0/0 | 0/0/0/0 | 0/0/0/0,7/622/1/0 | 2/169/1/0 | 0/0/0/0 | 0/0/0/0 | 0/0/0/0
2026-27,DEFENSAS,1231,Nico Blank,Stuttg. Kickers,Regionalliga,387725,"LIGA PJ, LIGA Min",—,,False,Stuttg. Kickers,False,8/700/1/0 | 0/0/0/0 | 0/0/0/0 | 0/0/0/0 | 0/0/0/0,9/783/1/0 | 0/0/0/0 | 0/0/0/0 | 0/0/0/0 | 0/0/0/0
2026-27,DEFENSAS,1233,Rob Hunt,Colchester Utd.,League Two,335591,"LIGA PJ, LIGA Min",—,,False,Colchester Utd.,False,7/575/1/0 | 2/118/0/0 | 0/0/0/0 | 0/0/0/0 | 0/0/0/0,8/665/1/0 | 2/118/0/0 | 0/0/0/0 | 0/0/0/0 | 0/0/0/0
2026-27,DEFENSAS,1235,Kevin Hingerl,FC Gütersloh,Regionalliga,196117,"LIGA PJ, LIGA Min",—,,False,FC Gütersloh,False,9/603/0/0 | 1/90/1/0 | 0/0/0/0 | 0/0/0/0 | 0/0/0/0,10/693/0/0 | 1/90/1/0 | 0/0/0/0 | 0/0/0/0 | 0/0/0/0
2026-27,DEFENSAS,1242,Alex Lankshear,Gateshead,National League,922086,"LIGA PJ, LIGA Min",—,,False,Gateshead,False,8/685/1/0 | 0/0/0/0 | 0/0/0/0 | 0/0/0/0 | 0/0/0/0,9/775/1/0 | 0/0/0/0 | 0/0/0/0 | 0/0/0/0 | 0/0/0/0
2026-27,DEFENSAS,1253,Odin Redier,FV Illertissen,Regionalliga,906444,"LIGA PJ, LIGA Min",—,,False,FV Illertissen,False,6/479/1/0 | 2/180/0/0 | 0/0/0/0 | 0/0/0/0 | 0/0/0/0,7/569/1/0 | 2/180/0/0 | 0/0/0/0 | 0/0/0/0 | 0/0/0/0
2026-27,DEFENSAS,1254,Temi Eweka,Eastleigh,National League,1045015,"LIGA PJ, LIGA Min, LIGA A/CS",—,,False,Eastleigh,False,8/656/1/0 | 0/0/0/0 | 0/0/0/0 | 0/0/0/0 | 0/0/0/0,9/746/1/1 | 0/0/0/0 | 0/0/0/0 | 0/0/0/0 | 0/0/0/0
2026-27,DEFENSAS,1255,Mattia Maffei,Trento,Serie C,983138,"LIGA PJ, LIGA Min",—,,False,Trento,False,6/540/1/0 | 2/105/0/0 | 0/0/0/0 | 0/0/0/0 | 0/0/0/0,7/630/1/0 | 2/105/0/0 | 0/0/0/0 | 0/0/0/0 | 0/0/0/0
2026-27,DEFENSAS,1257,Felix Weber,1860 München,Regionalliga,146171,"LIGA PJ, LIGA Min",—,,False,1860 München,False,7/614/1/0 | 1/29/0/0 | 0/0/0/0 | 0/0/0/0 | 0/0/0/0,8/687/1/0 | 1/29/0/0 | 0/0/0/0 | 0/0/0/0 | 0/0/0/0
2026-27,DEFENSAS,1260,Michee Efete,Aldershot,National League,265990,"LIGA PJ, LIGA Min, LIGA G/GC",—,,False,Aldershot,False,7/590/1/0 | 1/45/0/0 | 0/0/0/0 | 0/0/0/0 | 0/0/0/0,8/680/3/0 | 1/45/0/0 | 0/0/0/0 | 0/0/0/0 | 0/0/0/0
2026-27,DEFENSAS,1273,Ben Purrington,Bristol Rovers,League Two,270988,"LIGA PJ, LIGA Min",—,,False,Bristol Rovers,False,6/540/1/0 | 1/90/0/0 | 0/0/0/0 | 0/0/0/0 | 0/0/0/0,7/541/1/0 | 1/90/0/0 | 0/0/0/0 | 0/0/0/0 | 0/0/0/0
2026-27,DEFENSAS,1276,Charles Divialle-Corbière,Concarneau,Ligue 3,1073382,"LIGA PJ, LIGA Min",—,,False,Concarneau,False,7/630/1/0 | 0/0/0/0 | 0/0/0/0 | 0/0/0/0 | 0/0/0/0,8/720/1/0 | 0/0/0/0 | 0/0/0/0 | 0/0/0/0 | 0/0/0/0
2026-27,DEFENSAS,1277,Mohamed Nehari,Aubagne Air Bel,Ligue 3,737770,"LIGA PJ, LIGA Min",—,,False,Aubagne Air Bel,False,7/630/1/0 | 0/0/0/0 | 0/0/0/0 | 0/0/0/0 | 0/0/0/0,8/720/1/0 | 0/0/0/0 | 0/0/0/0 | 0/0/0/0 | 0/0/0/0
2026-27,DEFENSAS,1279,Federico Ampollini,Grosseto,Serie C,618155,"LIGA PJ, LIGA Min",—,,False,Grosseto,False,6/540/1/0 | 1/90/0/0 | 0/0/0/0 | 0/0/0/0 | 0/0/0/0,7/630/1/0 | 1/90/0/0 | 0/0/0/0 | 0/0/0/0 | 0/0/0/0
2026-27,DEFENSAS,1284,Manuel Peretti,Cavese,Serie C,394123,"LIGA PJ, LIGA Min, LIGA G/GC",—,,False,Cavese,False,6/540/1/0 | 1/90/0/0 | 0/0/0/0 | 0/0/0/0 | 0/0/0/0,7/630/3/0 | 1/90/0/0 | 0/0/0/0 | 0/0/0/0 | 0/0/0/0
2026-27,DEFENSAS,1289,Niklas Jeck,SpVgg Bayreuth,Regionalliga,449150,"LIGA PJ, LIGA Min",—,,False,SpVgg Bayreuth,False,6/446/1/0 | 3/181/0/0 | 0/0/0/0 | 0/0/0/0 | 0/0/0/0,7/536/1/0 | 3/181/0/0 | 0/0/0/0 | 0/0/0/0 | 0/0/0/0
2026-27,DEFENSAS,1297,Jimmy Halby Touré,Concarneau,Ligue 3,808828,"LIGA PJ, LIGA Min",—,,False,Concarneau,False,7/619/1/0 | 0/0/0/0 | 0/0/0/0 | 0/0/0/0 | 0/0/0/0,8/709/1/0 | 0/0/0/0 | 0/0/0/0 | 0/0/0/0 | 0/0/0/0
2026-27,DEFENSAS,1314,Sasha Mancini,Lumezzane,Serie C,1045073,"LIGA PJ, LIGA Min",—,,False,Lumezzane,False,6/508/1/0 | 1/90/0/0 | 0/0/0/0 | 0/0/0/0 | 0/0/0/0,7/598/1/0 | 1/90/0/0 | 0/0/0/0 | 0/0/0/0 | 0/0/0/0
2026-27,DEFENSAS,1315,Joe Gubbins,Yeovil Town,National League,683848,"LIGA PJ, LIGA Min",—,,False,Yeovil Town,False,8/597/1/0 | 0/0/0/0 | 0/0/0/0 | 0/0/0/0 | 0/0/0/0,9/650/1/0 | 0/0/0/0 | 0/0/0/0 | 0/0/0/0 | 0/0/0/0
2026-27,DEFENSAS,1326,Vin Kastull,Hallescher FC,Regionalliga,747982,"LIGA PJ, LIGA Min",—,,False,Hallescher FC,False,7/456/0/0 | 1/120/1/0 | 0/0/0/0 | 0/0/0/0 | 0/0/0/0,8/546/0/0 | 1/120/1/0 | 0/0/0/0 | 0/0/0/0 | 0/0/0/0
2026-27,DEFENSAS,1327,Matthias Hahn,SpVgg Ansbach,Regionalliga,678654,"LIGA PJ, LIGA Min",—,,False,SpVgg Ansbach,False,7/504/1/0 | 1/71/0/0 | 0/0/0/0 | 0/0/0/0 | 0/0/0/0,8/594/1/0 | 1/71/0/0 | 0/0/0/0 | 0/0/0/0 | 0/0/0/0
2026-27,DEFENSAS,1328,Matteo Mannelli,Grosseto,Serie C,935810,"LIGA PJ, LIGA Min, LIGA G/GC",—,,False,Grosseto,False,6/485/0/0 | 1/90/1/0 | 0/0/0/0 | 0/0/0/0 | 0/0/0/0,7/575/1/0 | 1/90/1/0 | 0/0/0/0 | 0/0/0/0 | 0/0/0/0
2026-27,DEFENSAS,1338,Joshua Uwakhonye,RSV Eintracht,Regionalliga,745611,"LIGA PJ, LIGA Min",—,,False,RSV Eintracht,False,5/405/0/0 | 2/152/1/0 | 0/0/0/0 | 0/0/0/0 | 0/0/0/0,6/495/0/0 | 2/152/1/0 | 0/0/0/0 | 0/0/0/0 | 0/0/0/0
2026-27,DEFENSAS,1344,Tino Bradara,Heilbronn-Frei.,Regionalliga,391037,"LIGA PJ, LIGA Min",—,,False,Heilbronn-Frei.,False,7/461/1/0 | 1/90/0/0 | 0/0/0/0 | 0/0/0/0 | 0/0/0/0,8/469/1/0 | 1/90/0/0 | 0/0/0/0 | 0/0/0/0 | 0/0/0/0
2026-27,DEFENSAS,1345,Angelo Veltri,Crotone,Serie C,818539,"LIGA PJ, LIGA Min, LIGA A/CS",—,,False,Crotone,False,6/461/1/0 | 1/90/0/0 | 0/0/0/0 | 0/0/0/0 | 0/0/0/0,7/551/1/1 | 1/90/0/0 | 0/0/0/0 | 0/0/0/0 | 0/0/0/0
2026-27,DEFENSAS,1369,Will Nightingale,Sutton Utd,National League,307823,"LIGA PJ, LIGA Min",—,,False,Sutton Utd,False,6/540/1/0 | 0/0/0/0 | 0/0/0/0 | 0/0/0/0 | 0/0/0/0,7/630/1/0 | 0/0/0/0 | 0/0/0/0 | 0/0/0/0 | 0/0/0/0
2026-27,DEFENSAS,1370,Maximilian Fischer,Fortuna Köln,3. Liga,598284,"LIGA PJ, LIGA Min",—,,False,Fortuna Köln,False,5/450/1/0 | 1/90/0/0 | 0/0/0/0 | 0/0/0/0 | 0/0/0/0,6/540/1/0 | 1/90/0/0 | 0/0/0/0 | 0/0/0/0 | 0/0/0/0
2026-27,DEFENSAS,1372,Manuel Llano,Salernitana,Serie C,756811,"LIGA PJ, LIGA Min",—,,False,Salernitana,False,5/450/1/0 | 1/90/0/0 | 0/0/0/0 | 0/0/0/0 | 0/0/0/0,6/540/1/0 | 1/90/0/0 | 0/0/0/0 | 0/0/0/0 | 0/0/0/0
2026-27,DEFENSAS,1374,Jésah Ayessa,Paris 13 Atl.,Ligue 3,935843,"LIGA PJ, LIGA Min",—,,False,Paris 13 Atl.,False,6/532/1/0 | 0/0/0/0 | 0/0/0/0 | 0/0/0/0 | 0/0/0/0,7/622/1/0 | 0/0/0/0 | 0/0/0/0 | 0/0/0/0 | 0/0/0/0
2026-27,DEFENSAS,1389,Felix Langhammer,Hallescher FC,Regionalliga,980860,"LIGA PJ, LIGA Min",—,,False,Hallescher FC,False,9/521/1/0 | 0/0/0/0 | 0/0/0/0 | 0/0/0/0 | 0/0/0/0,10/535/1/0 | 0/0/0/0 | 0/0/0/0 | 0/0/0/0 | 0/0/0/0
2026-27,DEFENSAS,1398,Jamilu Collins,Tasmania Berlin,Regionalliga,254934,"LIGA PJ, LIGA Min, LIGA A/CS",—,,False,Tasmania Berlin,False,6/507/1/0 | 0/0/0/0 | 0/0/0/0 | 0/0/0/0 | 0/0/0/0,7/597/1/1 | 0/0/0/0 | 0/0/0/0 | 0/0/0/0 | 0/0/0/0
2026-27,DEFENSAS,1401,Adrian Cannavaro,Novara,Serie C,808582,"LIGA PJ, LIGA Min",—,,False,Novara,False,5/412/1/0 | 1/90/0/0 | 0/0/0/0 | 0/0/0/0 | 0/0/0/0,6/498/1/0 | 1/90/0/0 | 0/0/0/0 | 0/0/0/0 | 0/0/0/0
2026-27,DEFENSAS,1412,Muamer Aljic,Thionville Lus.,Ligue 3,787162,"LIGA PJ, LIGA Min",—,,False,Thionville Lus.,False,6/488/1/0 | 0/0/0/0 | 0/0/0/0 | 0/0/0/0 | 0/0/0/0,7/578/1/0 | 0/0/0/0 | 0/0/0/0 | 0/0/0/0 | 0/0/0/0
2026-27,DEFENSAS,1420,Albin Nishori,Eimsbütteler TV,Regionalliga,692624,"LIGA PJ, LIGA Min",—,,False,Eimsbütteler TV,False,7/197/0/0 | 3/270/1/0 | 0/0/0/0 | 0/0/0/0 | 0/0/0/0,8/287/0/0 | 3/270/1/0 | 0/0/0/0 | 0/0/0/0 | 0/0/0/0
2026-27,DEFENSAS,1424,Jérémi Santini,FC Versailles,Ligue 3,643990,"LIGA PJ, LIGA Min",—,,False,FC Versailles,False,7/461/1/0 | 0/0/0/0 | 0/0/0/0 | 0/0/0/0 | 0/0/0/0,8/478/1/0 | 0/0/0/0 | 0/0/0/0 | 0/0/0/0 | 0/0/0/0
2026-27,DEFENSAS,1448,Andrea Valdesi,Novara,Serie C,731329,"LIGA PJ, LIGA Min",—,,False,Novara,False,5/260/1/0 | 2/180/0/0 | 0/0/0/0 | 0/0/0/0 | 0/0/0/0,6/279/1/0 | 2/180/0/0 | 0/0/0/0 | 0/0/0/0 | 0/0/0/0
2026-27,DEFENSAS,1455,Álvaro Espínola,Orihuela CF,Segunda Federación,596882,"LIGA PJ, LIGA Min",—,,False,Orihuela CF,False,3/270/0/0 | 2/158/1/0 | 0/0/0/0 | 0/0/0/0 | 0/0/0/0,4/360/0/0 | 2/158/1/0 | 0/0/0/0 | 0/0/0/0 | 0/0/0/0
2026-27,DEFENSAS,1457,Tim Seifert,VfR Mannheim,Regionalliga,522254,"LIGA PJ, LIGA Min",—,,False,VfR Mannheim,False,7/336/0/0 | 1/90/1/0 | 0/0/0/0 | 0/0/0/0 | 0/0/0/0,8/399/0/0 | 1/90/1/0 | 0/0/0/0 | 0/0/0/0 | 0/0/0/0
2026-27,DEFENSAS,1460,Cian Harries,Kidderminster,National League,319300,"LIGA PJ, LIGA Min",—,,False,Kidderminster,False,5/420/1/0 | 0/0/0/0 | 0/0/0/0 | 0/0/0/0 | 0/0/0/0,6/510/1/0 | 0/0/0/0 | 0/0/0/0 | 0/0/0/0 | 0/0/0/0
2026-27,DEFENSAS,1461,Dany Goprou,Valenciennes FC,Ligue 3,396752,"LIGA PJ, LIGA Min",—,,False,Valenciennes FC,False,6/419/1/0 | 0/0/0/0 | 0/0/0/0 | 0/0/0/0 | 0/0/0/0,7/509/1/0 | 0/0/0/0 | 0/0/0/0 | 0/0/0/0 | 0/0/0/0
2026-27,DEFENSAS,1465,Dembo Gassama,FC Villefranche,Ligue 3,682031,"LIGA PJ, LIGA Min",—,,False,FC Villefranche,False,6/411/1/0 | 0/0/0/0 | 0/0/0/0 | 0/0/0/0 | 0/0/0/0,7/501/1/0 | 0/0/0/0 | 0/0/0/0 | 0/0/0/0 | 0/0/0/0
2026-27,DEFENSAS,1472,Gaizka Argente,Sestao River ,Segunda Federación,634097,"LIGA PJ, LIGA Min",—,,False,Sestao River ,False,3/194/0/0 | 2/210/1/0 | 0/0/0/0 | 0/0/0/0 | 0/0/0/0,4/284/0/0 | 2/210/1/0 | 0/0/0/0 | 0/0/0/0 | 0/0/0/0
2026-27,DEFENSAS,1492,Michele Gobbato,Cittadella,Serie C,1082089,"LIGA PJ, LIGA Min",—,,False,Cittadella,False,6/254/1/0 | 2/116/0/0 | 0/0/0/0 | 0/0/0/0 | 0/0/0/0,7/343/1/0 | 2/116/0/0 | 0/0/0/0 | 0/0/0/0 | 0/0/0/0
2026-27,DEFENSAS,1499,Emin Grozdanić,Torremolinos,Primera Federación,479144,"LIGA PJ, LIGA Min",—,,False,Torremolinos,False,4/360/1/0 | 0/0/0/0 | 0/0/0/0 | 0/0/0/0 | 0/0/0/0,5/447/1/0 | 0/0/0/0 | 0/0/0/0 | 0/0/0/0 | 0/0/0/0
2026-27,DEFENSAS,1502,Leon Sommer-Deiss,TSV Havelse,3. Liga,477578,"LIGA PJ, LIGA Min",—,,False,TSV Havelse,False,4/359/1/0 | 0/0/0/0 | 0/0/0/0 | 0/0/0/0 | 0/0/0/0,5/365/1/0 | 0/0/0/0 | 0/0/0/0 | 0/0/0/0 | 0/0/0/0
2026-27,DEFENSAS,1508,Álvaro Mateo,Real Unión,Primera Federación,338329,"LIGA PJ, LIGA Min",—,,False,Real Unión,False,4/350/1/0 | 0/0/0/0 | 0/0/0/0 | 0/0/0/0 | 0/0/0/0,5/440/1/0 | 0/0/0/0 | 0/0/0/0 | 0/0/0/0 | 0/0/0/0
2026-27,DEFENSAS,1515,Andoni Ugarte,Sestao River ,Segunda Federación,255757,"LIGA PJ, LIGA Min",—,,False,Sestao River ,False,3/270/1/0 | 1/74/0/0 | 0/0/0/0 | 0/0/0/0 | 0/0/0/0,4/284/1/0 | 1/74/0/0 | 0/0/0/0 | 0/0/0/0 | 0/0/0/0
2026-27,DEFENSAS,1518,Beñat Arratibel,Arenas Club,Primera Federación,1063582,"LIGA PJ, LIGA Min",—,,False,Arenas Club,False,4/340/1/0 | 0/0/0/0 | 0/0/0/0 | 0/0/0/0 | 0/0/0/0,5/385/1/0 | 0/0/0/0 | 0/0/0/0 | 0/0/0/0 | 0/0/0/0
2026-27,DEFENSAS,1526,Joel Awuah,Greifswalder FC,Regionalliga,1179595,"LIGA PJ, LIGA Min",—,,False,Greifswalder FC,False,3/149/0/0 | 2/180/1/0 | 0/0/0/0 | 0/0/0/0 | 0/0/0/0,4/239/0/0 | 2/180/1/0 | 0/0/0/0 | 0/0/0/0 | 0/0/0/0
2026-27,DEFENSAS,1529,Johannes Mayer,VfB Eichstätt,Regionalliga,942141,"LIGA PJ, LIGA Min",—,,False,VfB Eichstätt,False,7/251/1/0 | 2/73/0/0 | 0/0/0/0 | 0/0/0/0 | 0/0/0/0,8/252/1/0 | 2/73/0/0 | 0/0/0/0 | 0/0/0/0 | 0/0/0/0
2026-27,DEFENSAS,1544,Christian Kuhn,VfR Mannheim,Regionalliga,360015,"LIGA PJ, LIGA Min",—,,False,VfR Mannheim,False,2/117/0/0 | 2/180/1/0 | 0/0/0/0 | 0/0/0/0 | 0/0/0/0,3/138/0/0 | 2/180/1/0 | 0/0/0/0 | 0/0/0/0 | 0/0/0/0
2026-27,DEFENSAS,1550,Mattia Macchi,Cavese,Serie C,820688,"LIGA PJ, LIGA Min",—,,False,Cavese,False,3/225/1/0 | 1/65/0/0 | 0/0/0/0 | 0/0/0/0 | 0/0/0/0,4/233/1/0 | 1/65/0/0 | 0/0/0/0 | 0/0/0/0 | 0/0/0/0
2026-27,DEFENSAS,1553,Josh Williams,Carlisle United,National League,733304,"LIGA PJ, LIGA Min",—,,False,Carlisle United,False,8/271/1/0 | 0/0/0/0 | 0/0/0/0 | 0/0/0/0 | 0/0/0/0,9/297/1/0 | 0/0/0/0 | 0/0/0/0 | 0/0/0/0 | 0/0/0/0
2026-27,DEFENSAS,1559,Jesús Palomeque,Astorga,Segunda Federación,710479,"LIGA PJ, LIGA Min",—,,False,Astorga,False,3/270/1/0 | 0/0/0/0 | 0/0/0/0 | 0/0/0/0 | 0/0/0/0,4/344/1/0 | 0/0/0/0 | 0/0/0/0 | 0/0/0/0 | 0/0/0/0
2026-27,DEFENSAS,1560,Roger Munells,Manresa,Segunda Federación,1405207,"LIGA PJ, LIGA Min",—,,False,Manresa,False,3/270/1/0 | 0/0/0/0 | 0/0/0/0 | 0/0/0/0 | 0/0/0/0,4/360/1/0 | 0/0/0/0 | 0/0/0/0 | 0/0/0/0 | 0/0/0/0
2026-27,DEFENSAS,1561,Matheus Teixeira,Manresa,Segunda Federación,998604,"LIGA PJ, LIGA Min",—,,False,Manresa,False,3/270/1/0 | 0/0/0/0 | 0/0/0/0 | 0/0/0/0 | 0/0/0/0,4/359/1/0 | 0/0/0/0 | 0/0/0/0 | 0/0/0/0 | 0/0/0/0
2026-27,DEFENSAS,1572,Gaizka Martínez,Real Unión,Primera Federación,381198,"LIGA PJ, LIGA Min",—,,False,Real Unión,False,4/257/1/0 | 0/0/0/0 | 0/0/0/0 | 0/0/0/0 | 0/0/0/0,5/347/1/0 | 0/0/0/0 | 0/0/0/0 | 0/0/0/0 | 0/0/0/0
2026-27,DEFENSAS,1577,Iker Torre,SD Amorebieta,Segunda Federación,1142828,"LIGA PJ, LIGA Min",—,,False,SD Amorebieta,False,3/250/1/0 | 0/0/0/0 | 0/0/0/0 | 0/0/0/0 | 0/0/0/0,4/340/1/0 | 0/0/0/0 | 0/0/0/0 | 0/0/0/0 | 0/0/0/0
2026-27,DEFENSAS,1580,Víctor Ruiz,Algeciras CF,Primera Federación,199375,"LIGA PJ, LIGA Min",—,,False,Algeciras CF,False,3/244/1/0 | 0/0/0/0 | 0/0/0/0 | 0/0/0/0 | 0/0/0/0,4/334/1/0 | 0/0/0/0 | 0/0/0/0 | 0/0/0/0 | 0/0/0/0
2026-27,DEFENSAS,1612,Cristian Carlini,Vado,Serie C,1081435,"LIGA PJ, LIGA Min",—,,False,Vado,False,4/198/1/0 | 0/0/0/0 | 0/0/0/0 | 0/0/0/0 | 0/0/0/0,5/207/1/0 | 0/0/0/0 | 0/0/0/0 | 0/0/0/0 | 0/0/0/0
2026-27,DEFENSAS,1617,Marcos Otero,At. Sanluqueño,Segunda Federación,537371,"LIGA PJ, LIGA Min",—,,False,At. Sanluqueño,False,3/190/1/0 | 0/0/0/0 | 0/0/0/0 | 0/0/0/0 | 0/0/0/0,4/280/1/0 | 0/0/0/0 | 0/0/0/0 | 0/0/0/0 | 0/0/0/0
2026-27,DEFENSAS,1619,Hugo Terés,Peña Sport FC,Segunda Federación,1124022,"LIGA PJ, LIGA Min",—,,False,Peña Sport FC,False,3/186/1/0 | 0/0/0/0 | 0/0/0/0 | 0/0/0/0 | 0/0/0/0,4/276/1/0 | 0/0/0/0 | 0/0/0/0 | 0/0/0/0 | 0/0/0/0
2026-27,DEFENSAS,1628,Javi Fontán,Real Unión,Primera Federación,632706,"LIGA PJ, LIGA Min",—,,False,Real Unión,False,3/167/1/0 | 0/0/0/0 | 0/0/0/0 | 0/0/0/0 | 0/0/0/0,4/212/1/0 | 0/0/0/0 | 0/0/0/0 | 0/0/0/0 | 0/0/0/0
2026-27,DEFENSAS,1637,Alessandro Fiordaliso,Cavese,Serie C,386447,"LIGA PJ, LIGA Min",—,,False,Cavese,False,3/156/1/0 | 0/0/0/0 | 0/0/0/0 | 0/0/0/0 | 0/0/0/0,4/238/1/0 | 0/0/0/0 | 0/0/0/0 | 0/0/0/0 | 0/0/0/0
2026-27,DEFENSAS,1649,Samba Gnamadio,G. Segoviana,Segunda Federación,995021,"LIGA PJ, LIGA Min",—,,False,G. Segoviana,False,3/137/1/0 | 0/0/0/0 | 0/0/0/0 | 0/0/0/0 | 0/0/0/0,4/161/1/0 | 0/0/0/0 | 0/0/0/0 | 0/0/0/0 | 0/0/0/0
2026-27,DEFENSAS,1650,Matías Barboza,Torremolinos,Primera Federación,720517,"LIGA PJ, LIGA Min",—,,False,Torremolinos,False,2/135/1/0 | 0/0/0/0 | 0/0/0/0 | 0/0/0/0 | 0/0/0/0,3/225/1/0 | 0/0/0/0 | 0/0/0/0 | 0/0/0/0 | 0/0/0/0
2026-27,DEFENSAS,1661,Paul Álvarez,Real Unión,Primera Federación,634928,"LIGA PJ, LIGA Min",—,,False,Real Unión,False,3/103/1/0 | 0/0/0/0 | 0/0/0/0 | 0/0/0/0 | 0/0/0/0,4/193/1/0 | 0/0/0/0 | 0/0/0/0 | 0/0/0/0 | 0/0/0/0
2026-27,DEFENSAS,1669,Donald Nduka,TSV Havelse,3. Liga,825721,"LIGA PJ, LIGA Min",—,,False,TSV Havelse,False,1/90/1/0 | 0/0/0/0 | 0/0/0/0 | 0/0/0/0 | 0/0/0/0,2/180/1/0 | 0/0/0/0 | 0/0/0/0 | 0/0/0/0 | 0/0/0/0
2026-27,DEFENSAS,1756,Jonas Dittrich,VfB Lübeck,Regionalliga,600393,"LIGA PJ, LIGA Min",—,,False,VfB Lübeck,False,10/900/0/1 | 2/165/0/0 | 0/0/0/0 | 0/0/0/0 | 0/0/0/0,11/990/0/1 | 2/165/0/0 | 0/0/0/0 | 0/0/0/0 | 0/0/0/0
2026-27,DEFENSAS,1762,Nino Lessel,BFC Preussen,Regionalliga,1104324,"LIGA PJ, LIGA Min",—,,False,BFC Preussen,False,10/882/0/1 | 2/135/0/0 | 0/0/0/0 | 0/0/0/0 | 0/0/0/0,11/972/0/1 | 2/135/0/0 | 0/0/0/0 | 0/0/0/0 | 0/0/0/0
2026-27,DEFENSAS,1769,Riko Manz,SpVgg Ansbach,Regionalliga,530563,"LIGA PJ, LIGA Min",—,,False,SpVgg Ansbach,False,9/810/0/1 | 2/180/0/0 | 0/0/0/0 | 0/0/0/0 | 0/0/0/0,10/900/0/1 | 2/180/0/0 | 0/0/0/0 | 0/0/0/0 | 0/0/0/0
2026-27,DEFENSAS,1774,Shaun Rooney,Fleetwood,League Two,280409,"LIGA PJ, LIGA Min",—,,False,Fleetwood,False,7/630/0/1 | 4/333/0/0 | 0/0/0/0 | 0/0/0/0 | 0/0/0/0,8/720/0/1 | 4/333/0/0 | 0/0/0/0 | 0/0/0/0 | 0/0/0/0
2026-27,DEFENSAS,1790,Elias Herzig,Schwaben Augsb.,Regionalliga,591669,"LIGA PJ, LIGA Min",—,,False,Schwaben Augsb.,False,8/659/0/1 | 3/250/0/0 | 0/0/0/0 | 0/0/0/0 | 0/0/0/0,9/749/0/1 | 3/250/0/0 | 0/0/0/0 | 0/0/0/0 | 0/0/0/0
2026-27,DEFENSAS,1798,Tyler Körting,SV Todesfelde,Regionalliga,972365,"LIGA PJ, LIGA Min",—,,False,SV Todesfelde,False,10/892/0/1 | 0/0/0/0 | 0/0/0/0 | 0/0/0/0 | 0/0/0/0,11/982/0/1 | 0/0/0/0 | 0/0/0/0 | 0/0/0/0 | 0/0/0/0
2026-27,DEFENSAS,1803,Niklas Landgraf,Hallescher FC,Regionalliga,196394,"LIGA PJ, LIGA Min",—,,False,Hallescher FC,False,10/791/0/1 | 1/85/0/0 | 0/0/0/0 | 0/0/0/0 | 0/0/0/0,11/881/0/1 | 1/85/0/0 | 0/0/0/0 | 0/0/0/0 | 0/0/0/0
2026-27,DEFENSAS,1809,Kiki Oshilaja,Aldershot,National League,1203716,"LIGA PJ, LIGA Min",—,,False,Aldershot,False,9/810/0/1 | 1/45/0/0 | 0/0/0/0 | 0/0/0/0 | 0/0/0/0,10/889/0/1 | 1/45/0/0 | 0/0/0/0 | 0/0/0/0 | 0/0/0/0
2026-27,DEFENSAS,1810,Joel Colbran,Worthing,National League,1001382,"LIGA PJ, LIGA Min",—,,False,Worthing,False,9/810/0/1 | 1/45/0/0 | 0/0/0/0 | 0/0/0/0 | 0/0/0/0,10/900/0/1 | 1/45/0/0 | 0/0/0/0 | 0/0/0/0 | 0/0/0/0
2026-27,DEFENSAS,1811,Oliver Bainbridge,Boreham Wood,National League,827439,"LIGA PJ, LIGA Min",—,,False,Boreham Wood,False,9/734/0/0 | 3/106/0/1 | 0/0/0/0 | 0/0/0/0 | 0/0/0/0,10/824/0/0 | 3/106/0/1 | 0/0/0/0 | 0/0/0/0 | 0/0/0/0
2026-27,DEFENSAS,1819,Malik Talabidi,Carl Zeiss Jena,Regionalliga,508961,"LIGA PJ, LIGA Min",—,,False,Carl Zeiss Jena,False,9/746/0/1 | 1/86/0/0 | 0/0/0/0 | 0/0/0/0 | 0/0/0/0,10/836/0/1 | 1/86/0/0 | 0/0/0/0 | 0/0/0/0 | 0/0/0/0
2026-27,DEFENSAS,1834,Ogulcan Tezel,Altglienicke,Regionalliga,282678,"LIGA PJ, LIGA Min",—,,False,Altglienicke,False,7/554/0/1 | 3/248/0/0 | 0/0/0/0 | 0/0/0/0 | 0/0/0/0,8/644/0/1 | 3/248/0/0 | 0/0/0/0 | 0/0/0/0 | 0/0/0/0
2026-27,DEFENSAS,1836,Larry-Nana Oellers,BFC Dynamo,Regionalliga,557642,"LIGA PJ, LIGA Min",—,,False,BFC Dynamo,False,9/797/0/1 | 0/0/0/0 | 0/0/0/0 | 0/0/0/0 | 0/0/0/0,10/809/0/1 | 0/0/0/0 | 0/0/0/0 | 0/0/0/0 | 0/0/0/0
2026-27,DEFENSAS,1842,Tim Kircher,TSV Steinbach,Regionalliga,369575,"LIGA PJ, LIGA Min",—,,False,TSV Steinbach,False,8/720/0/1 | 1/63/0/0 | 0/0/0/0 | 0/0/0/0 | 0/0/0/0,9/810/0/1 | 1/63/0/0 | 0/0/0/0 | 0/0/0/0 | 0/0/0/0
2026-27,DEFENSAS,1849,Yannick Osée,SV Sandhausen,Regionalliga,410259,"LIGA PJ, LIGA Min",—,,False,SV Sandhausen,False,8/675/0/1 | 1/90/0/0 | 0/0/0/0 | 0/0/0/0 | 0/0/0/0,9/765/0/1 | 1/90/0/0 | 0/0/0/0 | 0/0/0/0 | 0/0/0/0
2026-27,DEFENSAS,1851,Alex Whitmore,Solihull Moors,National League,385917,"LIGA PJ, LIGA Min",—,,False,Solihull Moors,False,8/671/0/1 | 1/90/0/0 | 0/0/0/0 | 0/0/0/0 | 0/0/0/0,9/757/0/1 | 1/90/0/0 | 0/0/0/0 | 0/0/0/0 | 0/0/0/0
2026-27,DEFENSAS,1861,Julian Bell,1860 München,Regionalliga,679680,"LIGA PJ, LIGA Min",—,,False,1860 München,False,8/512/0/1 | 3/228/0/0 | 0/0/0/0 | 0/0/0/0 | 0/0/0/0,9/529/0/1 | 3/228/0/0 | 0/0/0/0 | 0/0/0/0 | 0/0/0/0
2026-27,DEFENSAS,1863,Mason Hancock,FC Walsall,League Two,808454,"LIGA PJ, LIGA Min",—,,False,FC Walsall,False,7/614/0/1 | 2/120/0/0 | 0/0/0/0 | 0/0/0/0 | 0/0/0/0,8/704/0/1 | 2/120/0/0 | 0/0/0/0 | 0/0/0/0 | 0/0/0/0
2026-27,DEFENSAS,1869,Hans-Juraj Hartmann,VfR Mannheim,Regionalliga,541817,"LIGA PJ, LIGA Min",—,,False,VfR Mannheim,False,8/645/0/1 | 1/80/0/0 | 0/0/0/0 | 0/0/0/0 | 0/0/0/0,9/735/0/1 | 1/80/0/0 | 0/0/0/0 | 0/0/0/0 | 0/0/0/0
2026-27,DEFENSAS,1876,Robbie Cundy,Cheltenham,League Two,379711,"LIGA PJ, LIGA Min",—,,False,Cheltenham,False,7/630/0/1 | 1/90/0/0 | 0/0/0/0 | 0/0/0/0 | 0/0/0/0,8/720/0/1 | 1/90/0/0 | 0/0/0/0 | 0/0/0/0 | 0/0/0/0
2026-27,DEFENSAS,1880,Bastian Frölich,K. Offenbach,Regionalliga,453005,"LIGA PJ, LIGA Min",—,,False,K. Offenbach,False,8/720/0/1 | 0/0/0/0 | 0/0/0/0 | 0/0/0/0 | 0/0/0/0,9/810/0/1 | 0/0/0/0 | 0/0/0/0 | 0/0/0/0 | 0/0/0/0
2026-27,DEFENSAS,1881,Tim Steinmetz,FC 08 Homburg,Regionalliga,317749,"LIGA PJ, LIGA Min",—,,False,FC 08 Homburg,False,8/720/0/1 | 0/0/0/0 | 0/0/0/0 | 0/0/0/0 | 0/0/0/0,9/810/0/1 | 0/0/0/0 | 0/0/0/0 | 0/0/0/0 | 0/0/0/0
2026-27,DEFENSAS,1882,Mirko Miceli,Novara,Serie C,146618,"LIGA PJ, LIGA Min",—,,False,Novara,False,6/540/0/1 | 2/180/0/0 | 0/0/0/0 | 0/0/0/0 | 0/0/0/0,7/630/0/1 | 2/180/0/0 | 0/0/0/0 | 0/0/0/0 | 0/0/0/0
2026-27,DEFENSAS,1883,Mario Noce,Savoia,Serie C,524406,"LIGA PJ, LIGA Min",—,,False,Savoia,False,6/540/0/1 | 2/180/0/0 | 0/0/0/0 | 0/0/0/0 | 0/0/0/0,7/630/0/1 | 2/180/0/0 | 0/0/0/0 | 0/0/0/0 | 0/0/0/0
2026-27,DEFENSAS,1885,Kerem Yayla,Tasmania Berlin,Regionalliga,1047209,"LIGA PJ, LIGA Min",—,,False,Tasmania Berlin,False,8/666/0/1 | 1/45/0/0 | 0/0/0/0 | 0/0/0/0 | 0/0/0/0,9/685/0/1 | 1/45/0/0 | 0/0/0/0 | 0/0/0/0 | 0/0/0/0
2026-27,DEFENSAS,1888,Lewis Gordon,Chesterfield,League Two,563754,"LIGA PJ, LIGA Min",—,,False,Chesterfield,False,7/614/0/0 | 2/91/0/1 | 0/0/0/0 | 0/0/0/0 | 0/0/0/0,8/692/0/0 | 2/91/0/1 | 0/0/0/0 | 0/0/0/0 | 0/0/0/0
2026-27,DEFENSAS,1892,Valantis Floros,Eltersdorf,Regionalliga,599265,"LIGA PJ, LIGA Min, LIGA A/CS",—,,False,Eltersdorf,False,9/699/0/1 | 0/0/0/0 | 0/0/0/0 | 0/0/0/0 | 0/0/0/0,10/744/0/2 | 0/0/0/0 | 0/0/0/0 | 0/0/0/0 | 0/0/0/0
2026-27,DEFENSAS,1893,Fatih Baca,Tasmania Berlin,Regionalliga,454721,"LIGA PJ, LIGA Min",—,,False,Tasmania Berlin,False,8/663/0/1 | 1/29/0/0 | 0/0/0/0 | 0/0/0/0 | 0/0/0/0,9/744/0/1 | 1/29/0/0 | 0/0/0/0 | 0/0/0/0 | 0/0/0/0
2026-27,DEFENSAS,1895,Franci Bouebari,RW Essen,3. Liga,1029294,"COPA PJ, COPA Min",—,,False,RW Essen,False,7/580/0/1 | 2/106/0/0 | 0/0/0/0 | 0/0/0/0 | 0/0/0/0,7/580/0/1 | 3/136/0/0 | 0/0/0/0 | 0/0/0/0 | 0/0/0/0
2026-27,DEFENSAS,1896,Miguel Boog,Carl Zeiss Jena,Regionalliga,974565,"LIGA PJ, LIGA Min",—,,False,Carl Zeiss Jena,False,8/567/0/1 | 2/117/0/0 | 0/0/0/0 | 0/0/0/0 | 0/0/0/0,9/635/0/1 | 2/117/0/0 | 0/0/0/0 | 0/0/0/0 | 0/0/0/0
2026-27,DEFENSAS,1900,Isaac Ogundere,AFC Wimbledon,League One,802629,"LIGA PJ, LIGA Min",—,,False,AFC Wimbledon,False,6/536/0/0 | 2/135/0/1 | 0/0/0/0 | 0/0/0/0 | 0/0/0/0,7/626/0/0 | 2/135/0/1 | 0/0/0/0 | 0/0/0/0 | 0/0/0/0
2026-27,DEFENSAS,1902,Moritz Grosche,SV Todesfelde,Regionalliga,601675,"LIGA PJ, LIGA Min",—,,False,SV Todesfelde,False,8/668/0/1 | 0/0/0/0 | 0/0/0/0 | 0/0/0/0 | 0/0/0/0,9/758/0/1 | 0/0/0/0 | 0/0/0/0 | 0/0/0/0 | 0/0/0/0
2026-27,DEFENSAS,1905,Tylor Golden,Boreham Wood,National League,543783,"LIGA PJ, LIGA Min",—,,False,Boreham Wood,False,7/440/0/0 | 3/225/0/1 | 0/0/0/0 | 0/0/0/0 | 0/0/0/0,8/460/0/0 | 3/225/0/1 | 0/0/0/0 | 0/0/0/0 | 0/0/0/0
2026-27,DEFENSAS,1913,Seyhan Yigit,SV Sandhausen,Regionalliga,604328,"LIGA PJ, LIGA Min",—,,False,SV Sandhausen,False,8/659/0/1 | 0/0/0/0 | 0/0/0/0 | 0/0/0/0 | 0/0/0/0,9/749/0/1 | 0/0/0/0 | 0/0/0/0 | 0/0/0/0 | 0/0/0/0
2026-27,DEFENSAS,1915,Vontae Daley-Campbell,Southend United,National League,530732,"LIGA PJ, LIGA Min",—,,False,Southend United,False,8/651/0/1 | 0/0/0/0 | 0/0/0/0 | 0/0/0/0 | 0/0/0/0,9/741/0/1 | 0/0/0/0 | 0/0/0/0 | 0/0/0/0 | 0/0/0/0
2026-27,DEFENSAS,1925,Danny Amos,Barrow,National League,455602,"LIGA PJ, LIGA Min",—,,False,Barrow,False,8/634/0/1 | 0/0/0/0 | 0/0/0/0 | 0/0/0/0 | 0/0/0/0,9/676/0/1 | 0/0/0/0 | 0/0/0/0 | 0/0/0/0 | 0/0/0/0
2026-27,DEFENSAS,1945,Anthony Roncaglia,SC Bastia,Ligue 3,651979,"LIGA PJ, LIGA Min",—,,False,SC Bastia,False,7/630/0/1 | 0/0/0/0 | 0/0/0/0 | 0/0/0/0 | 0/0/0/0,8/720/0/1 | 0/0/0/0 | 0/0/0/0 | 0/0/0/0 | 0/0/0/0
2026-27,DEFENSAS,1946,Maël Zogba,Valenciennes FC,Ligue 3,811399,"LIGA PJ, LIGA Min",—,,False,Valenciennes FC,False,7/630/0/1 | 0/0/0/0 | 0/0/0/0 | 0/0/0/0 | 0/0/0/0,8/720/0/1 | 0/0/0/0 | 0/0/0/0 | 0/0/0/0 | 0/0/0/0
2026-27,DEFENSAS,1949,Lorenzo Masetti,Pianese,Serie C,525662,"LIGA PJ, LIGA Min",—,,False,Pianese,False,6/540/0/1 | 1/90/0/0 | 0/0/0/0 | 0/0/0/0 | 0/0/0/0,7/585/0/1 | 1/90/0/0 | 0/0/0/0 | 0/0/0/0 | 0/0/0/0
2026-27,DEFENSAS,1950,Martin Cocorocchio,Cerignola,Serie C,653274,"LIGA PJ, LIGA Min",—,,False,Cerignola,False,6/540/0/1 | 1/90/0/0 | 0/0/0/0 | 0/0/0/0 | 0/0/0/0,7/630/0/1 | 1/90/0/0 | 0/0/0/0 | 0/0/0/0 | 0/0/0/0
2026-27,DEFENSAS,1954,Connor Teale,Boston Utd,National League,810489,"LIGA PJ, LIGA Min",—,,False,Boston Utd,False,7/513/0/1 | 2/112/0/0 | 0/0/0/0 | 0/0/0/0 | 0/0/0/0,8/594/0/1 | 2/112/0/0 | 0/0/0/0 | 0/0/0/0 | 0/0/0/0
2026-27,DEFENSAS,1959,Aaron Frey,SG Barockstadt,Regionalliga,369705,"LIGA PJ, LIGA Min",—,,False,SG Barockstadt,False,7/623/0/1 | 0/0/0/0 | 0/0/0/0 | 0/0/0/0 | 0/0/0/0,8/713/0/1 | 0/0/0/0 | 0/0/0/0 | 0/0/0/0 | 0/0/0/0
2026-27,DEFENSAS,1960,Brad Nicholson,Carlisle United,National League,919465,"LIGA PJ, LIGA Min",—,,False,Carlisle United,False,8/621/0/1 | 0/0/0/0 | 0/0/0/0 | 0/0/0/0 | 0/0/0/0,9/711/0/1 | 0/0/0/0 | 0/0/0/0 | 0/0/0/0 | 0/0/0/0
2026-27,DEFENSAS,1966,Nick Seidel,SC Verl,3. Liga,927005,"COPA PJ, COPA Min",—,,False,SC Verl,False,5/450/0/1 | 2/159/0/0 | 0/0/0/0 | 0/0/0/0 | 0/0/0/0,5/450/0/1 | 3/249/0/0 | 0/0/0/0 | 0/0/0/0 | 0/0/0/0
2026-27,DEFENSAS,1983,Matteo Bachini,Livorno,Serie C,113797,"LIGA PJ, LIGA Min",—,,False,Livorno,False,6/508/0/1 | 1/90/0/0 | 0/0/0/0 | 0/0/0/0 | 0/0/0/0,7/598/0/1 | 1/90/0/0 | 0/0/0/0 | 0/0/0/0 | 0/0/0/0
2026-27,DEFENSAS,1985,Jack Ellis,Carlisle United,National League,854875,"LIGA PJ, LIGA Min",—,,False,Carlisle United,False,8/596/0/1 | 0/0/0/0 | 0/0/0/0 | 0/0/0/0 | 0/0/0/0,9/612/0/1 | 0/0/0/0 | 0/0/0/0 | 0/0/0/0 | 0/0/0/0
2026-27,DEFENSAS,1988,Elicha Ahui,FC Walsall,League Two,875571,"LIGA PJ, LIGA Min",—,,False,FC Walsall,False,7/529/0/1 | 1/63/0/0 | 0/0/0/0 | 0/0/0/0 | 0/0/0/0,8/605/0/1 | 1/63/0/0 | 0/0/0/0 | 0/0/0/0 | 0/0/0/0
2026-27,DEFENSAS,1997,Andrea Gemignani,Picerno,Serie C,287640,"LIGA PJ, LIGA Min, LIGA A/CS",—,,False,Picerno,False,5/405/0/0 | 2/180/0/1 | 0/0/0/0 | 0/0/0/0 | 0/0/0/0,6/495/0/1 | 2/180/0/1 | 0/0/0/0 | 0/0/0/0 | 0/0/0/0
2026-27,DEFENSAS,2002,Aidan Francis-Clarke,Wealdstone,National League,802230,"LIGA PJ, LIGA Min",—,,False,Wealdstone,False,7/445/0/1 | 2/135/0/0 | 0/0/0/0 | 0/0/0/0 | 0/0/0/0,8/535/0/1 | 2/135/0/0 | 0/0/0/0 | 0/0/0/0 | 0/0/0/0
2026-27,DEFENSAS,2025,George Walker,Barrow,National League,751616,"LIGA PJ, LIGA Min",—,,False,Barrow,False,8/546/0/1 | 0/0/0/0 | 0/0/0/0 | 0/0/0/0 | 0/0/0/0,9/613/0/1 | 0/0/0/0 | 0/0/0/0 | 0/0/0/0 | 0/0/0/0
2026-27,DEFENSAS,2026,Edoardo Zaia,Pergolettese,Serie C,985849,"LIGA PJ, LIGA Min",—,,False,Pergolettese,False,6/455/0/1 | 1/90/0/0 | 0/0/0/0 | 0/0/0/0 | 0/0/0/0,7/545/0/1 | 1/90/0/0 | 0/0/0/0 | 0/0/0/0 | 0/0/0/0
2026-27,DEFENSAS,2028,David Grözinger,VfR Aalen,Regionalliga,309398,"LIGA PJ, LIGA Min",—,,False,VfR Aalen,False,7/544/0/1 | 0/0/0/0 | 0/0/0/0 | 0/0/0/0 | 0/0/0/0,8/634/0/1 | 0/0/0/0 | 0/0/0/0 | 0/0/0/0 | 0/0/0/0
2026-27,DEFENSAS,2043,Djessine Seba,Concarneau,Ligue 3,190386,"LIGA PJ, LIGA Min",—,,False,Concarneau,False,6/540/0/1 | 0/0/0/0 | 0/0/0/0 | 0/0/0/0 | 0/0/0/0,7/630/0/1 | 0/0/0/0 | 0/0/0/0 | 0/0/0/0 | 0/0/0/0
2026-27,DEFENSAS,2044,Samuele Regazzetti,Livorno,Serie C,817045,"LIGA PJ, LIGA Min",—,,False,Livorno,False,5/450/0/0 | 1/90/0/1 | 0/0/0/0 | 0/0/0/0 | 0/0/0/0,6/540/0/0 | 1/90/0/1 | 0/0/0/0 | 0/0/0/0 | 0/0/0/0
2026-27,DEFENSAS,2047,Jacob Slater,Tranmere Rovers,League Two,854930,"LIGA PJ, LIGA Min",—,,False,Tranmere Rovers,False,6/445/0/1 | 1/90/0/0 | 0/0/0/0 | 0/0/0/0 | 0/0/0/0,7/535/0/1 | 1/90/0/0 | 0/0/0/0 | 0/0/0/0 | 0/0/0/0
2026-27,DEFENSAS,2055,Lewis Shipley,Boston Utd,National League,734426,"LIGA PJ, LIGA Min",—,,False,Boston Utd,False,6/457/0/1 | 2/72/0/0 | 0/0/0/0 | 0/0/0/0 | 0/0/0/0,7/460/0/1 | 2/72/0/0 | 0/0/0/0 | 0/0/0/0 | 0/0/0/0
2026-27,DEFENSAS,2070,Youssef Gazzaoui,QRM,Ligue 3,805631,"LIGA PJ, LIGA Min, LIGA G/GC",—,,False,QRM,False,7/517/0/1 | 0/0/0/0 | 0/0/0/0 | 0/0/0/0 | 0/0/0/0,8/607/1/1 | 0/0/0/0 | 0/0/0/0 | 0/0/0/0 | 0/0/0/0
2026-27,DEFENSAS,2074,Freddy Colombo,FC Fleury 91,Ligue 3,808841,"LIGA PJ, LIGA Min",—,,False,FC Fleury 91,False,6/514/0/1 | 0/0/0/0 | 0/0/0/0 | 0/0/0/0 | 0/0/0/0,7/604/0/1 | 0/0/0/0 | 0/0/0/0 | 0/0/0/0 | 0/0/0/0
2026-27,DEFENSAS,2076,Louis Stegmiller,W. Burghausen,Regionalliga,1038862,"LIGA PJ, LIGA Min, LIGA A/CS",—,,False,W. Burghausen,False,6/485/0/1 | 1/28/0/0 | 0/0/0/0 | 0/0/0/0 | 0/0/0/0,7/575/0/2 | 1/28/0/0 | 0/0/0/0 | 0/0/0/0 | 0/0/0/0
2026-27,DEFENSAS,2078,Lukas Mazagg,SV Sandhausen,Regionalliga,442308,"LIGA PJ, LIGA Min",—,,False,SV Sandhausen,False,7/511/0/1 | 0/0/0/0 | 0/0/0/0 | 0/0/0/0 | 0/0/0/0,8/601/0/1 | 0/0/0/0 | 0/0/0/0 | 0/0/0/0 | 0/0/0/0
2026-27,DEFENSAS,2086,Connor O'Brien,Accrington,League Two,966649,"LIGA PJ, LIGA Min",—,,False,Accrington,False,4/324/0/1 | 2/180/0/0 | 0/0/0/0 | 0/0/0/0 | 0/0/0/0,5/414/0/1 | 2/180/0/0 | 0/0/0/0 | 0/0/0/0 | 0/0/0/0
2026-27,DEFENSAS,2088,Sylvester Lartey,Novara,Serie C,1305994,"LIGA PJ, LIGA Min",—,,False,Novara,False,6/372/0/1 | 2/131/0/0 | 0/0/0/0 | 0/0/0/0 | 0/0/0/0,7/443/0/1 | 2/131/0/0 | 0/0/0/0 | 0/0/0/0 | 0/0/0/0
2026-27,DEFENSAS,2093,Cameron John,Hartlepool Utd.,National League,425894,"LIGA PJ, LIGA Min",—,,False,Hartlepool Utd.,False,7/493/0/1 | 0/0/0/0 | 0/0/0/0 | 0/0/0/0 | 0/0/0/0,8/526/0/1 | 0/0/0/0 | 0/0/0/0 | 0/0/0/0 | 0/0/0/0
2026-27,DEFENSAS,2100,Tyler Lyttle,Tamworth,National League,380030,"LIGA PJ, LIGA Min",—,,False,Tamworth,False,5/394/0/1 | 1/89/0/0 | 0/0/0/0 | 0/0/0/0 | 0/0/0/0,6/439/0/1 | 1/89/0/0 | 0/0/0/0 | 0/0/0/0 | 0/0/0/0
2026-27,DEFENSAS,2102,Dominik Lindermeir,Unterhaching,Regionalliga,923973,"LIGA PJ, LIGA Min",—,,False,Unterhaching,False,5/300/0/0 | 2/180/0/1 | 0/0/0/0 | 0/0/0/0 | 0/0/0/0,6/385/0/0 | 2/180/0/1 | 0/0/0/0 | 0/0/0/0 | 0/0/0/0
2026-27,DEFENSAS,2111,Aaron Liesche Prieto,Hessen Kassel,Regionalliga,789671,"LIGA PJ, LIGA Min",—,,False,Hessen Kassel,False,6/472/0/1 | 0/0/0/0 | 0/0/0/0 | 0/0/0/0 | 0/0/0/0,7/562/0/1 | 0/0/0/0 | 0/0/0/0 | 0/0/0/0 | 0/0/0/0
2026-27,DEFENSAS,2112,Mason Barrett,Wealdstone,National League,504966,"LIGA PJ, LIGA Min",—,,False,Wealdstone,False,8/470/0/1 | 0/0/0/0 | 0/0/0/0 | 0/0/0/0 | 0/0/0/0,9/560/0/1 | 0/0/0/0 | 0/0/0/0 | 0/0/0/0 | 0/0/0/0
2026-27,DEFENSAS,2138,Tommaso D'Orazio,Pineto,Serie C,331199,"LIGA PJ, LIGA Min",—,,False,Pineto,False,6/432/0/1 | 1/13/0/0 | 0/0/0/0 | 0/0/0/0 | 0/0/0/0,7/522/0/1 | 1/13/0/0 | 0/0/0/0 | 0/0/0/0 | 0/0/0/0
2026-27,DEFENSAS,2145,Jeriel Dorsett,Reading,League One,503989,"SEL PJ, SEL Min",—,,False,Reading,False,2/180/0/1 | 4/251/0/0 | 0/0/0/0 | 0/0/0/0 | 1/90/0/0,2/180/0/1 | 4/251/0/0 | 0/0/0/0 | 0/0/0/0 | 2/180/0/0
2026-27,DEFENSAS,2149,Moritz Frahm,E. Norderstedt,Regionalliga,337086,"LIGA PJ, LIGA Min",—,,False,E. Norderstedt,False,7/329/0/1 | 2/96/0/0 | 0/0/0/0 | 0/0/0/0 | 0/0/0/0,8/419/0/1 | 2/96/0/0 | 0/0/0/0 | 0/0/0/0 | 0/0/0/0
2026-27,DEFENSAS,2153,Reuben Lopata-White,Altrincham,National League,953954,"LIGA PJ, LIGA Min",—,,False,Altrincham,False,8/422/0/1 | 0/0/0/0 | 0/0/0/0 | 0/0/0/0 | 0/0/0/0,9/512/0/1 | 0/0/0/0 | 0/0/0/0 | 0/0/0/0 | 0/0/0/0
2026-27,DEFENSAS,2154,Mark Gevorgyan,1860 München,Regionalliga,692472,"LIGA PJ, LIGA Min",—,,False,1860 München,False,4/233/0/0 | 3/189/0/1 | 0/0/0/0 | 0/0/0/0 | 0/0/0/0,5/315/0/0 | 3/189/0/1 | 0/0/0/0 | 0/0/0/0 | 0/0/0/0
2026-27,DEFENSAS,2156,Hayden Muller,Yeovil Town,National League,746095,"LIGA PJ, LIGA Min",—,,False,Yeovil Town,False,7/418/0/1 | 0/0/0/0 | 0/0/0/0 | 0/0/0/0 | 0/0/0/0,8/508/0/1 | 0/0/0/0 | 0/0/0/0 | 0/0/0/0 | 0/0/0/0
2026-27,DEFENSAS,2161,Eric Anozie,SVA Delmenhorst,Regionalliga,964122,"LIGA PJ, LIGA Min",—,,False,SVA Delmenhorst,False,9/367/0/1 | 1/42/0/0 | 0/0/0/0 | 0/0/0/0 | 0/0/0/0,10/457/0/1 | 1/42/0/0 | 0/0/0/0 | 0/0/0/0 | 0/0/0/0
2026-27,DEFENSAS,2162,Enea Pitti,Grosseto,Serie C,932737,"LIGA PJ, LIGA Min",—,,False,Grosseto,False,5/379/0/1 | 1/30/0/0 | 0/0/0/0 | 0/0/0/0 | 0/0/0/0,6/415/0/1 | 1/30/0/0 | 0/0/0/0 | 0/0/0/0 | 0/0/0/0
2026-27,DEFENSAS,2163,Elias Ndukwe Oke,Greifswalder FC,Regionalliga,815116,"LIGA PJ, LIGA Min",—,,False,Greifswalder FC,False,8/228/0/1 | 2/180/0/0 | 0/0/0/0 | 0/0/0/0 | 0/0/0/0,9/242/0/1 | 2/180/0/0 | 0/0/0/0 | 0/0/0/0 | 0/0/0/0
2026-27,DEFENSAS,2183,Joe Newton,Wealdstone,National League,745157,"LIGA PJ, LIGA Min",—,,False,Wealdstone,False,6/327/0/0 | 1/61/0/1 | 0/0/0/0 | 0/0/0/0 | 0/0/0/0,7/349/0/0 | 1/61/0/1 | 0/0/0/0 | 0/0/0/0 | 0/0/0/0
2026-27,DEFENSAS,2188,Mamadou Jobe,Stockport,League One,911750,"LIGA PJ, LIGA Min",—,,False,Stockport,False,5/292/0/1 | 1/90/0/0 | 0/0/0/0 | 0/0/0/0 | 0/0/0/0,6/299/0/1 | 1/90/0/0 | 0/0/0/0 | 0/0/0/0 | 0/0/0/0
2026-27,DEFENSAS,2192,Morgan Feeney,Carlisle United,National League,399373,"LIGA PJ, LIGA Min",—,,False,Carlisle United,False,6/377/0/1 | 0/0/0/0 | 0/0/0/0 | 0/0/0/0 | 0/0/0/0,7/467/0/1 | 0/0/0/0 | 0/0/0/0 | 0/0/0/0 | 0/0/0/0
2026-27,DEFENSAS,2193,Olly Dyson,Tamworth,National League,642266,"LIGA PJ, LIGA Min",—,,False,Tamworth,False,8/194/0/0 | 2/180/0/1 | 0/0/0/0 | 0/0/0/0 | 0/0/0/0,9/253/0/0 | 2/180/0/1 | 0/0/0/0 | 0/0/0/0 | 0/0/0/0
2026-27,DEFENSAS,2207,Antoine Nuss,Amiens SC,Ligue 3,1029293,"LIGA PJ, LIGA Min",—,,False,Amiens SC,False,7/360/0/1 | 0/0/0/0 | 0/0/0/0 | 0/0/0/0 | 0/0/0/0,8/450/0/1 | 0/0/0/0 | 0/0/0/0 | 0/0/0/0 | 0/0/0/0
2026-27,DEFENSAS,2210,Luca Lechner,W. Burghausen,Regionalliga,924759,"LIGA PJ, LIGA Min",—,,False,W. Burghausen,False,4/357/0/1 | 0/0/0/0 | 0/0/0/0 | 0/0/0/0 | 0/0/0/0,5/447/0/1 | 0/0/0/0 | 0/0/0/0 | 0/0/0/0 | 0/0/0/0
2026-27,DEFENSAS,2212,Tomás Sánchez,Algeciras CF,Primera Federación,270187,"LIGA PJ, LIGA Min",—,,False,Algeciras CF,False,4/355/0/1 | 0/0/0/0 | 0/0/0/0 | 0/0/0/0 | 0/0/0/0,5/445/0/1 | 0/0/0/0 | 0/0/0/0 | 0/0/0/0 | 0/0/0/0
2026-27,DEFENSAS,2213,Christopher Rocchia,Valenciennes FC,Ligue 3,352393,"LIGA PJ, LIGA Min",—,,False,Valenciennes FC,False,4/355/0/1 | 0/0/0/0 | 0/0/0/0 | 0/0/0/0 | 0/0/0/0,5/428/0/1 | 0/0/0/0 | 0/0/0/0 | 0/0/0/0 | 0/0/0/0
2026-27,DEFENSAS,2228,Eudald Vergés,Zamora CF,Primera Federación,523166,"LIGA PJ, LIGA Min",—,,False,Zamora CF,False,4/328/0/1 | 0/0/0/0 | 0/0/0/0 | 0/0/0/0 | 0/0/0/0,5/418/0/1 | 0/0/0/0 | 0/0/0/0 | 0/0/0/0 | 0/0/0/0
2026-27,DEFENSAS,2238,Jakob Zitzelsberger,DJK Vilzing,Regionalliga,381810,"LIGA PJ, LIGA Min",—,,False,DJK Vilzing,False,5/222/0/1 | 1/90/0/0 | 0/0/0/0 | 0/0/0/0 | 0/0/0/0,6/312/0/1 | 1/90/0/0 | 0/0/0/0 | 0/0/0/0 | 0/0/0/0
2026-27,DEFENSAS,2252,Junior Tiensia,Solihull Moors,National League,747561,"LIGA PJ, LIGA Min",—,,False,Solihull Moors,False,3/203/0/0 | 1/90/0/1 | 0/0/0/0 | 0/0/0/0 | 0/0/0/0,4/271/0/0 | 1/90/0/1 | 0/0/0/0 | 0/0/0/0 | 0/0/0/0
2026-27,DEFENSAS,2264,David Astals,UD Ibiza,Primera Federación,727578,"LIGA PJ, LIGA Min",—,,False,UD Ibiza,False,4/270/0/1 | 0/0/0/0 | 0/0/0/0 | 0/0/0/0 | 0/0/0/0,5/360/0/1 | 0/0/0/0 | 0/0/0/0 | 0/0/0/0 | 0/0/0/0
2026-27,DEFENSAS,2267,Luca Kerkemeyer,Rot-Weiß Erfurt,Regionalliga,598279,"LIGA PJ, LIGA Min, LIGA A/CS",—,,False,Rot-Weiß Erfurt,False,1/90/0/0 | 2/180/0/1 | 0/0/0/0 | 0/0/0/0 | 0/0/0/0,2/180/0/1 | 2/180/0/1 | 0/0/0/0 | 0/0/0/0 | 0/0/0/0
2026-27,DEFENSAS,2274,Oier López,CyD Leonesa,Primera Federación,625043,"LIGA PJ, LIGA Min",—,,False,CyD Leonesa,False,4/253/0/1 | 0/0/0/0 | 0/0/0/0 | 0/0/0/0 | 0/0/0/0,5/279/0/1 | 0/0/0/0 | 0/0/0/0 | 0/0/0/0 | 0/0/0/0
2026-27,DEFENSAS,2275,Joseba Muguruza,SD Amorebieta,Segunda Federación,229811,"LIGA PJ, LIGA Min",—,,False,SD Amorebieta,False,3/253/0/1 | 0/0/0/0 | 0/0/0/0 | 0/0/0/0 | 0/0/0/0,4/343/0/1 | 0/0/0/0 | 0/0/0/0 | 0/0/0/0 | 0/0/0/0
2026-27,DEFENSAS,2276,Andy Yiadom,AFC Wimbledon,League One,188256,"LIGA PJ, LIGA Min, LIGA A/CS",—,,False,AFC Wimbledon,False,4/117/0/0 | 2/135/0/1 | 0/0/0/0 | 0/0/0/0 | 0/0/0/0,5/207/0/1 | 2/135/0/1 | 0/0/0/0 | 0/0/0/0 | 0/0/0/0
2026-27,DEFENSAS,2282,Nicolás Olmedo,Manresa,Segunda Federación,1129598,"LIGA PJ, LIGA Min",—,,False,Manresa,False,3/240/0/1 | 0/0/0/0 | 0/0/0/0 | 0/0/0/0 | 0/0/0/0,4/330/0/1 | 0/0/0/0 | 0/0/0/0 | 0/0/0/0 | 0/0/0/0
2026-27,DEFENSAS,2291,Gabe Kircough,Forest Green,National League,1062935,"LIGA PJ, LIGA Min",—,,False,Forest Green,False,4/230/0/1 | 0/0/0/0 | 0/0/0/0 | 0/0/0/0 | 0/0/0/0,5/259/0/1 | 0/0/0/0 | 0/0/0/0 | 0/0/0/0 | 0/0/0/0
2026-27,DEFENSAS,2298,Víctor García,UD Ibiza,Primera Federación,281588,"LIGA PJ, LIGA Min",—,,False,UD Ibiza,False,4/221/0/1 | 0/0/0/0 | 0/0/0/0 | 0/0/0/0 | 0/0/0/0,5/311/0/1 | 0/0/0/0 | 0/0/0/0 | 0/0/0/0 | 0/0/0/0
2026-27,DEFENSAS,2304,Iván Serrano,At. Sanluqueño,Segunda Federación,636359,"LIGA PJ, LIGA Min",—,,False,At. Sanluqueño,False,3/211/0/1 | 0/0/0/0 | 0/0/0/0 | 0/0/0/0 | 0/0/0/0,4/301/0/1 | 0/0/0/0 | 0/0/0/0 | 0/0/0/0 | 0/0/0/0
2026-27,DEFENSAS,2305,Jack Cook,Wealdstone,National League,636885,"LIGA PJ, LIGA Min, LIGA G/GC",—,,False,Wealdstone,False,3/136/0/0 | 1/75/0/1 | 0/0/0/0 | 0/0/0/0 | 0/0/0/0,4/164/1/0 | 1/75/0/1 | 0/0/0/0 | 0/0/0/0 | 0/0/0/0
2026-27,DEFENSAS,2313,Reece Hannam,VfR Aalen,Regionalliga,503241,"LIGA PJ, LIGA Min",—,,False,VfR Aalen,False,4/201/0/1 | 0/0/0/0 | 0/0/0/0 | 0/0/0/0 | 0/0/0/0,5/202/0/1 | 0/0/0/0 | 0/0/0/0 | 0/0/0/0 | 0/0/0/0
2026-27,DEFENSAS,2318,Bilal Cissé,FC Versailles,Ligue 3,890794,"LIGA PJ, LIGA Min",—,,False,FC Versailles,False,3/181/0/1 | 0/0/0/0 | 0/0/0/0 | 0/0/0/0 | 0/0/0/0,4/271/0/1 | 0/0/0/0 | 0/0/0/0 | 0/0/0/0 | 0/0/0/0
2026-27,DEFENSAS,2320,Victor Eimil,CD Guadalajara,Segunda Federación,639387,"LIGA PJ, LIGA Min, LIGA A/CS",—,,False,CD Guadalajara,False,2/180/0/1 | 0/0/0/0 | 0/0/0/0 | 0/0/0/0 | 0/0/0/0,0/0/0/0 | 0/0/0/0 | 0/0/0/0 | 0/0/0/0 | 0/0/0/0
2026-27,DEFENSAS,2324,Emric Goumot,FC Versailles,Ligue 3,1028161,"LIGA PJ, LIGA Min",—,,False,FC Versailles,False,6/176/0/1 | 0/0/0/0 | 0/0/0/0 | 0/0/0/0 | 0/0/0/0,7/249/0/1 | 0/0/0/0 | 0/0/0/0 | 0/0/0/0 | 0/0/0/0
2026-27,DEFENSAS,2349,Mamadouba Diaby,Torremolinos,Primera Federación,490288,"LIGA PJ, LIGA Min",—,,False,Torremolinos,False,3/117/0/1 | 0/0/0/0 | 0/0/0/0 | 0/0/0/0 | 0/0/0/0,4/207/0/1 | 0/0/0/0 | 0/0/0/0 | 0/0/0/0 | 0/0/0/0
2026-27,DEFENSAS,2352,Ekin Celebi,RW Essen,3. Liga,520908,"COPA PJ, COPA Min, COPA G/GC",—,,False,RW Essen,False,1/5/0/0 | 1/104/0/1 | 0/0/0/0 | 0/0/0/0 | 0/0/0/0,1/5/0/0 | 2/194/1/1 | 0/0/0/0 | 0/0/0/0 | 0/0/0/0
2026-27,DEFENSAS,2363,Nicolas Rutkowski,Eltersdorf,Regionalliga,1152968,"LIGA PJ, LIGA Min, LIGA A/CS",—,,False,Eltersdorf,False,4/77/0/1 | 0/0/0/0 | 0/0/0/0 | 0/0/0/0 | 0/0/0/0,5/93/0/2 | 0/0/0/0 | 0/0/0/0 | 0/0/0/0 | 0/0/0/0
2026-27,DEFENSAS,2372,Jorge Galvañ,Hércules CF,Primera Federación,1138481,"LIGA PJ, LIGA Min",—,,False,Hércules CF,False,2/20/0/1 | 0/0/0/0 | 0/0/0/0 | 0/0/0/0 | 0/0/0/0,3/21/0/1 | 0/0/0/0 | 0/0/0/0 | 0/0/0/0 | 0/0/0/0
2026-27,DEFENSAS,2484,Bastian Bösl,VfB Eichstätt,Regionalliga,941475,"LIGA PJ, LIGA Min",—,,False,VfB Eichstätt,False,10/900/0/0 | 3/270/0/0 | 0/0/0/0 | 0/0/0/0 | 0/0/0/0,11/990/0/0 | 3/270/0/0 | 0/0/0/0 | 0/0/0/0 | 0/0/0/0
2026-27,DEFENSAS,2510,David Bauer,TSV Landsberg,Regionalliga,160731,"LIGA PJ, LIGA Min",—,,False,TSV Landsberg,False,9/810/0/0 | 3/270/0/0 | 0/0/0/0 | 0/0/0/0 | 0/0/0/0,10/900/0/0 | 3/270/0/0 | 0/0/0/0 | 0/0/0/0 | 0/0/0/0
2026-27,DEFENSAS,2524,Marius Hauptmann,Hallescher FC,Regionalliga,393337,"LIGA PJ, LIGA Min",—,,False,Hallescher FC,False,10/895/0/0 | 1/120/0/0 | 0/0/0/0 | 0/0/0/0 | 0/0/0/0,11/985/0/0 | 1/120/0/0 | 0/0/0/0 | 0/0/0/0 | 0/0/0/0
2026-27,DEFENSAS,2532,Steffen Behr,TSV Aubstadt,Regionalliga,362072,"LIGA PJ, LIGA Min",—,,False,TSV Aubstadt,False,9/760/0/0 | 4/231/0/0 | 0/0/0/0 | 0/0/0/0 | 0/0/0/0,10/792/0/0 | 4/231/0/0 | 0/0/0/0 | 0/0/0/0 | 0/0/0/0
2026-27,DEFENSAS,2536,Dennis Slamar,Chemnitzer FC,Regionalliga,193358,"LIGA PJ, LIGA Min, LIGA G/GC",—,,False,Chemnitzer FC,False,10/900/0/0 | 1/90/0/0 | 0/0/0/0 | 0/0/0/0 | 0/0/0/0,11/990/1/0 | 1/90/0/0 | 0/0/0/0 | 0/0/0/0 | 0/0/0/0
2026-27,DEFENSAS,2545,Rasmus Fackler-Stamm,Schwaben Augsb.,Regionalliga,446904,"LIGA PJ, LIGA Min",—,,False,Schwaben Augsb.,False,10/708/0/0 | 3/261/0/0 | 0/0/0/0 | 0/0/0/0 | 0/0/0/0,11/798/0/0 | 3/261/0/0 | 0/0/0/0 | 0/0/0/0 | 0/0/0/0
2026-27,DEFENSAS,2546,Kilian Pittrich,TSV Landsberg,Regionalliga,1032934,"LIGA PJ, LIGA Min",—,,False,TSV Landsberg,False,8/609/0/0 | 4/360/0/0 | 0/0/0/0 | 0/0/0/0 | 0/0/0/0,9/699/0/0 | 4/360/0/0 | 0/0/0/0 | 0/0/0/0 | 0/0/0/0
2026-27,DEFENSAS,2548,Nils Butzen,Carl Zeiss Jena,Regionalliga,151105,"LIGA PJ, LIGA Min",—,,False,Carl Zeiss Jena,False,10/880/0/0 | 1/86/0/0 | 0/0/0/0 | 0/0/0/0 | 0/0/0/0,11/966/0/0 | 1/86/0/0 | 0/0/0/0 | 0/0/0/0 | 0/0/0/0
2026-27,DEFENSAS,2550,Max Zeller,FC Memmingen,Regionalliga,381259,"LIGA PJ, LIGA Min",—,,False,FC Memmingen,False,9/781/0/0 | 2/180/0/0 | 0/0/0/0 | 0/0/0/0 | 0/0/0/0,10/871/0/0 | 2/180/0/0 | 0/0/0/0 | 0/0/0/0 | 0/0/0/0
2026-27,DEFENSAS,2553,Felix Schäffner,SpVgg Bayreuth,Regionalliga,1162005,"LIGA PJ, LIGA Min",—,,False,SpVgg Bayreuth,False,9/724/0/0 | 3/225/0/0 | 0/0/0/0 | 0/0/0/0 | 0/0/0/0,10/763/0/0 | 3/225/0/0 | 0/0/0/0 | 0/0/0/0 | 0/0/0/0
2026-27,DEFENSAS,2556,Jayden Moore,Worthing,National League,1122027,"LIGA PJ, LIGA Min",—,,False,Worthing,False,9/810/0/0 | 2/135/0/0 | 0/0/0/0 | 0/0/0/0 | 0/0/0/0,10/900/0/0 | 2/135/0/0 | 0/0/0/0 | 0/0/0/0 | 0/0/0/0
2026-27,DEFENSAS,2559,Gazi Siala,SSV Jeddeloh II,Regionalliga,158058,"LIGA PJ, LIGA Min",—,,False,SSV Jeddeloh II,False,9/765/0/0 | 2/177/0/0 | 0/0/0/0 | 0/0/0/0 | 0/0/0/0,10/855/0/0 | 2/177/0/0 | 0/0/0/0 | 0/0/0/0 | 0/0/0/0
2026-27,DEFENSAS,2562,Chinwike Okoli,Woking,National League,746105,"LIGA PJ, LIGA Min",—,,False,Woking,False,9/805/0/0 | 2/135/0/0 | 0/0/0/0 | 0/0/0/0 | 0/0/0/0,10/895/0/0 | 2/135/0/0 | 0/0/0/0 | 0/0/0/0 | 0/0/0/0
2026-27,DEFENSAS,2565,Samuel Olayisoye,Eimsbütteler TV,Regionalliga,333550,"LIGA PJ, LIGA Min",—,,False,Eimsbütteler TV,False,10/869/0/0 | 1/64/0/0 | 0/0/0/0 | 0/0/0/0 | 0/0/0/0,11/959/0/0 | 1/64/0/0 | 0/0/0/0 | 0/0/0/0 | 0/0/0/0
2026-27,DEFENSAS,2568,Viktor Miftaraj,BFC Dynamo,Regionalliga,611168,"LIGA PJ, LIGA Min",—,,False,BFC Dynamo,False,10/885/0/0 | 1/45/0/0 | 0/0/0/0 | 0/0/0/0 | 0/0/0/0,11/975/0/0 | 1/45/0/0 | 0/0/0/0 | 0/0/0/0 | 0/0/0/0
2026-27,DEFENSAS,2576,Andy Breuer,Unterhaching,Regionalliga,964014,"LIGA PJ, LIGA Min",—,,False,Unterhaching,False,8/654/0/0 | 3/270/0/0 | 0/0/0/0 | 0/0/0/0 | 0/0/0/0,9/744/0/0 | 3/270/0/0 | 0/0/0/0 | 0/0/0/0 | 0/0/0/0
2026-27,DEFENSAS,2594,Steve Seddon,AFC Wimbledon,League One,564049,"LIGA PJ, LIGA Min",—,,False,AFC Wimbledon,False,7/630/0/0 | 3/270/0/0 | 0/0/0/0 | 0/0/0/0 | 0/0/0/0,8/720/0/0 | 3/270/0/0 | 0/0/0/0 | 0/0/0/0 | 0/0/0/0
2026-27,DEFENSAS,2595,Michael Stickland,Aldershot,National League,702287,"LIGA PJ, LIGA Min",—,,False,Aldershot,False,9/810/0/0 | 2/90/0/0 | 0/0/0/0 | 0/0/0/0 | 0/0/0/0,10/900/0/0 | 2/90/0/0 | 0/0/0/0 | 0/0/0/0 | 0/0/0/0
2026-27,DEFENSAS,2597,Alexander Seidel,Greifswalder FC,Regionalliga,686366,"LIGA PJ, LIGA Min",—,,False,Greifswalder FC,False,10/900/0/0 | 0/0/0/0 | 0/0/0/0 | 0/0/0/0 | 0/0/0/0,11/982/0/0 | 0/0/0/0 | 0/0/0/0 | 0/0/0/0 | 0/0/0/0
2026-27,DEFENSAS,2603,Tyrell Warren,Solihull Moors,National League,396163,"LIGA PJ, LIGA Min",—,,False,Solihull Moors,False,9/804/0/0 | 2/90/0/0 | 0/0/0/0 | 0/0/0/0 | 0/0/0/0,10/894/0/0 | 2/90/0/0 | 0/0/0/0 | 0/0/0/0 | 0/0/0/0
2026-27,DEFENSAS,2608,Mehmet Kaya,SF Lotte,Regionalliga,1035767,"LIGA PJ, LIGA Min",—,,False,SF Lotte,False,9/798/0/0 | 1/90/0/0 | 0/0/0/0 | 0/0/0/0 | 0/0/0/0,10/873/0/0 | 1/90/0/0 | 0/0/0/0 | 0/0/0/0 | 0/0/0/0
2026-27,DEFENSAS,2613,Shaun Hobson,Halifax Town,National League,562257,"LIGA PJ, LIGA Min",—,,False,Halifax Town,False,9/773/0/0 | 2/107/0/0 | 0/0/0/0 | 0/0/0/0 | 0/0/0/0,10/863/0/0 | 2/107/0/0 | 0/0/0/0 | 0/0/0/0 | 0/0/0/0
2026-27,DEFENSAS,2617,Raheem Conte,Halifax Town,National League,683858,"LIGA PJ, LIGA Min",—,,False,Halifax Town,False,8/696/0/0 | 2/180/0/0 | 0/0/0/0 | 0/0/0/0 | 0/0/0/0,9/758/0/0 | 2/180/0/0 | 0/0/0/0 | 0/0/0/0 | 0/0/0/0
2026-27,DEFENSAS,2623,Eric Weeger,SpVgg Ansbach,Regionalliga,260735,"LIGA PJ, LIGA Min, LIGA G/GC",—,,False,SpVgg Ansbach,False,8/720/0/0 | 2/150/0/0 | 0/0/0/0 | 0/0/0/0 | 0/0/0/0,9/801/1/0 | 2/150/0/0 | 0/0/0/0 | 0/0/0/0 | 0/0/0/0
2026-27,DEFENSAS,2636,Dimitar Milushev,FSV Schöningen,Regionalliga,607929,"LIGA PJ, LIGA Min",—,,False,FSV Schöningen,False,9/765/0/0 | 1/90/0/0 | 0/0/0/0 | 0/0/0/0 | 0/0/0/0,10/855/0/0 | 1/90/0/0 | 0/0/0/0 | 0/0/0/0 | 0/0/0/0
2026-27,DEFENSAS,2640,Shadrach Ogie,Woking,National League,651955,"LIGA PJ, LIGA Min, LIGA G/GC",—,,False,Woking,False,9/714/0/0 | 2/135/0/0 | 0/0/0/0 | 0/0/0/0 | 0/0/0/0,10/804/1/0 | 2/135/0/0 | 0/0/0/0 | 0/0/0/0 | 0/0/0/0
2026-27,DEFENSAS,2644,Nino Adom-Malaki,Aldershot,National League,967626,"LIGA PJ, LIGA Min",—,,False,Aldershot,False,9/797/0/0 | 1/45/0/0 | 0/0/0/0 | 0/0/0/0 | 0/0/0/0,10/867/0/0 | 1/45/0/0 | 0/0/0/0 | 0/0/0/0 | 0/0/0/0
2026-27,DEFENSAS,2645,Jan Löhmannsröben,Chemnitzer FC,Regionalliga,82452,"LIGA PJ, LIGA Min",—,,False,Chemnitzer FC,False,10/840/0/0 | 0/0/0/0 | 0/0/0/0 | 0/0/0/0 | 0/0/0/0,11/904/0/0 | 0/0/0/0 | 0/0/0/0 | 0/0/0/0 | 0/0/0/0
2026-27,DEFENSAS,2653,Ben Meyer,BFC Preussen,Regionalliga,392719,"LIGA PJ, LIGA Min",—,,False,BFC Preussen,False,8/717/0/0 | 2/115/0/0 | 0/0/0/0 | 0/0/0/0 | 0/0/0/0,9/807/0/0 | 2/115/0/0 | 0/0/0/0 | 0/0/0/0 | 0/0/0/0
2026-27,DEFENSAS,2657,Paul Grauschopf,DJK Vilzing,Regionalliga,297054,"LIGA PJ, LIGA Min",—,,False,DJK Vilzing,False,9/810/0/0 | 1/15/0/0 | 0/0/0/0 | 0/0/0/0 | 0/0/0/0,10/900/0/0 | 1/15/0/0 | 0/0/0/0 | 0/0/0/0 | 0/0/0/0
2026-27,DEFENSAS,2663,Maximilian Holdenrieder,TSV Landsberg,Regionalliga,685826,"LIGA PJ, LIGA Min",—,,False,TSV Landsberg,False,7/576/0/0 | 4/242/0/0 | 0/0/0/0 | 0/0/0/0 | 0/0/0/0,8/652/0/0 | 4/242/0/0 | 0/0/0/0 | 0/0/0/0 | 0/0/0/0
2026-27,DEFENSAS,2665,Philipp Walter,TSV Buchbach,Regionalliga,203838,"LIGA PJ, LIGA Min, LIGA G/GC",—,,False,TSV Buchbach,False,7/514/0/0 | 4/302/0/0 | 0/0/0/0 | 0/0/0/0 | 0/0/0/0,8/604/1/0 | 4/302/0/0 | 0/0/0/0 | 0/0/0/0 | 0/0/0/0
2026-27,DEFENSAS,2678,Andy Smith,Gillingham,League Two,743741,"LIGA PJ, LIGA Min",—,,False,Gillingham,False,7/630/0/0 | 2/180/0/0 | 0/0/0/0 | 0/0/0/0 | 0/0/0/0,8/695/0/0 | 2/180/0/0 | 0/0/0/0 | 0/0/0/0 | 0/0/0/0
2026-27,DEFENSAS,2682,Will Lancaster,Fylde,National League,734354,"LIGA PJ, LIGA Min",—,,False,Fylde,False,9/810/0/0 | 0/0/0/0 | 0/0/0/0 | 0/0/0/0 | 0/0/0/0,10/900/0/0 | 0/0/0/0 | 0/0/0/0 | 0/0/0/0 | 0/0/0/0
2026-27,DEFENSAS,2683,Sam Dreyer,Harrogate Town,National League,776079,"LIGA PJ, LIGA Min",—,,False,Harrogate Town,False,9/810/0/0 | 0/0/0/0 | 0/0/0/0 | 0/0/0/0 | 0/0/0/0,10/900/0/0 | 0/0/0/0 | 0/0/0/0 | 0/0/0/0 | 0/0/0/0
2026-27,DEFENSAS,2684,Lewis Banks,Altrincham,National League,345782,"LIGA PJ, LIGA Min",—,,False,Altrincham,False,9/810/0/0 | 0/0/0/0 | 0/0/0/0 | 0/0/0/0 | 0/0/0/0,10/900/0/0 | 0/0/0/0 | 0/0/0/0 | 0/0/0/0 | 0/0/0/0
2026-27,DEFENSAS,2685,Paul Kalambayi,Barrow,National League,426926,"LIGA PJ, LIGA Min, LIGA A/CS",—,,False,Barrow,False,9/810/0/0 | 0/0/0/0 | 0/0/0/0 | 0/0/0/0 | 0/0/0/0,10/900/0/1 | 0/0/0/0 | 0/0/0/0 | 0/0/0/0 | 0/0/0/0
2026-27,DEFENSAS,2686,Jordan Cullinane-Liburd,Tamworth,National League,527562,"LIGA PJ, LIGA Min",—,,False,Tamworth,False,9/810/0/0 | 0/0/0/0 | 0/0/0/0 | 0/0/0/0 | 0/0/0/0,10/900/0/0 | 0/0/0/0 | 0/0/0/0 | 0/0/0/0 | 0/0/0/0
2026-27,DEFENSAS,2687,Niklas von Aschwege,SSV Jeddeloh II,Regionalliga,443362,"LIGA PJ, LIGA Min",—,,False,SSV Jeddeloh II,False,7/630/0/0 | 2/180/0/0 | 0/0/0/0 | 0/0/0/0 | 0/0/0/0,8/720/0/0 | 2/180/0/0 | 0/0/0/0 | 0/0/0/0 | 0/0/0/0
2026-27,DEFENSAS,2688,Fynn Arkenberg,FC Gütersloh,Regionalliga,235371,"LIGA PJ, LIGA Min",—,,False,FC Gütersloh,False,8/720/0/0 | 1/90/0/0 | 0/0/0/0 | 0/0/0/0 | 0/0/0/0,9/810/0/0 | 1/90/0/0 | 0/0/0/0 | 0/0/0/0 | 0/0/0/0
2026-27,DEFENSAS,2690,Maik Goß,FCA Walldorf,Regionalliga,388369,"LIGA PJ, LIGA Min",—,,False,FCA Walldorf,False,8/675/0/0 | 2/135/0/0 | 0/0/0/0 | 0/0/0/0 | 0/0/0/0,9/697/0/0 | 2/135/0/0 | 0/0/0/0 | 0/0/0/0 | 0/0/0/0
2026-27,DEFENSAS,2691,Daniel Spies,VfB Eichstätt,Regionalliga,1285641,"LIGA PJ, LIGA Min",—,,False,VfB Eichstätt,False,6/540/0/0 | 3/270/0/0 | 0/0/0/0 | 0/0/0/0 | 0/0/0/0,7/630/0/0 | 3/270/0/0 | 0/0/0/0 | 0/0/0/0 | 0/0/0/0
2026-27,DEFENSAS,2708,Reiss McNally,Hartlepool Utd.,National League,707953,"LIGA PJ, LIGA Min",—,,False,Hartlepool Utd.,False,9/798/0/0 | 0/0/0/0 | 0/0/0/0 | 0/0/0/0 | 0/0/0/0,10/888/0/0 | 0/0/0/0 | 0/0/0/0 | 0/0/0/0 | 0/0/0/0
2026-27,DEFENSAS,2714,Mario Kufner,DJK Vilzing,Regionalliga,686350,"LIGA PJ, LIGA Min",—,,False,DJK Vilzing,False,8/720/0/0 | 1/73/0/0 | 0/0/0/0 | 0/0/0/0 | 0/0/0/0,9/810/0/0 | 1/73/0/0 | 0/0/0/0 | 0/0/0/0 | 0/0/0/0
2026-27,DEFENSAS,2715,Marcel Oakley,Barrow,National League,733301,"LIGA PJ, LIGA Min",—,,False,Barrow,False,9/792/0/0 | 0/0/0/0 | 0/0/0/0 | 0/0/0/0 | 0/0/0/0,10/882/0/0 | 0/0/0/0 | 0/0/0/0 | 0/0/0/0 | 0/0/0/0
2026-27,DEFENSAS,2716,Timi Odusina,Woking,National League,424878,"LIGA PJ, LIGA Min",—,,False,Woking,False,8/657/0/0 | 2/135/0/0 | 0/0/0/0 | 0/0/0/0 | 0/0/0/0,9/747/0/0 | 2/135/0/0 | 0/0/0/0 | 0/0/0/0 | 0/0/0/0
2026-27,DEFENSAS,2718,Adrian Hofherr,W. Burghausen,Regionalliga,1115617,"LIGA PJ, LIGA Min",—,,False,W. Burghausen,False,9/604/0/0 | 3/187/0/0 | 0/0/0/0 | 0/0/0/0 | 0/0/0/0,10/649/0/0 | 3/187/0/0 | 0/0/0/0 | 0/0/0/0 | 0/0/0/0
2026-27,DEFENSAS,2722,Corey Whelan,Fylde,National League,308615,"LIGA PJ, LIGA Min",—,,False,Fylde,False,9/784/0/0 | 0/0/0/0 | 0/0/0/0 | 0/0/0/0 | 0/0/0/0,10/874/0/0 | 0/0/0/0 | 0/0/0/0 | 0/0/0/0 | 0/0/0/0
2026-27,DEFENSAS,2731,Maximilian Schütt,VfB Lübeck,Regionalliga,493038,"LIGA PJ, LIGA Min",—,,False,VfB Lübeck,False,9/774/0/0 | 0/0/0/0 | 0/0/0/0 | 0/0/0/0 | 0/0/0/0,10/864/0/0 | 0/0/0/0 | 0/0/0/0 | 0/0/0/0 | 0/0/0/0
2026-27,DEFENSAS,2738,Jack Robinson,Gateshead,National League,533474,"LIGA PJ, LIGA Min",—,,False,Gateshead,False,9/765/0/0 | 0/0/0/0 | 0/0/0/0 | 0/0/0/0 | 0/0/0/0,10/855/0/0 | 0/0/0/0 | 0/0/0/0 | 0/0/0/0 | 0/0/0/0
2026-27,DEFENSAS,2740,Besart Topalloj,Sutton Utd,National League,747562,"LIGA PJ, LIGA Min",—,,False,Sutton Utd,False,7/581/0/0 | 2/180/0/0 | 0/0/0/0 | 0/0/0/0 | 0/0/0/0,8/626/0/0 | 2/180/0/0 | 0/0/0/0 | 0/0/0/0 | 0/0/0/0
2026-27,DEFENSAS,2741,Kim-Bryan Paschek,FC Memmingen,Regionalliga,819293,"LIGA PJ, LIGA Min",—,,False,FC Memmingen,False,9/701/0/0 | 1/60/0/0 | 0/0/0/0 | 0/0/0/0 | 0/0/0/0,10/783/0/0 | 1/60/0/0 | 0/0/0/0 | 0/0/0/0 | 0/0/0/0
2026-27,DEFENSAS,2750,Dawyn-Paul Donner,TSV Steinbach,Regionalliga,817999,"LIGA PJ, LIGA Min",—,,False,TSV Steinbach,False,8/707/0/0 | 1/45/0/0 | 0/0/0/0 | 0/0/0/0 | 0/0/0/0,9/797/0/0 | 1/45/0/0 | 0/0/0/0 | 0/0/0/0 | 0/0/0/0
2026-27,DEFENSAS,2755,Maldini Kacurri,Grimsby Town,League Two,903189,"LIGA PJ, LIGA Min",—,,False,Grimsby Town,False,7/630/0/0 | 2/118/0/0 | 0/0/0/0 | 0/0/0/0 | 0/0/0/0,8/720/0/0 | 2/118/0/0 | 0/0/0/0 | 0/0/0/0 | 0/0/0/0
2026-27,DEFENSAS,2766,Jordan Norville-Williams,Yeovil Town,National League,533918,"LIGA PJ, LIGA Min",—,,False,Yeovil Town,False,9/731/0/0 | 0/0/0/0 | 0/0/0/0 | 0/0/0/0 | 0/0/0/0,10/821/0/0 | 0/0/0/0 | 0/0/0/0 | 0/0/0/0 | 0/0/0/0
2026-27,DEFENSAS,2768,Dan Sweeney,AFC Wimbledon,League One,440112,"LIGA PJ, LIGA Min",—,,False,AFC Wimbledon,False,6/484/0/0 | 3/246/0/0 | 0/0/0/0 | 0/0/0/0 | 0/0/0/0,7/574/0/0 | 3/246/0/0 | 0/0/0/0 | 0/0/0/0 | 0/0/0/0
2026-27,DEFENSAS,2777,Oliver Maric,BFC Preussen,Regionalliga,799138,"LIGA PJ, LIGA Min",—,,False,BFC Preussen,False,10/676/0/0 | 1/45/0/0 | 0/0/0/0 | 0/0/0/0 | 0/0/0/0,11/742/0/0 | 1/45/0/0 | 0/0/0/0 | 0/0/0/0 | 0/0/0/0
2026-27,DEFENSAS,2786,Kyron Gordon,Stockport,League One,746734,"LIGA PJ, LIGA Min",—,,False,Stockport,False,7/630/0/0 | 1/90/0/0 | 0/0/0/0 | 0/0/0/0 | 0/0/0/0,8/720/0/0 | 1/90/0/0 | 0/0/0/0 | 0/0/0/0 | 0/0/0/0
2026-27,DEFENSAS,2793,Jonathan Tomkinson,Cheltenham,League Two,696762,"LIGA PJ, LIGA Min, LIGA A/CS",—,,False,Cheltenham,False,7/630/0/0 | 1/90/0/0 | 0/0/0/0 | 0/0/0/0 | 0/0/0/0,8/720/0/1 | 1/90/0/0 | 0/0/0/0 | 0/0/0/0 | 0/0/0/0
2026-27,DEFENSAS,2794,Cameron McJannet,Grimsby Town,League Two,425715,"LIGA PJ, LIGA Min",—,,False,Grimsby Town,False,7/630/0/0 | 1/90/0/0 | 0/0/0/0 | 0/0/0/0 | 0/0/0/0,8/720/0/0 | 1/90/0/0 | 0/0/0/0 | 0/0/0/0 | 0/0/0/0
2026-27,DEFENSAS,2795,Jack Tucker,Colchester Utd.,League Two,542516,"LIGA PJ, LIGA Min",—,,False,Colchester Utd.,False,7/630/0/0 | 2/90/0/0 | 0/0/0/0 | 0/0/0/0 | 0/0/0/0,8/720/0/0 | 2/90/0/0 | 0/0/0/0 | 0/0/0/0 | 0/0/0/0
2026-27,DEFENSAS,2796,Lee Jenkins,Newport County,League Two,814290,"LIGA PJ, LIGA Min",—,,False,Newport County,False,7/630/0/0 | 1/90/0/0 | 0/0/0/0 | 0/0/0/0 | 0/0/0/0,8/720/0/0 | 1/90/0/0 | 0/0/0/0 | 0/0/0/0 | 0/0/0/0
2026-27,DEFENSAS,2797,Cameron Norman,Newport County,League Two,216901,"LIGA PJ, LIGA Min, LIGA A/CS",—,,False,Newport County,False,7/630/0/0 | 1/90/0/0 | 0/0/0/0 | 0/0/0/0 | 0/0/0/0,8/701/0/1 | 1/90/0/0 | 0/0/0/0 | 0/0/0/0 | 0/0/0/0
2026-27,DEFENSAS,2798,Joe Anderson,Accrington,League Two,511551,"LIGA PJ, LIGA Min",—,,False,Accrington,False,7/630/0/0 | 1/90/0/0 | 0/0/0/0 | 0/0/0/0 | 0/0/0/0,8/720/0/0 | 1/90/0/0 | 0/0/0/0 | 0/0/0/0 | 0/0/0/0
2026-27,DEFENSAS,2802,Phillipp Steinhart,FC 08 Homburg,Regionalliga,82008,"LIGA PJ, LIGA Min",—,,False,FC 08 Homburg,False,8/720/0/0 | 0/0/0/0 | 0/0/0/0 | 0/0/0/0 | 0/0/0/0,9/810/0/0 | 0/0/0/0 | 0/0/0/0 | 0/0/0/0 | 0/0/0/0
2026-27,DEFENSAS,2804,Gabriele Bellodi,Picerno,Serie C,406912,"LIGA PJ, LIGA Min",—,,False,Picerno,False,6/540/0/0 | 2/180/0/0 | 0/0/0/0 | 0/0/0/0 | 0/0/0/0,7/630/0/0 | 2/180/0/0 | 0/0/0/0 | 0/0/0/0 | 0/0/0/0
2026-27,DEFENSAS,2815,Remeao Hutton,Chesterfield,League Two,691064,"LIGA PJ, LIGA Min",—,,False,Chesterfield,False,7/607/0/0 | 2/101/0/0 | 0/0/0/0 | 0/0/0/0 | 0/0/0/0,8/697/0/0 | 2/101/0/0 | 0/0/0/0 | 0/0/0/0 | 0/0/0/0
2026-27,DEFENSAS,2816,Ciaran Brennan,Newport County,League Two,550134,"LIGA PJ, LIGA Min, LIGA A/CS",—,,False,Newport County,False,7/618/0/0 | 1/90/0/0 | 0/0/0/0 | 0/0/0/0 | 0/0/0/0,8/708/0/1 | 1/90/0/0 | 0/0/0/0 | 0/0/0/0 | 0/0/0/0
2026-27,DEFENSAS,2818,Luca Trslic,Stuttg. Kickers,Regionalliga,602795,"LIGA PJ, LIGA Min",—,,False,Stuttg. Kickers,False,8/707/0/0 | 0/0/0/0 | 0/0/0/0 | 0/0/0/0 | 0/0/0/0,9/797/0/0 | 0/0/0/0 | 0/0/0/0 | 0/0/0/0 | 0/0/0/0
2026-27,DEFENSAS,2820,Janek Sternberg,SV Todesfelde,Regionalliga,89542,"LIGA PJ, LIGA Min",—,,False,SV Todesfelde,False,9/704/0/0 | 0/0/0/0 | 0/0/0/0 | 0/0/0/0 | 0/0/0/0,10/794/0/0 | 0/0/0/0 | 0/0/0/0 | 0/0/0/0 | 0/0/0/0
2026-27,DEFENSAS,2821,Elvir Zukaj,Stuttg. Kickers,Regionalliga,620764,"LIGA PJ, LIGA Min",—,,False,Stuttg. Kickers,False,8/704/0/0 | 0/0/0/0 | 0/0/0/0 | 0/0/0/0 | 0/0/0/0,9/794/0/0 | 0/0/0/0 | 0/0/0/0 | 0/0/0/0 | 0/0/0/0
2026-27,DEFENSAS,2822,Aleksandar Bilbija,RSV Eintracht,Regionalliga,335498,"LIGA PJ, LIGA Min",—,,False,RSV Eintracht,False,7/614/0/0 | 1/90/0/0 | 0/0/0/0 | 0/0/0/0 | 0/0/0/0,8/704/0/0 | 1/90/0/0 | 0/0/0/0 | 0/0/0/0 | 0/0/0/0
2026-27,DEFENSAS,2827,Sonny Aljofree,Rotherham,League Two,911431,"LIGA PJ, LIGA Min",—,,False,Rotherham,False,7/612/0/0 | 1/90/0/0 | 0/0/0/0 | 0/0/0/0 | 0/0/0/0,8/702/0/0 | 1/90/0/0 | 0/0/0/0 | 0/0/0/0 | 0/0/0/0
2026-27,DEFENSAS,2841,Joe Rye,Tamworth,National League,1041777,"LIGA PJ, LIGA Min",—,,False,Tamworth,False,8/646/0/0 | 1/45/0/0 | 0/0/0/0 | 0/0/0/0 | 0/0/0/0,9/691/0/0 | 1/45/0/0 | 0/0/0/0 | 0/0/0/0 | 0/0/0/0
2026-27,DEFENSAS,2842,Francesco Toffanin,Cittadella,Serie C,709551,"LIGA PJ, LIGA Min",—,,False,Cittadella,False,6/529/0/0 | 2/160/0/0 | 0/0/0/0 | 0/0/0/0 | 0/0/0/0,7/619/0/0 | 2/160/0/0 | 0/0/0/0 | 0/0/0/0 | 0/0/0/0
2026-27,DEFENSAS,2845,Ryan Galvin,Carlisle United,National League,647382,"LIGA PJ, LIGA Min",—,,False,Carlisle United,False,9/687/0/0 | 0/0/0/0 | 0/0/0/0 | 0/0/0/0 | 0/0/0/0,10/751/0/0 | 0/0/0/0 | 0/0/0/0 | 0/0/0/0 | 0/0/0/0
2026-27,DEFENSAS,2846,Matty Carson,Solihull Moors,National League,802642,"LIGA PJ, LIGA Min",—,,False,Solihull Moors,False,9/506/0/0 | 2/180/0/0 | 0/0/0/0 | 0/0/0/0 | 0/0/0/0,10/596/0/0 | 2/180/0/0 | 0/0/0/0 | 0/0/0/0 | 0/0/0/0
2026-27,DEFENSAS,2851,Richard Faakye,Kidderminster,National League,906426,"LIGA PJ, LIGA Min",—,,False,Kidderminster,False,8/683/0/0 | 0/0/0/0 | 0/0/0/0 | 0/0/0/0 | 0/0/0/0,9/773/0/0 | 0/0/0/0 | 0/0/0/0 | 0/0/0/0 | 0/0/0/0
2026-27,DEFENSAS,2853,Tyron Duah,Hessen Kassel,Regionalliga,806648,"LIGA PJ, LIGA Min",—,,False,Hessen Kassel,False,8/683/0/0 | 0/0/0/0 | 0/0/0/0 | 0/0/0/0 | 0/0/0/0,9/703/0/0 | 0/0/0/0 | 0/0/0/0 | 0/0/0/0 | 0/0/0/0
2026-27,DEFENSAS,2860,Maurice Springfeld,Hessen Kassel,Regionalliga,322894,"LIGA PJ, LIGA Min",—,,False,Hessen Kassel,False,8/677/0/0 | 0/0/0/0 | 0/0/0/0 | 0/0/0/0 | 0/0/0/0,9/767/0/0 | 0/0/0/0 | 0/0/0/0 | 0/0/0/0 | 0/0/0/0
2026-27,DEFENSAS,2863,Gus Scott-Morriss,Oldham Athletic,League Two,922079,"LIGA PJ, LIGA Min",—,,False,Oldham Athletic,False,7/585/0/0 | 1/90/0/0 | 0/0/0/0 | 0/0/0/0 | 0/0/0/0,8/675/0/0 | 1/90/0/0 | 0/0/0/0 | 0/0/0/0 | 0/0/0/0
2026-27,DEFENSAS,2866,Mirko Saltarelli,Vado,Serie C,402335,"LIGA PJ, LIGA Min",—,,False,Vado,False,6/540/0/0 | 2/134/0/0 | 0/0/0/0 | 0/0/0/0 | 0/0/0/0,7/630/0/0 | 2/134/0/0 | 0/0/0/0 | 0/0/0/0 | 0/0/0/0
2026-27,DEFENSAS,2868,James Clarke,Boreham Wood,National League,625407,"LIGA PJ, LIGA Min",—,,False,Boreham Wood,False,8/447/0/0 | 3/225/0/0 | 0/0/0/0 | 0/0/0/0 | 0/0/0/0,9/532/0/0 | 3/225/0/0 | 0/0/0/0 | 0/0/0/0 | 0/0/0/0
2026-27,DEFENSAS,2872,Christian Celesia,Campobasso,Serie C,562287,"LIGA PJ, LIGA Min",—,,False,Campobasso,False,6/488/0/0 | 2/180/0/0 | 0/0/0/0 | 0/0/0/0 | 0/0/0/0,7/578/0/0 | 2/180/0/0 | 0/0/0/0 | 0/0/0/0 | 0/0/0/0
2026-27,DEFENSAS,2874,Marcel Seegert,SSV Ulm 1846,Regionalliga,119572,"LIGA PJ, LIGA Min",—,,False,SSV Ulm 1846,False,8/666/0/0 | 0/0/0/0 | 0/0/0/0 | 0/0/0/0 | 0/0/0/0,9/741/0/0 | 0/0/0/0 | 0/0/0/0 | 0/0/0/0 | 0/0/0/0
2026-27,DEFENSAS,2876,Alexander Kopf,SSV Ulm 1846,Regionalliga,405681,"LIGA PJ, LIGA Min",—,,False,SSV Ulm 1846,False,8/663/0/0 | 0/0/0/0 | 0/0/0/0 | 0/0/0/0 | 0/0/0/0,9/753/0/0 | 0/0/0/0 | 0/0/0/0 | 0/0/0/0 | 0/0/0/0
2026-27,DEFENSAS,2889,Dimitrie Deumi-Nappi,SF Lotte,Regionalliga,793844,"LIGA PJ, LIGA Min",—,,False,SF Lotte,False,8/478/0/0 | 2/180/0/0 | 0/0/0/0 | 0/0/0/0 | 0/0/0/0,9/568/0/0 | 2/180/0/0 | 0/0/0/0 | 0/0/0/0 | 0/0/0/0
2026-27,DEFENSAS,2894,Abdul-Malik Yago,Eimsbütteler TV,Regionalliga,699339,"LIGA PJ, LIGA Min",—,,False,Eimsbütteler TV,False,8/626/0/0 | 1/26/0/0 | 0/0/0/0 | 0/0/0/0 | 0/0/0/0,9/716/0/0 | 1/26/0/0 | 0/0/0/0 | 0/0/0/0 | 0/0/0/0
2026-27,DEFENSAS,2905,Ryan Delaney,Oldham Athletic,League Two,316554,"LIGA PJ, LIGA Min",—,,False,Oldham Athletic,False,6/484/0/0 | 2/162/0/0 | 0/0/0/0 | 0/0/0/0 | 0/0/0/0,7/559/0/0 | 2/162/0/0 | 0/0/0/0 | 0/0/0/0 | 0/0/0/0
2026-27,DEFENSAS,2909,Dario Del Fabro,Picerno,Serie C,110475,"LIGA PJ, LIGA Min",—,,False,Picerno,False,6/463/0/0 | 2/180/0/0 | 0/0/0/0 | 0/0/0/0 | 0/0/0/0,7/553/0/0 | 2/180/0/0 | 0/0/0/0 | 0/0/0/0 | 0/0/0/0
2026-27,DEFENSAS,2973,Udoka Godwin-Malife,Reading,League One,636888,"LIGA PJ, LIGA Min",—,,False,Reading,False,6/540/0/0 | 1/90/0/0 | 0/0/0/0 | 0/0/0/0 | 0/0/0/0,7/630/0/0 | 1/90/0/0 | 0/0/0/0 | 0/0/0/0 | 0/0/0/0
2026-27,DEFENSAS,2975,Kyle McFadzean,Chesterfield,League Two,32526,"LIGA PJ, LIGA Min",—,,False,Chesterfield,False,6/540/0/0 | 1/90/0/0 | 0/0/0/0 | 0/0/0/0 | 0/0/0/0,7/630/0/0 | 1/90/0/0 | 0/0/0/0 | 0/0/0/0 | 0/0/0/0
2026-27,DEFENSAS,2991,Gatien Violleau,VFC La Roche,Ligue 3,1356182,"LIGA PJ, LIGA Min",—,,False,VFC La Roche,False,7/630/0/0 | 0/0/0/0 | 0/0/0/0 | 0/0/0/0 | 0/0/0/0,8/720/0/0 | 0/0/0/0 | 0/0/0/0 | 0/0/0/0 | 0/0/0/0
2026-27,DEFENSAS,2993,Abdourahmane Barry,FC Versailles,Ligue 3,536472,"LIGA PJ, LIGA Min",—,,False,FC Versailles,False,7/630/0/0 | 0/0/0/0 | 0/0/0/0 | 0/0/0/0 | 0/0/0/0,8/720/0/0 | 0/0/0/0 | 0/0/0/0 | 0/0/0/0 | 0/0/0/0
2026-27,DEFENSAS,2994,Loup-Diwan Gueho,Cannes,Ligue 3,956708,"LIGA PJ, LIGA Min",—,,False,Cannes,False,7/630/0/0 | 0/0/0/0 | 0/0/0/0 | 0/0/0/0 | 0/0/0/0,8/720/0/0 | 0/0/0/0 | 0/0/0/0 | 0/0/0/0 | 0/0/0/0
2026-27,DEFENSAS,2995,Samir Bouzar,Thionville Lus.,Ligue 3,637849,"LIGA PJ, LIGA Min",—,,False,Thionville Lus.,False,7/630/0/0 | 0/0/0/0 | 0/0/0/0 | 0/0/0/0 | 0/0/0/0,8/720/0/0 | 0/0/0/0 | 0/0/0/0 | 0/0/0/0 | 0/0/0/0
2026-27,DEFENSAS,2996,Bourama Diarra,Thionville Lus.,Ligue 3,800260,"LIGA PJ, LIGA Min",—,,False,Thionville Lus.,False,7/630/0/0 | 0/0/0/0 | 0/0/0/0 | 0/0/0/0 | 0/0/0/0,8/715/0/0 | 0/0/0/0 | 0/0/0/0 | 0/0/0/0 | 0/0/0/0
2026-27,DEFENSAS,2997,Jordan Poha,Paris 13 Atl.,Ligue 3,731072,"LIGA PJ, LIGA Min",—,,False,Paris 13 Atl.,False,7/630/0/0 | 0/0/0/0 | 0/0/0/0 | 0/0/0/0 | 0/0/0/0,8/720/0/0 | 0/0/0/0 | 0/0/0/0 | 0/0/0/0 | 0/0/0/0
2026-27,DEFENSAS,2998,Ibrahim Koné,Paris 13 Atl.,Ligue 3,808115,"LIGA PJ, LIGA Min",—,,False,Paris 13 Atl.,False,7/630/0/0 | 0/0/0/0 | 0/0/0/0 | 0/0/0/0 | 0/0/0/0,8/720/0/0 | 0/0/0/0 | 0/0/0/0 | 0/0/0/0 | 0/0/0/0
2026-27,DEFENSAS,2999,Vinicius Gomes,Le Puy FC,Ligue 3,813167,"LIGA PJ, LIGA Min",—,,False,Le Puy FC,False,7/630/0/0 | 0/0/0/0 | 0/0/0/0 | 0/0/0/0 | 0/0/0/0,8/720/0/0 | 0/0/0/0 | 0/0/0/0 | 0/0/0/0 | 0/0/0/0
2026-27,DEFENSAS,3000,Virgil Thérésin,QRM,Ligue 3,522790,"LIGA PJ, LIGA Min",—,,False,QRM,False,7/630/0/0 | 0/0/0/0 | 0/0/0/0 | 0/0/0/0 | 0/0/0/0,8/720/0/0 | 0/0/0/0 | 0/0/0/0 | 0/0/0/0 | 0/0/0/0
2026-27,DEFENSAS,3001,Morgan Jean-Pierre,FC Fleury 91,Ligue 3,356481,"SEL PJ, SEL Min",—,,False,FC Fleury 91,False,7/630/0/0 | 0/0/0/0 | 0/0/0/0 | 0/0/0/0 | 0/0/0/0,7/630/0/0 | 0/0/0/0 | 0/0/0/0 | 0/0/0/0 | 1/90/0/0
2026-27,DEFENSAS,3002,Mamadou Sylla,US Orléans,Ligue 3,776892,"LIGA PJ, LIGA Min",—,,False,US Orléans,False,7/630/0/0 | 0/0/0/0 | 0/0/0/0 | 0/0/0/0 | 0/0/0/0,8/720/0/0 | 0/0/0/0 | 0/0/0/0 | 0/0/0/0 | 0/0/0/0
2026-27,DEFENSAS,3004,Noah Dede-Lhomme,Bourg-en-Bresse,Ligue 3,1192894,"LIGA PJ, LIGA Min",—,,False,Bourg-en-Bresse,False,7/630/0/0 | 0/0/0/0 | 0/0/0/0 | 0/0/0/0 | 0/0/0/0,8/720/0/0 | 0/0/0/0 | 0/0/0/0 | 0/0/0/0 | 0/0/0/0
2026-27,DEFENSAS,3005,David Kamm Al-Azzawe,Fortuna Köln,3. Liga,122268,"LIGA PJ, LIGA Min",—,,False,Fortuna Köln,False,6/540/0/0 | 1/90/0/0 | 0/0/0/0 | 0/0/0/0 | 0/0/0/0,7/630/0/0 | 1/90/0/0 | 0/0/0/0 | 0/0/0/0 | 0/0/0/0
2026-27,DEFENSAS,3006,Thomas Geyer,VfR Aalen,Regionalliga,83691,"LIGA PJ, LIGA Min",—,,False,VfR Aalen,False,7/630/0/0 | 0/0/0/0 | 0/0/0/0 | 0/0/0/0 | 0/0/0/0,8/711/0/0 | 0/0/0/0 | 0/0/0/0 | 0/0/0/0 | 0/0/0/0
2026-27,DEFENSAS,3007,Matteo Gualandris,Ospitaletto,Serie C,924308,"LIGA PJ, LIGA Min",—,,False,Ospitaletto,False,6/540/0/0 | 1/90/0/0 | 0/0/0/0 | 0/0/0/0 | 0/0/0/0,7/630/0/0 | 1/90/0/0 | 0/0/0/0 | 0/0/0/0 | 0/0/0/0
2026-27,DEFENSAS,3008,Francesco Benassai,Trento,Serie C,396366,"LIGA PJ, LIGA Min",—,,False,Trento,False,6/540/0/0 | 1/90/0/0 | 0/0/0/0 | 0/0/0/0 | 0/0/0/0,7/630/0/0 | 1/90/0/0 | 0/0/0/0 | 0/0/0/0 | 0/0/0/0
2026-27,DEFENSAS,3010,Jacopo Deratti,Lumezzane,Serie C,889893,"LIGA PJ, LIGA Min",—,,False,Lumezzane,False,6/540/0/0 | 1/90/0/0 | 0/0/0/0 | 0/0/0/0 | 0/0/0/0,7/625/0/0 | 1/90/0/0 | 0/0/0/0 | 0/0/0/0 | 0/0/0/0
2026-27,DEFENSAS,3012,Tommaso Panelli,Desenzano,Serie C,408505,"LIGA PJ, LIGA Min",—,,False,Desenzano,False,6/540/0/0 | 1/90/0/0 | 0/0/0/0 | 0/0/0/0 | 0/0/0/0,7/624/0/0 | 1/90/0/0 | 0/0/0/0 | 0/0/0/0 | 0/0/0/0
2026-27,DEFENSAS,3013,Duccio Brenna,Grosseto,Serie C,452548,"LIGA PJ, LIGA Min",—,,False,Grosseto,False,6/540/0/0 | 1/90/0/0 | 0/0/0/0 | 0/0/0/0 | 0/0/0/0,7/630/0/0 | 1/90/0/0 | 0/0/0/0 | 0/0/0/0 | 0/0/0/0
2026-27,DEFENSAS,3014,Gabriele Berto,Torres,Serie C,567476,"LIGA PJ, LIGA Min",—,,False,Torres,False,6/540/0/0 | 1/90/0/0 | 0/0/0/0 | 0/0/0/0 | 0/0/0/0,7/630/0/0 | 1/90/0/0 | 0/0/0/0 | 0/0/0/0 | 0/0/0/0
2026-27,DEFENSAS,3017,Francesco Chesti,Pianese,Serie C,721228,"LIGA PJ, LIGA Min",—,,False,Pianese,False,6/540/0/0 | 1/90/0/0 | 0/0/0/0 | 0/0/0/0 | 0/0/0/0,7/630/0/0 | 1/90/0/0 | 0/0/0/0 | 0/0/0/0 | 0/0/0/0
2026-27,DEFENSAS,3020,Nicolò Armini,Crotone,Serie C,421775,"LIGA PJ, LIGA Min, LIGA A/CS",—,,False,Crotone,False,6/540/0/0 | 1/90/0/0 | 0/0/0/0 | 0/0/0/0 | 0/0/0/0,7/630/0/1 | 1/90/0/0 | 0/0/0/0 | 0/0/0/0 | 0/0/0/0
2026-27,DEFENSAS,3024,Mattéo Rabuel,VFC La Roche,Ligue 3,948787,"LIGA PJ, LIGA Min",—,,False,VFC La Roche,False,7/629/0/0 | 0/0/0/0 | 0/0/0/0 | 0/0/0/0 | 0/0/0/0,8/719/0/0 | 0/0/0/0 | 0/0/0/0 | 0/0/0/0 | 0/0/0/0
2026-27,DEFENSAS,3035,Michele Casali,Ospitaletto,Serie C,724103,"LIGA PJ, LIGA Min",—,,False,Ospitaletto,False,6/535/0/0 | 1/90/0/0 | 0/0/0/0 | 0/0/0/0 | 0/0/0/0,7/625/0/0 | 1/90/0/0 | 0/0/0/0 | 0/0/0/0 | 0/0/0/0
2026-27,DEFENSAS,3039,Ben Goodliffe,Southend United,National League,454239,"LIGA PJ, LIGA Min",—,,False,Southend United,False,7/624/0/0 | 0/0/0/0 | 0/0/0/0 | 0/0/0/0 | 0/0/0/0,8/714/0/0 | 0/0/0/0 | 0/0/0/0 | 0/0/0/0 | 0/0/0/0
2026-27,DEFENSAS,3040,John Liebelt,BFC Dynamo,Regionalliga,548802,"LIGA PJ, LIGA Min",—,,False,BFC Dynamo,False,10/489/0/0 | 2/135/0/0 | 0/0/0/0 | 0/0/0/0 | 0/0/0/0,11/567/0/0 | 2/135/0/0 | 0/0/0/0 | 0/0/0/0 | 0/0/0/0
2026-27,DEFENSAS,3045,Niccolò Samotti,Caratese,Serie C,704696,"LIGA PJ, LIGA Min",—,,False,Caratese,False,6/532/0/0 | 1/90/0/0 | 0/0/0/0 | 0/0/0/0 | 0/0/0/0,7/606/0/0 | 1/90/0/0 | 0/0/0/0 | 0/0/0/0 | 0/0/0/0
2026-27,DEFENSAS,3051,Mathias Fischer,FC Versailles,Ligue 3,345065,"LIGA PJ, LIGA Min",—,,False,FC Versailles,False,7/620/0/0 | 0/0/0/0 | 0/0/0/0 | 0/0/0/0 | 0/0/0/0,8/710/0/0 | 0/0/0/0 | 0/0/0/0 | 0/0/0/0 | 0/0/0/0
2026-27,DEFENSAS,3053,Nicolò Gigli,Sambenedettese,Serie C,290716,"LIGA PJ, LIGA Min",—,,False,Sambenedettese,False,6/529/0/0 | 1/90/0/0 | 0/0/0/0 | 0/0/0/0 | 0/0/0/0,7/570/0/0 | 1/90/0/0 | 0/0/0/0 | 0/0/0/0 | 0/0/0/0
2026-27,DEFENSAS,3058,Lennart Grimmer,FCA Walldorf,Regionalliga,380002,"LIGA PJ, LIGA Min",—,,False,FCA Walldorf,False,6/527/0/0 | 1/90/0/0 | 0/0/0/0 | 0/0/0/0 | 0/0/0/0,7/603/0/0 | 1/90/0/0 | 0/0/0/0 | 0/0/0/0 | 0/0/0/0
2026-27,DEFENSAS,3077,Kaiden Wilson,AFC Rochdale,League Two,936841,"LIGA PJ, LIGA Min",—,,False,AFC Rochdale,False,7/537/0/0 | 2/72/0/0 | 0/0/0/0 | 0/0/0/0 | 0/0/0/0,8/627/0/0 | 2/72/0/0 | 0/0/0/0 | 0/0/0/0 | 0/0/0/0
2026-27,DEFENSAS,3083,Florian Bohnert,Hansa Rostock,3. Liga,251448,"SEL PJ, SEL Min",—,,False,Hansa Rostock,False,7/540/0/0 | 1/68/0/0 | 0/0/0/0 | 0/0/0/0 | 0/0/0/0,7/540/0/0 | 1/68/0/0 | 0/0/0/0 | 0/0/0/0 | 1/90/0/0
2026-27,DEFENSAS,3085,Nico Fundel,Stuttg. Kickers,Regionalliga,518441,"LIGA PJ, LIGA Min",—,,False,Stuttg. Kickers,False,8/607/0/0 | 0/0/0/0 | 0/0/0/0 | 0/0/0/0 | 0/0/0/0,9/684/0/0 | 0/0/0/0 | 0/0/0/0 | 0/0/0/0 | 0/0/0/0
2026-27,DEFENSAS,3086,Mattia Parlato,Desenzano,Serie C,900460,"LIGA PJ, LIGA Min",—,,False,Desenzano,False,6/517/0/0 | 1/90/0/0 | 0/0/0/0 | 0/0/0/0 | 0/0/0/0,7/607/0/0 | 1/90/0/0 | 0/0/0/0 | 0/0/0/0 | 0/0/0/0
2026-27,DEFENSAS,3095,Nathan Smith,Tranmere Rovers,League Two,321416,"LIGA PJ, LIGA Min",—,,False,Tranmere Rovers,False,7/514/0/0 | 1/90/0/0 | 0/0/0/0 | 0/0/0/0 | 0/0/0/0,8/604/0/0 | 1/90/0/0 | 0/0/0/0 | 0/0/0/0 | 0/0/0/0
2026-27,DEFENSAS,3099,Mark Kitching,York City,League Two,295639,"LIGA PJ, LIGA Min",—,,False,York City,False,7/603/0/0 | 0/0/0/0 | 0/0/0/0 | 0/0/0/0 | 0/0/0/0,8/693/0/0 | 0/0/0/0 | 0/0/0/0 | 0/0/0/0 | 0/0/0/0
2026-27,DEFENSAS,3106,Boris Moltenis,FC Villefranche,Ligue 3,594109,"SEL PJ, SEL Min",—,,False,FC Villefranche,False,7/601/0/0 | 0/0/0/0 | 0/0/0/0 | 0/0/0/0 | 0/0/0/0,7/601/0/0 | 0/0/0/0 | 0/0/0/0 | 0/0/0/0 | 1/90/0/0
2026-27,DEFENSAS,3111,Kajetan Herrmann,RSV Eintracht,Regionalliga,1561142,"LIGA PJ, LIGA Min",—,,False,RSV Eintracht,False,9/566/0/0 | 2/32/0/0 | 0/0/0/0 | 0/0/0/0 | 0/0/0/0,10/582/0/0 | 2/32/0/0 | 0/0/0/0 | 0/0/0/0 | 0/0/0/0
2026-27,DEFENSAS,3127,Federico Papini,Campobasso,Serie C,535031,"LIGA PJ, LIGA Min, LIGA G/GC",—,,False,Campobasso,False,5/412/0/0 | 2/180/0/0 | 0/0/0/0 | 0/0/0/0 | 0/0/0/0,6/502/1/0 | 2/180/0/0 | 0/0/0/0 | 0/0/0/0 | 0/0/0/0
2026-27,DEFENSAS,3132,Manuel Stiefler,Unterhaching,Regionalliga,56684,"LIGA PJ, LIGA Min, LIGA G/GC",—,,False,Unterhaching,False,6/462/0/0 | 2/127/0/0 | 0/0/0/0 | 0/0/0/0 | 0/0/0/0,7/552/1/0 | 2/127/0/0 | 0/0/0/0 | 0/0/0/0 | 0/0/0/0
2026-27,DEFENSAS,3139,Dane Kummerfeld,E. Norderstedt,Regionalliga,94006,"LIGA PJ, LIGA Min",—,,False,E. Norderstedt,False,7/450/0/0 | 2/135/0/0 | 0/0/0/0 | 0/0/0/0 | 0/0/0/0,8/540/0/0 | 2/135/0/0 | 0/0/0/0 | 0/0/0/0 | 0/0/0/0
2026-27,DEFENSAS,3141,Domenico Frare,Pineto,Serie C,287639,"LIGA PJ, LIGA Min",—,,False,Pineto,False,6/495/0/0 | 1/90/0/0 | 0/0/0/0 | 0/0/0/0 | 0/0/0/0,7/585/0/0 | 1/90/0/0 | 0/0/0/0 | 0/0/0/0 | 0/0/0/0
2026-27,DEFENSAS,3149,Justin Faltyn,SF Lotte,Regionalliga,930021,"LIGA PJ, LIGA Min",—,,False,SF Lotte,False,6/480/0/0 | 2/99/0/0 | 0/0/0/0 | 0/0/0/0 | 0/0/0/0,7/570/0/0 | 2/99/0/0 | 0/0/0/0 | 0/0/0/0 | 0/0/0/0
2026-27,DEFENSAS,3155,Juan Rodríguez,Coruxo FC,Segunda Federación,568152,"LIGA PJ, LIGA Min, COPA PJ, COPA Min",—,,False,Coruxo FC,False,5/395/0/0 | 2/180/0/0 | 0/0/0/0 | 0/0/0/0 | 0/0/0/0,3/270/0/0 | 0/0/0/0 | 0/0/0/0 | 0/0/0/0 | 0/0/0/0
2026-27,DEFENSAS,3156,Juan Rodríguez,Marbella ,Segunda Federación,275028,"LIGA PJ, LIGA Min, COPA PJ, COPA Min",—,,False,Marbella ,False,5/395/0/0 | 2/180/0/0 | 0/0/0/0 | 0/0/0/0 | 0/0/0/0,2/138/0/0 | 0/0/0/0 | 0/0/0/0 | 0/0/0/0 | 0/0/0/0
2026-27,DEFENSAS,3162,Sébastien Corchia,Cannes,Ligue 3,102744,"LIGA PJ, LIGA Min",—,,False,Cannes,False,7/571/0/0 | 0/0/0/0 | 0/0/0/0 | 0/0/0/0 | 0/0/0/0,8/661/0/0 | 0/0/0/0 | 0/0/0/0 | 0/0/0/0 | 0/0/0/0
2026-27,DEFENSAS,3173,Pepelu,Puente Genil FC,Segunda Federación,1575442,"LIGA PJ, LIGA Min",—,,False,Puente Genil FC,False,7/568/0/0 | 0/0/0/0 | 0/0/0/0 | 0/0/0/0 | 0/0/0/0,3/180/0/0 | 0/0/0/0 | 0/0/0/0 | 0/0/0/0 | 0/0/0/0
2026-27,DEFENSAS,3175,Simone Ienco,Pineto,Serie C,895562,"LIGA PJ, LIGA Min",—,,False,Pineto,False,6/477/0/0 | 1/90/0/0 | 0/0/0/0 | 0/0/0/0 | 0/0/0/0,7/522/0/0 | 1/90/0/0 | 0/0/0/0 | 0/0/0/0 | 0/0/0/0
2026-27,DEFENSAS,3187,Ben Crompton,Kidderminster,National League,1036455,"LIGA PJ, LIGA Min",—,,False,Kidderminster,False,9/562/0/0 | 0/0/0/0 | 0/0/0/0 | 0/0/0/0 | 0/0/0/0,10/652/0/0 | 0/0/0/0 | 0/0/0/0 | 0/0/0/0 | 0/0/0/0
2026-27,DEFENSAS,3188,Jake Cooper,Altrincham,National League,643162,"LIGA PJ, LIGA Min",—,,False,Altrincham,False,9/562/0/0 | 0/0/0/0 | 0/0/0/0 | 0/0/0/0 | 0/0/0/0,10/565/0/0 | 0/0/0/0 | 0/0/0/0 | 0/0/0/0 | 0/0/0/0
2026-27,DEFENSAS,3190,Andrea Gasbarro,Cerignola,Serie C,220978,"LIGA PJ, LIGA Min",—,,False,Cerignola,False,6/535/0/0 | 1/27/0/0 | 0/0/0/0 | 0/0/0/0 | 0/0/0/0,7/625/0/0 | 1/27/0/0 | 0/0/0/0 | 0/0/0/0 | 0/0/0/0
2026-27,DEFENSAS,3191,Tristan Eschweiler,Schwaben Augsb.,Regionalliga,1531498,"LIGA PJ, LIGA Min",—,,False,Schwaben Augsb.,False,5/381/0/0 | 2/180/0/0 | 0/0/0/0 | 0/0/0/0 | 0/0/0/0,6/471/0/0 | 2/180/0/0 | 0/0/0/0 | 0/0/0/0 | 0/0/0/0
2026-27,DEFENSAS,3197,Jannis Held,Eintracht Trier,Regionalliga,443858,"LIGA PJ, LIGA Min",—,,False,Eintracht Trier,False,7/469/0/0 | 1/90/0/0 | 0/0/0/0 | 0/0/0/0 | 0/0/0/0,8/559/0/0 | 1/90/0/0 | 0/0/0/0 | 0/0/0/0 | 0/0/0/0
2026-27,DEFENSAS,3219,Kennedy Digie,Barrow,National League,363609,"LIGA PJ, LIGA Min",—,,False,Barrow,False,8/550/0/0 | 0/0/0/0 | 0/0/0/0 | 0/0/0/0 | 0/0/0/0,9/640/0/0 | 0/0/0/0 | 0/0/0/0 | 0/0/0/0 | 0/0/0/0
2026-27,DEFENSAS,3221,Joe Starbuck,Scunthorpe Utd.,National League,727228,"LIGA PJ, LIGA Min",—,,False,Scunthorpe Utd.,False,6/368/0/0 | 2/180/0/0 | 0/0/0/0 | 0/0/0/0 | 0/0/0/0,7/458/0/0 | 2/180/0/0 | 0/0/0/0 | 0/0/0/0 | 0/0/0/0
2026-27,DEFENSAS,3222,Mathéo Guiheneuf,US Orléans,Ligue 3,1309124,"LIGA PJ, LIGA Min",—,,False,US Orléans,False,7/547/0/0 | 0/0/0/0 | 0/0/0/0 | 0/0/0/0 | 0/0/0/0,8/622/0/0 | 0/0/0/0 | 0/0/0/0 | 0/0/0/0 | 0/0/0/0
2026-27,DEFENSAS,3230,Kevin Hillmann,SG Barockstadt,Regionalliga,94948,"LIGA PJ, LIGA Min",—,,False,SG Barockstadt,False,8/544/0/0 | 0/0/0/0 | 0/0/0/0 | 0/0/0/0 | 0/0/0/0,9/634/0/0 | 0/0/0/0 | 0/0/0/0 | 0/0/0/0 | 0/0/0/0
2026-27,DEFENSAS,3231,Lucas Beetz,SpVgg Ansbach,Regionalliga,924030,"LIGA PJ, LIGA Min",—,,False,SpVgg Ansbach,False,7/498/0/0 | 1/45/0/0 | 0/0/0/0 | 0/0/0/0 | 0/0/0/0,8/588/0/0 | 1/45/0/0 | 0/0/0/0 | 0/0/0/0 | 0/0/0/0
2026-27,DEFENSAS,3233,Tobi Adebayo-Rowling,AFC Rochdale,League Two,369555,"LIGA PJ, LIGA Min",—,,False,AFC Rochdale,False,5/299/0/0 | 3/243/0/0 | 0/0/0/0 | 0/0/0/0 | 0/0/0/0,6/368/0/0 | 3/243/0/0 | 0/0/0/0 | 0/0/0/0 | 0/0/0/0
2026-27,DEFENSAS,3293,José Antonio Caro,CD Estepona FS,Segunda Federación,254039,"LIGA PJ, LIGA Min",—,,False,CD Estepona FS,False,6/540/0/0 | 0/0/0/0 | 0/0/0/0 | 0/0/0/0 | 0/0/0/0,3/270/0/0 | 0/0/0/0 | 0/0/0/0 | 0/0/0/0 | 0/0/0/0
2026-27,DEFENSAS,3295,Josh Feeney,Peterborough,League One,875929,"LIGA PJ, LIGA Min",—,,False,Peterborough,False,4/360/0/0 | 2/180/0/0 | 0/0/0/0 | 0/0/0/0 | 0/0/0/0,5/450/0/0 | 2/180/0/0 | 0/0/0/0 | 0/0/0/0 | 0/0/0/0
2026-27,DEFENSAS,3299,Semi Belkahia,TSV Havelse,3. Liga,315334,"LIGA PJ, LIGA Min",—,,False,TSV Havelse,False,6/540/0/0 | 0/0/0/0 | 0/0/0/0 | 0/0/0/0 | 0/0/0/0,7/624/0/0 | 0/0/0/0 | 0/0/0/0 | 0/0/0/0 | 0/0/0/0
2026-27,DEFENSAS,3300,Dennis Duah,TSV Havelse,3. Liga,607368,"LIGA PJ, LIGA Min",—,,False,TSV Havelse,False,6/540/0/0 | 0/0/0/0 | 0/0/0/0 | 0/0/0/0 | 0/0/0/0,7/630/0/0 | 0/0/0/0 | 0/0/0/0 | 0/0/0/0 | 0/0/0/0
2026-27,DEFENSAS,3302,Felix Rehder,Tasmania Berlin,Regionalliga,601682,"LIGA PJ, LIGA Min",—,,False,Tasmania Berlin,False,4/360/0/0 | 2/180/0/0 | 0/0/0/0 | 0/0/0/0 | 0/0/0/0,5/450/0/0 | 2/180/0/0 | 0/0/0/0 | 0/0/0/0 | 0/0/0/0
2026-27,DEFENSAS,3305,Nicolò Antonelli,Torres,Serie C,127763,"LIGA PJ, LIGA Min",—,,False,Torres,False,6/540/0/0 | 0/0/0/0 | 0/0/0/0 | 0/0/0/0 | 0/0/0/0,7/630/0/0 | 0/0/0/0 | 0/0/0/0 | 0/0/0/0 | 0/0/0/0
2026-27,DEFENSAS,3308,Francesco Cozzoli,Savoia,Serie C,937567,"LIGA PJ, LIGA Min",—,,False,Savoia,False,4/360/0/0 | 2/180/0/0 | 0/0/0/0 | 0/0/0/0 | 0/0/0/0,5/448/0/0 | 2/180/0/0 | 0/0/0/0 | 0/0/0/0 | 0/0/0/0
2026-27,DEFENSAS,3309,Alessandro Dalmazzi,Cosenza,Serie C,171898,"LIGA PJ, LIGA Min",—,,False,Cosenza,False,6/540/0/0 | 0/0/0/0 | 0/0/0/0 | 0/0/0/0 | 0/0/0/0,7/630/0/0 | 0/0/0/0 | 0/0/0/0 | 0/0/0/0 | 0/0/0/0
2026-27,DEFENSAS,3312,Bruno Martella,Cittadella,Serie C,164108,"LIGA PJ, LIGA Min",—,,False,Cittadella,False,5/449/0/0 | 1/90/0/0 | 0/0/0/0 | 0/0/0/0 | 0/0/0/0,6/539/0/0 | 1/90/0/0 | 0/0/0/0 | 0/0/0/0 | 0/0/0/0
2026-27,DEFENSAS,3337,Alexander Dikarev,BFC Preussen,Regionalliga,1037758,"LIGA PJ, LIGA Min",—,,False,BFC Preussen,False,8/487/0/0 | 1/45/0/0 | 0/0/0/0 | 0/0/0/0 | 0/0/0/0,9/511/0/0 | 1/45/0/0 | 0/0/0/0 | 0/0/0/0 | 0/0/0/0
2026-27,DEFENSAS,3347,Frederik Rahn,Eintracht Trier,Regionalliga,1137572,"LIGA PJ, LIGA Min, LIGA A/CS",—,,False,Eintracht Trier,False,8/350/0/0 | 2/180/0/0 | 0/0/0/0 | 0/0/0/0 | 0/0/0/0,9/440/0/1 | 2/180/0/0 | 0/0/0/0 | 0/0/0/0 | 0/0/0/0
2026-27,DEFENSAS,3348,Vincent Moreno Giesel,VfR Mannheim,Regionalliga,696823,"LIGA PJ, LIGA Min",—,,False,VfR Mannheim,False,6/468/0/0 | 1/62/0/0 | 0/0/0/0 | 0/0/0/0 | 0/0/0/0,7/558/0/0 | 1/62/0/0 | 0/0/0/0 | 0/0/0/0 | 0/0/0/0
2026-27,DEFENSAS,3354,Alessandro Bassino,Caratese,Serie C,1056171,"LIGA PJ, LIGA Min",—,,False,Caratese,False,5/438/0/0 | 1/90/0/0 | 0/0/0/0 | 0/0/0/0 | 0/0/0/0,6/454/0/0 | 1/90/0/0 | 0/0/0/0 | 0/0/0/0 | 0/0/0/0
2026-27,DEFENSAS,3369,Gregorio Tanco,Crotone,Serie C,872170,"LIGA PJ, LIGA Min",—,,False,Crotone,False,6/523/0/0 | 0/0/0/0 | 0/0/0/0 | 0/0/0/0 | 0/0/0/0,7/613/0/0 | 0/0/0/0 | 0/0/0/0 | 0/0/0/0 | 0/0/0/0
2026-27,DEFENSAS,3377,Keny Mbala,Amiens SC,Ligue 3,894580,"LIGA PJ, LIGA Min",—,,False,Amiens SC,False,6/520/0/0 | 0/0/0/0 | 0/0/0/0 | 0/0/0/0 | 0/0/0/0,7/610/0/0 | 0/0/0/0 | 0/0/0/0 | 0/0/0/0 | 0/0/0/0
2026-27,DEFENSAS,3378,Enzo-Noël Dodé,Paris 13 Atl.,Ligue 3,1173602,"LIGA PJ, LIGA Min",—,,False,Paris 13 Atl.,False,6/520/0/0 | 0/0/0/0 | 0/0/0/0 | 0/0/0/0 | 0/0/0/0,7/610/0/0 | 0/0/0/0 | 0/0/0/0 | 0/0/0/0 | 0/0/0/0
2026-27,DEFENSAS,3389,Cristian Dell'Orco,Pergolettese,Serie C,240244,"LIGA PJ, LIGA Min",—,,False,Pergolettese,False,5/450/0/0 | 1/67/0/0 | 0/0/0/0 | 0/0/0/0 | 0/0/0/0,6/540/0/0 | 1/67/0/0 | 0/0/0/0 | 0/0/0/0 | 0/0/0/0
2026-27,DEFENSAS,3409,Carl Johnston,Peterborough,League One,515548,"LIGA PJ, LIGA Min",—,,False,Peterborough,False,4/340/0/0 | 3/171/0/0 | 0/0/0/0 | 0/0/0/0 | 0/0/0/0,5/430/0/0 | 3/171/0/0 | 0/0/0/0 | 0/0/0/0 | 0/0/0/0
2026-27,DEFENSAS,3410,David Kammerbauer,Heilbronn-Frei.,Regionalliga,246053,"LIGA PJ, LIGA Min",—,,False,Heilbronn-Frei.,False,7/511/0/0 | 0/0/0/0 | 0/0/0/0 | 0/0/0/0 | 0/0/0/0,8/601/0/0 | 0/0/0/0 | 0/0/0/0 | 0/0/0/0 | 0/0/0/0
2026-27,DEFENSAS,3418,Rayan Oyebade,Southend United,National League,985538,"LIGA PJ, LIGA Min",—,,False,Southend United,False,7/508/0/0 | 0/0/0/0 | 0/0/0/0 | 0/0/0/0 | 0/0/0/0,8/598/0/0 | 0/0/0/0 | 0/0/0/0 | 0/0/0/0 | 0/0/0/0
2026-27,DEFENSAS,3419,Harry Ransom,Worthing,National League,820702,"LIGA PJ, LIGA Min",—,,False,Worthing,False,7/328/0/0 | 2/180/0/0 | 0/0/0/0 | 0/0/0/0 | 0/0/0/0,8/332/0/0 | 2/180/0/0 | 0/0/0/0 | 0/0/0/0 | 0/0/0/0
2026-27,DEFENSAS,3421,Jakob Lewald,K. Offenbach,Regionalliga,287220,"LIGA PJ, LIGA Min",—,,False,K. Offenbach,False,7/492/0/0 | 1/15/0/0 | 0/0/0/0 | 0/0/0/0 | 0/0/0/0,8/537/0/0 | 1/15/0/0 | 0/0/0/0 | 0/0/0/0 | 0/0/0/0
2026-27,DEFENSAS,3431,Mathis Hamdi,QRM,Ligue 3,982864,"LIGA PJ, LIGA Min",—,,False,QRM,False,7/502/0/0 | 0/0/0/0 | 0/0/0/0 | 0/0/0/0 | 0/0/0/0,8/592/0/0 | 0/0/0/0 | 0/0/0/0 | 0/0/0/0 | 0/0/0/0
2026-27,DEFENSAS,3450,Mathias Ross,Plymouth Argyle,League One,545331,"LIGA PJ, LIGA Min",—,,False,Plymouth Argyle,False,5/239/0/0 | 3/257/0/0 | 0/0/0/0 | 0/0/0/0 | 0/0/0/0,6/255/0/0 | 3/257/0/0 | 0/0/0/0 | 0/0/0/0 | 0/0/0/0
2026-27,DEFENSAS,3458,Joe Cook,Worthing,National League,1070812,"LIGA PJ, LIGA Min, LIGA G/GC",—,,False,Worthing,False,5/450/0/0 | 1/45/0/0 | 0/0/0/0 | 0/0/0/0 | 0/0/0/0,6/540/1/0 | 1/45/0/0 | 0/0/0/0 | 0/0/0/0 | 0/0/0/0
2026-27,DEFENSAS,3462,Enrico Rovinelli,Giana Erminio,Serie C,1034123,"LIGA PJ, LIGA Min",—,,False,Giana Erminio,False,5/405/0/0 | 1/90/0/0 | 0/0/0/0 | 0/0/0/0 | 0/0/0/0,6/495/0/0 | 1/90/0/0 | 0/0/0/0 | 0/0/0/0 | 0/0/0/0
2026-27,DEFENSAS,3463,Armando Anastasio,Salernitana,Serie C,286275,"LIGA PJ, LIGA Min",—,,False,Salernitana,False,6/450/0/0 | 1/45/0/0 | 0/0/0/0 | 0/0/0/0 | 0/0/0/0,7/495/0/0 | 1/45/0/0 | 0/0/0/0 | 0/0/0/0 | 0/0/0/0
2026-27,DEFENSAS,3468,Ryan Fallowfield,York City,League Two,450736,"LIGA PJ, LIGA Min",—,,False,York City,False,6/494/0/0 | 0/0/0/0 | 0/0/0/0 | 0/0/0/0 | 0/0/0/0,7/584/0/0 | 0/0/0/0 | 0/0/0/0 | 0/0/0/0 | 0/0/0/0
2026-27,DEFENSAS,3469,Korbinian Stütz,Eltersdorf,Regionalliga,897058,"LIGA PJ, LIGA Min",—,,False,Eltersdorf,False,7/494/0/0 | 0/0/0/0 | 0/0/0/0 | 0/0/0/0 | 0/0/0/0,8/539/0/0 | 0/0/0/0 | 0/0/0/0 | 0/0/0/0 | 0/0/0/0
2026-27,DEFENSAS,3472,Matthew Sorinola,Plymouth Argyle,League One,690478,"LIGA PJ, LIGA Min",—,,False,Plymouth Argyle,False,5/323/0/0 | 3/170/0/0 | 0/0/0/0 | 0/0/0/0 | 0/0/0/0,6/382/0/0 | 3/170/0/0 | 0/0/0/0 | 0/0/0/0 | 0/0/0/0
2026-27,DEFENSAS,3476,Jay Benn,Hartlepool Utd.,National League,820704,"LIGA PJ, LIGA Min",—,,False,Hartlepool Utd.,False,7/492/0/0 | 0/0/0/0 | 0/0/0/0 | 0/0/0/0 | 0/0/0/0,8/549/0/0 | 0/0/0/0 | 0/0/0/0 | 0/0/0/0 | 0/0/0/0
2026-27,DEFENSAS,3485,Freddie Sass,Forest Green,National League,1164656,"LIGA PJ, LIGA Min",—,,False,Forest Green,False,6/478/0/0 | 1/11/0/0 | 0/0/0/0 | 0/0/0/0 | 0/0/0/0,7/530/0/0 | 1/11/0/0 | 0/0/0/0 | 0/0/0/0 | 0/0/0/0
2026-27,DEFENSAS,3493,Sam Sherring,AFC Rochdale,League Two,820970,"LIGA PJ, LIGA Min",—,,False,AFC Rochdale,False,3/270/0/0 | 3/217/0/0 | 0/0/0/0 | 0/0/0/0 | 0/0/0/0,4/272/0/0 | 3/217/0/0 | 0/0/0/0 | 0/0/0/0 | 0/0/0/0
2026-27,DEFENSAS,3503,Tyler Denton,Scunthorpe Utd.,National League,452809,"LIGA PJ, LIGA Min",—,,False,Scunthorpe Utd.,False,6/454/0/0 | 1/29/0/0 | 0/0/0/0 | 0/0/0/0 | 0/0/0/0,7/498/0/0 | 1/29/0/0 | 0/0/0/0 | 0/0/0/0 | 0/0/0/0
2026-27,DEFENSAS,3506,Marco Pagliari,Pro Vercelli,Serie C,1051112,"LIGA PJ, LIGA Min",—,,False,Pro Vercelli,False,6/393/0/0 | 1/90/0/0 | 0/0/0/0 | 0/0/0/0 | 0/0/0/0,7/479/0/0 | 1/90/0/0 | 0/0/0/0 | 0/0/0/0 | 0/0/0/0
2026-27,DEFENSAS,3528,Angus MacDonald,Kidderminster,National League,192364,"LIGA PJ, LIGA Min",—,,False,Kidderminster,False,6/477/0/0 | 0/0/0/0 | 0/0/0/0 | 0/0/0/0 | 0/0/0/0,7/567/0/0 | 0/0/0/0 | 0/0/0/0 | 0/0/0/0 | 0/0/0/0
2026-27,DEFENSAS,3534,Youssouf Kanouté,Bourg-en-Bresse,Ligue 3,939954,"LIGA PJ, LIGA Min",—,,False,Bourg-en-Bresse,False,7/476/0/0 | 0/0/0/0 | 0/0/0/0 | 0/0/0/0 | 0/0/0/0,8/485/0/0 | 0/0/0/0 | 0/0/0/0 | 0/0/0/0 | 0/0/0/0
2026-27,DEFENSAS,3539,Derrick Abu,Valenciennes FC,Ligue 3,741237,"LIGA PJ, LIGA Min, LIGA A/CS",—,,False,Valenciennes FC,False,7/473/0/0 | 0/0/0/0 | 0/0/0/0 | 0/0/0/0 | 0/0/0/0,8/563/0/1 | 0/0/0/0 | 0/0/0/0 | 0/0/0/0 | 0/0/0/0
2026-27,DEFENSAS,3551,Jevon Mills,Solihull Moors,National League,944228,"LIGA PJ, LIGA Min",—,,False,Solihull Moors,False,6/469/0/0 | 0/0/0/0 | 0/0/0/0 | 0/0/0/0 | 0/0/0/0,7/559/0/0 | 0/0/0/0 | 0/0/0/0 | 0/0/0/0 | 0/0/0/0
2026-27,DEFENSAS,3554,Thomas Allemand,VFC La Roche,Ligue 3,525129,"LIGA PJ, LIGA Min",—,,False,VFC La Roche,False,6/467/0/0 | 0/0/0/0 | 0/0/0/0 | 0/0/0/0 | 0/0/0/0,7/557/0/0 | 0/0/0/0 | 0/0/0/0 | 0/0/0/0 | 0/0/0/0
2026-27,DEFENSAS,3555,Grégory Coelho,Bourg-en-Bresse,Ligue 3,678660,"LIGA PJ, LIGA Min",—,,False,Bourg-en-Bresse,False,6/467/0/0 | 0/0/0/0 | 0/0/0/0 | 0/0/0/0 | 0/0/0/0,7/557/0/0 | 0/0/0/0 | 0/0/0/0 | 0/0/0/0 | 0/0/0/0
2026-27,DEFENSAS,3560,Thierry Latty-Fairweather,Barrow,National League,821524,"LIGA PJ, LIGA Min",—,,False,Barrow,False,8/465/0/0 | 0/0/0/0 | 0/0/0/0 | 0/0/0/0 | 0/0/0/0,9/513/0/0 | 0/0/0/0 | 0/0/0/0 | 0/0/0/0 | 0/0/0/0
2026-27,DEFENSAS,3561,Filippo Groppelli,Crotone,Serie C,1051084,"LIGA PJ, LIGA Min",—,,False,Crotone,False,5/375/0/0 | 1/90/0/0 | 0/0/0/0 | 0/0/0/0 | 0/0/0/0,6/451/0/0 | 1/90/0/0 | 0/0/0/0 | 0/0/0/0 | 0/0/0/0
2026-27,DEFENSAS,3570,Lucas Llort,Amiens SC,Ligue 3,562463,"LIGA PJ, LIGA Min",—,,False,Amiens SC,False,6/462/0/0 | 0/0/0/0 | 0/0/0/0 | 0/0/0/0 | 0/0/0/0,7/552/0/0 | 0/0/0/0 | 0/0/0/0 | 0/0/0/0 | 0/0/0/0
2026-27,DEFENSAS,3583,Ritchy Valmé,Aubagne Air Bel,Ligue 3,810791,"LIGA PJ, LIGA Min",—,,False,Aubagne Air Bel,False,6/456/0/0 | 0/0/0/0 | 0/0/0/0 | 0/0/0/0 | 0/0/0/0,7/468/0/0 | 0/0/0/0 | 0/0/0/0 | 0/0/0/0 | 0/0/0/0
2026-27,DEFENSAS,3590,Jan-Erik Eichhorn,FC 08 Homburg,Regionalliga,530002,"LIGA PJ, LIGA Min",—,,False,FC 08 Homburg,False,8/454/0/0 | 0/0/0/0 | 0/0/0/0 | 0/0/0/0 | 0/0/0/0,9/539/0/0 | 0/0/0/0 | 0/0/0/0 | 0/0/0/0 | 0/0/0/0
2026-27,DEFENSAS,3591,Andrea Boffelli,Lumezzane,Serie C,337383,"LIGA PJ, LIGA Min",—,,False,Lumezzane,False,5/364/0/0 | 1/90/0/0 | 0/0/0/0 | 0/0/0/0 | 0/0/0/0,6/454/0/0 | 1/90/0/0 | 0/0/0/0 | 0/0/0/0 | 0/0/0/0
2026-27,DEFENSAS,3650,Hamadou Karamoko,FC Fleury 91,Ligue 3,353205,"LIGA PJ, LIGA Min",—,,False,FC Fleury 91,False,5/450/0/0 | 0/0/0/0 | 0/0/0/0 | 0/0/0/0 | 0/0/0/0,6/540/0/0 | 0/0/0/0 | 0/0/0/0 | 0/0/0/0 | 0/0/0/0
2026-27,DEFENSAS,3668,Simone Pieraccini,Salernitana,Serie C,933683,"LIGA PJ, LIGA Min",—,,False,Salernitana,False,5/446/0/0 | 0/0/0/0 | 0/0/0/0 | 0/0/0/0 | 0/0/0/0,6/536/0/0 | 0/0/0/0 | 0/0/0/0 | 0/0/0/0 | 0/0/0/0
2026-27,DEFENSAS,3687,Dominik Crljenec,K. Offenbach,Regionalliga,494238,"LIGA PJ, LIGA Min",—,,False,K. Offenbach,False,8/441/0/0 | 0/0/0/0 | 0/0/0/0 | 0/0/0/0 | 0/0/0/0,9/509/0/0 | 0/0/0/0 | 0/0/0/0 | 0/0/0/0 | 0/0/0/0
2026-27,DEFENSAS,3690,Bennet Schieber,FCA Walldorf,Regionalliga,1137569,"LIGA PJ, LIGA Min",—,,False,FCA Walldorf,False,4/260/0/0 | 2/180/0/0 | 0/0/0/0 | 0/0/0/0 | 0/0/0/0,5/350/0/0 | 2/180/0/0 | 0/0/0/0 | 0/0/0/0 | 0/0/0/0
2026-27,DEFENSAS,3710,Leon Bucher,TSV Landsberg,Regionalliga,829353,"LIGA PJ, LIGA Min",—,,False,TSV Landsberg,False,4/254/0/0 | 2/180/0/0 | 0/0/0/0 | 0/0/0/0 | 0/0/0/0,5/344/0/0 | 2/180/0/0 | 0/0/0/0 | 0/0/0/0 | 0/0/0/0
2026-27,DEFENSAS,3711,Nicola Falasco,Livorno,Serie C,176180,"LIGA PJ, LIGA Min",—,,False,Livorno,False,5/418/0/0 | 1/16/0/0 | 0/0/0/0 | 0/0/0/0 | 0/0/0/0,6/508/0/0 | 1/16/0/0 | 0/0/0/0 | 0/0/0/0 | 0/0/0/0
2026-27,DEFENSAS,3721,Edson Seidou,Le Puy FC,Ligue 3,126164,"LIGA PJ, LIGA Min",—,,False,Le Puy FC,False,6/431/0/0 | 0/0/0/0 | 0/0/0/0 | 0/0/0/0 | 0/0/0/0,7/521/0/0 | 0/0/0/0 | 0/0/0/0 | 0/0/0/0 | 0/0/0/0
2026-27,DEFENSAS,3732,Lukas Sinn,Lecco,Serie C,1016280,"LIGA PJ, LIGA Min",—,,False,Lecco,False,5/346/0/0 | 1/81/0/0 | 0/0/0/0 | 0/0/0/0 | 0/0/0/0,6/391/0/0 | 1/81/0/0 | 0/0/0/0 | 0/0/0/0 | 0/0/0/0
2026-27,DEFENSAS,3744,Anthony Barylla,Altglienicke,Regionalliga,238119,"LIGA PJ, LIGA Min",—,,False,Altglienicke,False,5/333/0/0 | 1/90/0/0 | 0/0/0/0 | 0/0/0/0 | 0/0/0/0,6/350/0/0 | 1/90/0/0 | 0/0/0/0 | 0/0/0/0 | 0/0/0/0
2026-27,DEFENSAS,3746,Karl Kempf,SSV Ulm 1846,Regionalliga,1079179,"LIGA PJ, LIGA Min",—,,False,SSV Ulm 1846,False,7/422/0/0 | 0/0/0/0 | 0/0/0/0 | 0/0/0/0 | 0/0/0/0,8/437/0/0 | 0/0/0/0 | 0/0/0/0 | 0/0/0/0 | 0/0/0/0
2026-27,DEFENSAS,3765,Marius Lemaître,US Orléans,Ligue 3,978107,"LIGA PJ, LIGA Min",—,,False,US Orléans,False,6/417/0/0 | 0/0/0/0 | 0/0/0/0 | 0/0/0/0 | 0/0/0/0,7/507/0/0 | 0/0/0/0 | 0/0/0/0 | 0/0/0/0 | 0/0/0/0
2026-27,DEFENSAS,3766,Francesco Nunziata,Cavese,Serie C,1110622,"LIGA PJ, LIGA Min",—,,False,Cavese,False,5/359/0/0 | 1/58/0/0 | 0/0/0/0 | 0/0/0/0 | 0/0/0/0,6/449/0/0 | 1/58/0/0 | 0/0/0/0 | 0/0/0/0 | 0/0/0/0
2026-27,DEFENSAS,3776,Joe Williams,RSV Eintracht,Regionalliga,605223,"LIGA PJ, LIGA Min",—,,False,RSV Eintracht,False,6/296/0/0 | 2/118/0/0 | 0/0/0/0 | 0/0/0/0 | 0/0/0/0,7/360/0/0 | 2/118/0/0 | 0/0/0/0 | 0/0/0/0 | 0/0/0/0
2026-27,DEFENSAS,3791,David Tutonda,Accrington,League Two,357333,"LIGA PJ, LIGA Min",—,,False,Accrington,False,5/330/0/0 | 1/79/0/0 | 0/0/0/0 | 0/0/0/0 | 0/0/0/0,6/420/0/0 | 1/79/0/0 | 0/0/0/0 | 0/0/0/0 | 0/0/0/0
2026-27,DEFENSAS,3799,Neo Telle,Fortuna Köln,3. Liga,917792,"LIGA PJ, LIGA Min",—,,False,Fortuna Köln,False,4/318/0/0 | 1/90/0/0 | 0/0/0/0 | 0/0/0/0 | 0/0/0/0,5/329/0/0 | 1/90/0/0 | 0/0/0/0 | 0/0/0/0 | 0/0/0/0
2026-27,DEFENSAS,3813,Alessio Zini,Sambenedettese,Serie C,356010,"LIGA PJ, LIGA Min",—,,False,Sambenedettese,False,3/225/0/0 | 2/180/0/0 | 0/0/0/0 | 0/0/0/0 | 0/0/0/0,4/315/0/0 | 2/180/0/0 | 0/0/0/0 | 0/0/0/0 | 0/0/0/0
2026-27,DEFENSAS,3817,Neo Eccleston,Hartlepool Utd.,National League,854837,"LIGA PJ, LIGA Min",—,,False,Hartlepool Utd.,False,6/359/0/0 | 1/45/0/0 | 0/0/0/0 | 0/0/0/0 | 0/0/0/0,7/449/0/0 | 1/45/0/0 | 0/0/0/0 | 0/0/0/0 | 0/0/0/0
2026-27,DEFENSAS,3818,Nicolas Bernardiño,Paris 13 Atl.,Ligue 3,1059392,"LIGA PJ, LIGA Min",—,,False,Paris 13 Atl.,False,6/404/0/0 | 0/0/0/0 | 0/0/0/0 | 0/0/0/0 | 0/0/0/0,7/494/0/0 | 0/0/0/0 | 0/0/0/0 | 0/0/0/0 | 0/0/0/0
2026-27,DEFENSAS,3832,Noah Nzuzi,Sutton Utd,National League,1112493,"LIGA PJ, LIGA Min",—,,False,Sutton Utd,False,4/219/0/0 | 2/180/0/0 | 0/0/0/0 | 0/0/0/0 | 0/0/0/0,5/244/0/0 | 2/180/0/0 | 0/0/0/0 | 0/0/0/0 | 0/0/0/0
2026-27,DEFENSAS,3841,Roberto Pierno,Campobasso,Serie C,542570,"LIGA PJ, LIGA Min",—,,False,Campobasso,False,5/301/0/0 | 2/95/0/0 | 0/0/0/0 | 0/0/0/0 | 0/0/0/0,6/302/0/0 | 2/95/0/0 | 0/0/0/0 | 0/0/0/0 | 0/0/0/0
2026-27,DEFENSAS,3847,Luca Ercolani,Pianese,Serie C,500507,"LIGA PJ, LIGA Min",—,,False,Pianese,False,5/393/0/0 | 0/0/0/0 | 0/0/0/0 | 0/0/0/0 | 0/0/0/0,6/483/0/0 | 0/0/0/0 | 0/0/0/0 | 0/0/0/0 | 0/0/0/0
2026-27,DEFENSAS,3850,Ayooluwa Adesida,Rot-Weiß Erfurt,Regionalliga,1105927,"LIGA PJ, LIGA Min",—,,False,Rot-Weiß Erfurt,False,6/392/0/0 | 0/0/0/0 | 0/0/0/0 | 0/0/0/0 | 0/0/0/0,7/482/0/0 | 0/0/0/0 | 0/0/0/0 | 0/0/0/0 | 0/0/0/0
2026-27,DEFENSAS,3856,Zak Johnson,York City,League Two,827440,"LIGA PJ, LIGA Min",—,,False,York City,False,4/300/0/0 | 1/90/0/0 | 0/0/0/0 | 0/0/0/0 | 0/0/0/0,5/390/0/0 | 1/90/0/0 | 0/0/0/0 | 0/0/0/0 | 0/0/0/0
2026-27,DEFENSAS,3858,José Enrique Ríos Alonso,RW Essen,3. Liga,343374,"COPA PJ, COPA Min",—,,False,RW Essen,False,3/270/0/0 | 1/120/0/0 | 0/0/0/0 | 0/0/0/0 | 0/0/0/0,3/270/0/0 | 2/200/0/0 | 0/0/0/0 | 0/0/0/0 | 0/0/0/0
2026-27,DEFENSAS,3916,Rocco Tavra,TSV Buchbach,Regionalliga,683543,"LIGA PJ, LIGA Min",—,,False,TSV Buchbach,False,3/270/0/0 | 2/103/0/0 | 0/0/0/0 | 0/0/0/0 | 0/0/0/0,4/271/0/0 | 2/103/0/0 | 0/0/0/0 | 0/0/0/0 | 0/0/0/0
2026-27,DEFENSAS,3947,Álvaro Martín,Atl. Baleares,Segunda Federación,632894,"LIGA PJ, LIGA Min",—,,False,Atl. Baleares,False,5/366/0/0 | 0/0/0/0 | 0/0/0/0 | 0/0/0/0 | 0/0/0/0,3/225/0/0 | 0/0/0/0 | 0/0/0/0 | 0/0/0/0 | 0/0/0/0
2026-27,DEFENSAS,3955,Noah Zilliox,SC Bastia,Ligue 3,855309,"LIGA PJ, LIGA Min",—,,False,SC Bastia,False,6/364/0/0 | 0/0/0/0 | 0/0/0/0 | 0/0/0/0 | 0/0/0/0,7/454/0/0 | 0/0/0/0 | 0/0/0/0 | 0/0/0/0 | 0/0/0/0
2026-27,DEFENSAS,3989,Pol Moreno,CD Lugo,Primera Federación,274540,"LIGA PJ, LIGA Min",—,,False,CD Lugo,False,4/360/0/0 | 0/0/0/0 | 0/0/0/0 | 0/0/0/0 | 0/0/0/0,5/450/0/0 | 0/0/0/0 | 0/0/0/0 | 0/0/0/0 | 0/0/0/0
2026-27,DEFENSAS,3990,Rufino Lucero,CD Lugo,Primera Federación,907013,"LIGA PJ, LIGA Min",—,,False,CD Lugo,False,4/360/0/0 | 0/0/0/0 | 0/0/0/0 | 0/0/0/0 | 0/0/0/0,5/450/0/0 | 0/0/0/0 | 0/0/0/0 | 0/0/0/0 | 0/0/0/0
2026-27,DEFENSAS,3996,Luismi Luengo,Zamora CF,Primera Federación,628882,"LIGA PJ, LIGA Min",—,,False,Zamora CF,False,4/360/0/0 | 0/0/0/0 | 0/0/0/0 | 0/0/0/0 | 0/0/0/0,5/388/0/0 | 0/0/0/0 | 0/0/0/0 | 0/0/0/0 | 0/0/0/0
2026-27,DEFENSAS,3999,Iñaki León,CD Coria,Primera Federación,888392,"LIGA PJ, LIGA Min",—,,False,CD Coria,False,4/360/0/0 | 0/0/0/0 | 0/0/0/0 | 0/0/0/0 | 0/0/0/0,5/450/0/0 | 0/0/0/0 | 0/0/0/0 | 0/0/0/0 | 0/0/0/0
2026-27,DEFENSAS,4005,Adrián Lekuna,Arenas Club,Primera Federación,1179369,"LIGA PJ, LIGA Min",—,,False,Arenas Club,False,4/360/0/0 | 0/0/0/0 | 0/0/0/0 | 0/0/0/0 | 0/0/0/0,5/450/0/0 | 0/0/0/0 | 0/0/0/0 | 0/0/0/0 | 0/0/0/0
2026-27,DEFENSAS,4006,Javier Rentero,Hércules CF,Primera Federación,715682,"LIGA PJ, LIGA Min",—,,False,Hércules CF,False,4/360/0/0 | 0/0/0/0 | 0/0/0/0 | 0/0/0/0 | 0/0/0/0,5/450/0/0 | 0/0/0/0 | 0/0/0/0 | 0/0/0/0 | 0/0/0/0
2026-27,DEFENSAS,4007,Javi Jiménez,Hércules CF,Primera Federación,242287,"LIGA PJ, LIGA Min",—,,False,Hércules CF,False,4/360/0/0 | 0/0/0/0 | 0/0/0/0 | 0/0/0/0 | 0/0/0/0,5/450/0/0 | 0/0/0/0 | 0/0/0/0 | 0/0/0/0 | 0/0/0/0
2026-27,DEFENSAS,4008,Joseda Menargues,Gimnàstic,Primera Federación,589459,"LIGA PJ, LIGA Min",—,,False,Gimnàstic,False,4/360/0/0 | 0/0/0/0 | 0/0/0/0 | 0/0/0/0 | 0/0/0/0,5/450/0/0 | 0/0/0/0 | 0/0/0/0 | 0/0/0/0 | 0/0/0/0
2026-27,DEFENSAS,4009,Andreu Hernández,Sant Andreu,Primera Federación,445316,"LIGA PJ, LIGA Min",—,,False,Sant Andreu,False,4/360/0/0 | 0/0/0/0 | 0/0/0/0 | 0/0/0/0 | 0/0/0/0,5/450/0/0 | 0/0/0/0 | 0/0/0/0 | 0/0/0/0 | 0/0/0/0
2026-27,DEFENSAS,4010,Carlos Blanco,Sant Andreu,Primera Federación,204096,"LIGA PJ, LIGA Min",—,,False,Sant Andreu,False,4/360/0/0 | 0/0/0/0 | 0/0/0/0 | 0/0/0/0 | 0/0/0/0,5/361/0/0 | 0/0/0/0 | 0/0/0/0 | 0/0/0/0 | 0/0/0/0
2026-27,DEFENSAS,4024,Charlie Waller,Worthing,National League,874447,"LIGA PJ, LIGA Min",—,,False,Worthing,False,3/270/0/0 | 1/90/0/0 | 0/0/0/0 | 0/0/0/0 | 0/0/0/0,4/360/0/0 | 1/90/0/0 | 0/0/0/0 | 0/0/0/0 | 0/0/0/0
2026-27,DEFENSAS,4025,Harrison Holgate,Gateshead,National League,624894,"LIGA PJ, LIGA Min",—,,False,Gateshead,False,4/315/0/0 | 1/45/0/0 | 0/0/0/0 | 0/0/0/0 | 0/0/0/0,5/360/0/0 | 1/45/0/0 | 0/0/0/0 | 0/0/0/0 | 0/0/0/0
2026-27,DEFENSAS,4027,Enzo Genton,Amiens SC,Ligue 3,1130941,"LIGA PJ, LIGA Min",—,,False,Amiens SC,False,4/360/0/0 | 0/0/0/0 | 0/0/0/0 | 0/0/0/0 | 0/0/0/0,5/450/0/0 | 0/0/0/0 | 0/0/0/0 | 0/0/0/0 | 0/0/0/0
2026-27,DEFENSAS,4028,Alexander Hahn,1.FC Bocholt,Regionalliga,88597,"LIGA PJ, LIGA Min",—,,False,1.FC Bocholt,False,3/270/0/0 | 1/90/0/0 | 0/0/0/0 | 0/0/0/0 | 0/0/0/0,4/360/0/0 | 1/90/0/0 | 0/0/0/0 | 0/0/0/0 | 0/0/0/0
2026-27,DEFENSAS,4031,Jaime Vázquez,CyD Leonesa,Primera Federación,1178600,"LIGA PJ, LIGA Min",—,,False,CyD Leonesa,False,4/358/0/0 | 0/0/0/0 | 0/0/0/0 | 0/0/0/0 | 0/0/0/0,5/448/0/0 | 0/0/0/0 | 0/0/0/0 | 0/0/0/0 | 0/0/0/0
2026-27,DEFENSAS,4032,Jordi Méndez,Sant Andreu,Primera Federación,408465,"LIGA PJ, LIGA Min",—,,False,Sant Andreu,False,4/358/0/0 | 0/0/0/0 | 0/0/0/0 | 0/0/0/0 | 0/0/0/0,5/448/0/0 | 0/0/0/0 | 0/0/0/0 | 0/0/0/0 | 0/0/0/0
2026-27,DEFENSAS,4033,Mahamadou Dembélé,Le Puy FC,Ligue 3,394326,"LIGA PJ, LIGA Min",—,,False,Le Puy FC,False,6/358/0/0 | 0/0/0/0 | 0/0/0/0 | 0/0/0/0 | 0/0/0/0,7/408/0/0 | 0/0/0/0 | 0/0/0/0 | 0/0/0/0 | 0/0/0/0
2026-27,DEFENSAS,4049,Germán Nóvoa,Racing Ferrol,Primera Federación,716578,"LIGA PJ, LIGA Min",—,,False,Racing Ferrol,False,4/354/0/0 | 0/0/0/0 | 0/0/0/0 | 0/0/0/0 | 0/0/0/0,5/440/0/0 | 0/0/0/0 | 0/0/0/0 | 0/0/0/0 | 0/0/0/0
2026-27,DEFENSAS,4051,Patrick Ekinci,FV Illertissen,Regionalliga,1030605,"LIGA PJ, LIGA Min",—,,False,FV Illertissen,False,5/329/0/0 | 1/25/0/0 | 0/0/0/0 | 0/0/0/0 | 0/0/0/0,6/375/0/0 | 1/25/0/0 | 0/0/0/0 | 0/0/0/0 | 0/0/0/0
2026-27,DEFENSAS,4065,Álex Macías,CD Extremadura,Primera Federación,631094,"LIGA PJ, LIGA Min",—,,False,CD Extremadura,False,4/350/0/0 | 0/0/0/0 | 0/0/0/0 | 0/0/0/0 | 0/0/0/0,5/419/0/0 | 0/0/0/0 | 0/0/0/0 | 0/0/0/0 | 0/0/0/0
2026-27,DEFENSAS,4071,Brendan Wiredu,Salford,League Two,608180,"LIGA PJ, LIGA Min, LIGA G/GC",—,,False,Salford,False,7/349/0/0 | 0/0/0/0 | 0/0/0/0 | 0/0/0/0 | 0/0/0/0,8/439/1/0 | 0/0/0/0 | 0/0/0/0 | 0/0/0/0 | 0/0/0/0
2026-27,DEFENSAS,4072,Lakyle Samuel,Exeter City,League Two,938401,"LIGA PJ, LIGA Min",—,,False,Exeter City,False,6/296/0/0 | 2/53/0/0 | 0/0/0/0 | 0/0/0/0 | 0/0/0/0,7/386/0/0 | 2/53/0/0 | 0/0/0/0 | 0/0/0/0 | 0/0/0/0
2026-27,DEFENSAS,4073,Leander Baar,HSC Hannover,Regionalliga,282608,"LIGA PJ, LIGA Min",—,,False,HSC Hannover,False,4/349/0/0 | 0/0/0/0 | 0/0/0/0 | 0/0/0/0 | 0/0/0/0,5/439/0/0 | 0/0/0/0 | 0/0/0/0 | 0/0/0/0 | 0/0/0/0
2026-27,DEFENSAS,4079,Antxón Jaso,CyD Leonesa,Primera Federación,590891,"LIGA PJ, LIGA Min",—,,False,CyD Leonesa,False,4/347/0/0 | 0/0/0/0 | 0/0/0/0 | 0/0/0/0 | 0/0/0/0,5/430/0/0 | 0/0/0/0 | 0/0/0/0 | 0/0/0/0 | 0/0/0/0
2026-27,DEFENSAS,4088,Karlo Grgic,SF Lotte,Regionalliga,1129454,"LIGA PJ, LIGA Min",—,,False,SF Lotte,False,6/254/0/0 | 2/90/0/0 | 0/0/0/0 | 0/0/0/0 | 0/0/0/0,7/314/0/0 | 2/90/0/0 | 0/0/0/0 | 0/0/0/0 | 0/0/0/0
2026-27,DEFENSAS,4102,Cristian Fabriani,Savoia,Serie C,500127,"LIGA PJ, LIGA Min",—,,False,Savoia,False,6/315/0/0 | 1/26/0/0 | 0/0/0/0 | 0/0/0/0 | 0/0/0/0,7/330/0/0 | 1/26/0/0 | 0/0/0/0 | 0/0/0/0 | 0/0/0/0
2026-27,DEFENSAS,4124,Lorenzo Coccia,Campobasso,Serie C,672865,"LIGA PJ, LIGA Min",—,,False,Campobasso,False,4/250/0/0 | 1/85/0/0 | 0/0/0/0 | 0/0/0/0 | 0/0/0/0,5/312/0/0 | 1/85/0/0 | 0/0/0/0 | 0/0/0/0 | 0/0/0/0
2026-27,DEFENSAS,4127,Markus Müller,VfB Eichstätt,Regionalliga,911721,"LIGA PJ, LIGA Min",—,,False,VfB Eichstätt,False,5/244/0/0 | 1/90/0/0 | 0/0/0/0 | 0/0/0/0 | 0/0/0/0,6/334/0/0 | 1/90/0/0 | 0/0/0/0 | 0/0/0/0 | 0/0/0/0
2026-27,DEFENSAS,4128,Maissa Ndiaye,Lumezzane,Serie C,716411,"LIGA PJ, LIGA Min",—,,False,Lumezzane,False,4/244/0/0 | 1/90/0/0 | 0/0/0/0 | 0/0/0/0 | 0/0/0/0,5/334/0/0 | 1/90/0/0 | 0/0/0/0 | 0/0/0/0 | 0/0/0/0
2026-27,DEFENSAS,4137,Manel Royo,Gimnàstic,Primera Federación,351216,"LIGA PJ, LIGA Min",—,,False,Gimnàstic,False,4/331/0/0 | 0/0/0/0 | 0/0/0/0 | 0/0/0/0 | 0/0/0/0,5/421/0/0 | 0/0/0/0 | 0/0/0/0 | 0/0/0/0 | 0/0/0/0
2026-27,DEFENSAS,4139,Jad Koembo,US Orléans,Ligue 3,978596,"LIGA PJ, LIGA Min",—,,False,US Orléans,False,5/331/0/0 | 0/0/0/0 | 0/0/0/0 | 0/0/0/0 | 0/0/0/0,6/346/0/0 | 0/0/0/0 | 0/0/0/0 | 0/0/0/0 | 0/0/0/0
2026-27,DEFENSAS,4161,Jacobo Guzmán,CD Coria,Primera Federación,766580,"LIGA PJ, LIGA Min",—,,False,CD Coria,False,4/326/0/0 | 0/0/0/0 | 0/0/0/0 | 0/0/0/0 | 0/0/0/0,5/416/0/0 | 0/0/0/0 | 0/0/0/0 | 0/0/0/0 | 0/0/0/0
2026-27,DEFENSAS,4170,Andrea Moretti,Pro Vercelli,Serie C,539631,"LIGA PJ, LIGA Min",—,,False,Pro Vercelli,False,4/322/0/0 | 0/0/0/0 | 0/0/0/0 | 0/0/0/0 | 0/0/0/0,5/412/0/0 | 0/0/0/0 | 0/0/0/0 | 0/0/0/0 | 0/0/0/0
2026-27,DEFENSAS,4201,Johan Terranova,Águilas FC,Primera Federación,562682,"LIGA PJ, LIGA Min",—,,False,Águilas FC,False,4/315/0/0 | 0/0/0/0 | 0/0/0/0 | 0/0/0/0 | 0/0/0/0,5/405/0/0 | 0/0/0/0 | 0/0/0/0 | 0/0/0/0 | 0/0/0/0
2026-27,DEFENSAS,4203,Christian Rave,SV Todesfelde,Regionalliga,99950,"LIGA PJ, LIGA Min",—,,False,SV Todesfelde,False,5/315/0/0 | 0/0/0/0 | 0/0/0/0 | 0/0/0/0 | 0/0/0/0,6/405/0/0 | 0/0/0/0 | 0/0/0/0 | 0/0/0/0 | 0/0/0/0
2026-27,DEFENSAS,4204,Dario Gebuhr,Eintracht Trier,Regionalliga,666168,"LIGA PJ, LIGA Min",—,,False,Eintracht Trier,False,4/315/0/0 | 0/0/0/0 | 0/0/0/0 | 0/0/0/0 | 0/0/0/0,5/405/0/0 | 0/0/0/0 | 0/0/0/0 | 0/0/0/0 | 0/0/0/0
2026-27,DEFENSAS,4206,Vasile Mogoș,Bari,Serie C,324214,"LIGA PJ, LIGA Min",—,,False,Bari,False,3/270/0/0 | 1/45/0/0 | 0/0/0/0 | 0/0/0/0 | 0/0/0/0,4/360/0/0 | 1/45/0/0 | 0/0/0/0 | 0/0/0/0 | 0/0/0/0
2026-27,DEFENSAS,4215,Abraham Odoh,Salford,League Two,734937,"LIGA PJ, LIGA Min",—,,False,Salford,False,5/219/0/0 | 2/93/0/0 | 0/0/0/0 | 0/0/0/0 | 0/0/0/0,6/281/0/0 | 2/93/0/0 | 0/0/0/0 | 0/0/0/0 | 0/0/0/0
2026-27,DEFENSAS,4217,Kelvin Abrefa,Forest Green,National League,667202,"LIGA PJ, LIGA Min",—,,False,Forest Green,False,4/311/0/0 | 0/0/0/0 | 0/0/0/0 | 0/0/0/0 | 0/0/0/0,5/401/0/0 | 0/0/0/0 | 0/0/0/0 | 0/0/0/0 | 0/0/0/0
2026-27,DEFENSAS,4219,Stephan Wemakor,Eimsbütteler TV,Regionalliga,1022491,"LIGA PJ, LIGA Min",—,,False,Eimsbütteler TV,False,4/218/0/0 | 2/93/0/0 | 0/0/0/0 | 0/0/0/0 | 0/0/0/0,5/308/0/0 | 2/93/0/0 | 0/0/0/0 | 0/0/0/0 | 0/0/0/0
2026-27,DEFENSAS,4226,Joe Thomas,Newport County,League Two,924699,"LIGA PJ, LIGA Min",—,,False,Newport County,False,5/220/0/0 | 1/90/0/0 | 0/0/0/0 | 0/0/0/0 | 0/0/0/0,6/239/0/0 | 1/90/0/0 | 0/0/0/0 | 0/0/0/0 | 0/0/0/0
2026-27,DEFENSAS,4227,Nassim Douce Boumaza,SC Bastia,Ligue 3,1314515,"LIGA PJ, LIGA Min",—,,False,SC Bastia,False,6/310/0/0 | 0/0/0/0 | 0/0/0/0 | 0/0/0/0 | 0/0/0/0,7/400/0/0 | 0/0/0/0 | 0/0/0/0 | 0/0/0/0 | 0/0/0/0
2026-27,DEFENSAS,4235,Noah Kardam,Altglienicke,Regionalliga,1023788,"LIGA PJ, LIGA Min",—,,False,Altglienicke,False,5/250/0/0 | 2/59/0/0 | 0/0/0/0 | 0/0/0/0 | 0/0/0/0,6/323/0/0 | 2/59/0/0 | 0/0/0/0 | 0/0/0/0 | 0/0/0/0
2026-27,DEFENSAS,4242,Marvin Tshibuabua,FC Villefranche,Ligue 3,558139,"LIGA PJ, LIGA Min",—,,False,FC Villefranche,False,5/308/0/0 | 0/0/0/0 | 0/0/0/0 | 0/0/0/0 | 0/0/0/0,6/398/0/0 | 0/0/0/0 | 0/0/0/0 | 0/0/0/0 | 0/0/0/0
2026-27,DEFENSAS,4243,Niccolò Cocetta,Bari,Serie C,704692,"LIGA PJ, LIGA Min",—,,False,Bari,False,4/213/0/0 | 2/95/0/0 | 0/0/0/0 | 0/0/0/0 | 0/0/0/0,5/303/0/0 | 2/95/0/0 | 0/0/0/0 | 0/0/0/0 | 0/0/0/0
2026-27,DEFENSAS,4246,Jack Taylor,Exeter City,League Two,1238020,"LIGA PJ, LIGA Min",—,,False,Exeter City,False,2/37/0/0 | 3/270/0/0 | 0/0/0/0 | 0/0/0/0 | 0/0/0/0,3/105/0/0 | 3/270/0/0 | 0/0/0/0 | 0/0/0/0 | 0/0/0/0
2026-27,DEFENSAS,4250,Julen Zubelzu,Arenas Club,Primera Federación,1059292,"LIGA PJ, LIGA Min",—,,False,Arenas Club,False,4/306/0/0 | 0/0/0/0 | 0/0/0/0 | 0/0/0/0 | 0/0/0/0,5/396/0/0 | 0/0/0/0 | 0/0/0/0 | 0/0/0/0 | 0/0/0/0
2026-27,DEFENSAS,4251,Jon Rojo,Sestao River ,Segunda Federación,503850,"LIGA PJ, LIGA Min",—,,False,Sestao River ,False,3/270/0/0 | 1/36/0/0 | 0/0/0/0 | 0/0/0/0 | 0/0/0/0,4/346/0/0 | 1/36/0/0 | 0/0/0/0 | 0/0/0/0 | 0/0/0/0
2026-27,DEFENSAS,4262,José Carlos Márquez,Algeciras CF,Primera Federación,396125,"LIGA PJ, LIGA Min, LIGA A/CS",—,,False,Algeciras CF,False,4/303/0/0 | 0/0/0/0 | 0/0/0/0 | 0/0/0/0 | 0/0/0/0,5/379/0/1 | 0/0/0/0 | 0/0/0/0 | 0/0/0/0 | 0/0/0/0
2026-27,DEFENSAS,4273,Anton Efremov,Sestao River ,Segunda Federación,567026,"LIGA PJ, LIGA Min",—,,False,Sestao River ,False,1/90/0/0 | 2/210/0/0 | 0/0/0/0 | 0/0/0/0 | 0/0/0/0,2/180/0/0 | 2/210/0/0 | 0/0/0/0 | 0/0/0/0 | 0/0/0/0
2026-27,DEFENSAS,4297,Aaron Manu,FC 08 Homburg,Regionalliga,452027,"LIGA PJ, LIGA Min",—,,False,FC 08 Homburg,False,7/295/0/0 | 0/0/0/0 | 0/0/0/0 | 0/0/0/0 | 0/0/0/0,8/385/0/0 | 0/0/0/0 | 0/0/0/0 | 0/0/0/0 | 0/0/0/0
2026-27,DEFENSAS,4312,Federico Gulinelli,Vado,Serie C,558882,"LIGA PJ, LIGA Min",—,,False,Vado,False,2/124/0/0 | 2/167/0/0 | 0/0/0/0 | 0/0/0/0 | 0/0/0/0,3/214/0/0 | 2/167/0/0 | 0/0/0/0 | 0/0/0/0 | 0/0/0/0
2026-27,DEFENSAS,4320,Filippo Saiani,Vado,Serie C,709539,"LIGA PJ, LIGA Min",—,,False,Vado,False,5/227/0/0 | 1/63/0/0 | 0/0/0/0 | 0/0/0/0 | 0/0/0/0,6/308/0/0 | 1/63/0/0 | 0/0/0/0 | 0/0/0/0 | 0/0/0/0
2026-27,DEFENSAS,4323,Aleix Gorjón,Zamora CF,Primera Federación,834736,"LIGA PJ, LIGA Min",—,,False,Zamora CF,False,4/289/0/0 | 0/0/0/0 | 0/0/0/0 | 0/0/0/0 | 0/0/0/0,5/379/0/0 | 0/0/0/0 | 0/0/0/0 | 0/0/0/0 | 0/0/0/0
2026-27,DEFENSAS,4344,Leon Heinze,TSV Aubstadt,Regionalliga,333440,"LIGA PJ, LIGA Min",—,,False,TSV Aubstadt,False,3/137/0/0 | 3/146/0/0 | 0/0/0/0 | 0/0/0/0 | 0/0/0/0,4/166/0/0 | 3/146/0/0 | 0/0/0/0 | 0/0/0/0 | 0/0/0/0
2026-27,DEFENSAS,4355,Álex Revuelta,Águilas FC,Primera Federación,631093,"LIGA PJ, LIGA Min",—,,False,Águilas FC,False,4/282/0/0 | 0/0/0/0 | 0/0/0/0 | 0/0/0/0 | 0/0/0/0,5/363/0/0 | 0/0/0/0 | 0/0/0/0 | 0/0/0/0 | 0/0/0/0
2026-27,DEFENSAS,4360,Marco Litti,Lecco,Serie C,979074,"LIGA PJ, LIGA Min",—,,False,Lecco,False,5/219/0/0 | 1/62/0/0 | 0/0/0/0 | 0/0/0/0 | 0/0/0/0,6/264/0/0 | 1/62/0/0 | 0/0/0/0 | 0/0/0/0 | 0/0/0/0
2026-27,DEFENSAS,4370,Ferran Ruiz,Terrassa FC,Segunda Federación,668210,"LIGA PJ, LIGA Min",—,,False,Terrassa FC,False,3/270/0/0 | 1/10/0/0 | 0/0/0/0 | 0/0/0/0 | 0/0/0/0,4/360/0/0 | 1/10/0/0 | 0/0/0/0 | 0/0/0/0 | 0/0/0/0
2026-27,DEFENSAS,4393,James Wilson,Cheltenham,League Two,48098,"LIGA PJ, LIGA Min",—,,False,Cheltenham,False,4/185/0/0 | 1/90/0/0 | 0/0/0/0 | 0/0/0/0 | 0/0/0/0,5/216/0/0 | 1/90/0/0 | 0/0/0/0 | 0/0/0/0 | 0/0/0/0
2026-27,DEFENSAS,4404,Egor Zelenskiy,TSV Aubstadt,Regionalliga,1157716,"LIGA PJ, LIGA Min",—,,False,TSV Aubstadt,False,4/184/0/0 | 1/90/0/0 | 0/0/0/0 | 0/0/0/0 | 0/0/0/0,5/265/0/0 | 1/90/0/0 | 0/0/0/0 | 0/0/0/0 | 0/0/0/0
2026-27,DEFENSAS,4443,Sergi Molina,CD Extremadura,Primera Federación,789792,"LIGA PJ, LIGA Min",—,,False,CD Extremadura,False,3/270/0/0 | 0/0/0/0 | 0/0/0/0 | 0/0/0/0 | 0/0/0/0,4/360/0/0 | 0/0/0/0 | 0/0/0/0 | 0/0/0/0 | 0/0/0/0
2026-27,DEFENSAS,4452,Asier Hernáiz,SD Amorebieta,Segunda Federación,1189403,"LIGA PJ, LIGA Min",—,,False,SD Amorebieta,False,3/270/0/0 | 0/0/0/0 | 0/0/0/0 | 0/0/0/0 | 0/0/0/0,4/360/0/0 | 0/0/0/0 | 0/0/0/0 | 0/0/0/0 | 0/0/0/0
2026-27,DEFENSAS,4453,Gabriel Rabanillo,Astorga,Segunda Federación,1020749,"LIGA PJ, LIGA Min",—,,False,Astorga,False,3/270/0/0 | 0/0/0/0 | 0/0/0/0 | 0/0/0/0 | 0/0/0/0,4/360/0/0 | 0/0/0/0 | 0/0/0/0 | 0/0/0/0 | 0/0/0/0
2026-27,DEFENSAS,4456,Javi Hernández,CD Ebro,Segunda Federación,632893,"LIGA PJ, LIGA Min",—,,False,CD Ebro,False,3/270/0/0 | 0/0/0/0 | 0/0/0/0 | 0/0/0/0 | 0/0/0/0,4/360/0/0 | 0/0/0/0 | 0/0/0/0 | 0/0/0/0 | 0/0/0/0
2026-27,DEFENSAS,4457,Fran Moreno,Terrassa FC,Segunda Federación,635937,"LIGA PJ, LIGA Min",—,,False,Terrassa FC,False,3/270/0/0 | 0/0/0/0 | 0/0/0/0 | 0/0/0/0 | 0/0/0/0,4/360/0/0 | 0/0/0/0 | 0/0/0/0 | 0/0/0/0 | 0/0/0/0
2026-27,DEFENSAS,4464,Carlos Alonso,Peña Sport FC,Segunda Federación,1406860,"LIGA PJ, LIGA Min",—,,False,Peña Sport FC,False,3/270/0/0 | 0/0/0/0 | 0/0/0/0 | 0/0/0/0 | 0/0/0/0,4/349/0/0 | 0/0/0/0 | 0/0/0/0 | 0/0/0/0 | 0/0/0/0
2026-27,DEFENSAS,4465,Álvaro Velaz,Peña Sport FC,Segunda Federación,1532658,"LIGA PJ, LIGA Min",—,,False,Peña Sport FC,False,3/270/0/0 | 0/0/0/0 | 0/0/0/0 | 0/0/0/0 | 0/0/0/0,4/349/0/0 | 0/0/0/0 | 0/0/0/0 | 0/0/0/0 | 0/0/0/0
2026-27,DEFENSAS,4489,Rubén Sánchez,CD Don Benito,Segunda Federación,635912,"LIGA PJ, LIGA Min",—,,False,CD Don Benito,False,3/270/0/0 | 0/0/0/0 | 0/0/0/0 | 0/0/0/0 | 0/0/0/0,4/360/0/0 | 0/0/0/0 | 0/0/0/0 | 0/0/0/0 | 0/0/0/0
2026-27,DEFENSAS,4490,Raúl Castro,CD Don Benito,Segunda Federación,713633,"LIGA PJ, LIGA Min",—,,False,CD Don Benito,False,3/270/0/0 | 0/0/0/0 | 0/0/0/0 | 0/0/0/0 | 0/0/0/0,4/360/0/0 | 0/0/0/0 | 0/0/0/0 | 0/0/0/0 | 0/0/0/0
2026-27,DEFENSAS,4494,Tomás Bourdal,At. Sanluqueño,Segunda Federación,715760,"LIGA PJ, LIGA Min",—,,False,At. Sanluqueño,False,3/270/0/0 | 0/0/0/0 | 0/0/0/0 | 0/0/0/0 | 0/0/0/0,4/360/0/0 | 0/0/0/0 | 0/0/0/0 | 0/0/0/0 | 0/0/0/0
2026-27,DEFENSAS,4496,Carlos Becken,Linares,Segunda Federación,1177564,"LIGA PJ, LIGA Min",—,,False,Linares,False,3/270/0/0 | 0/0/0/0 | 0/0/0/0 | 0/0/0/0 | 0/0/0/0,4/360/0/0 | 0/0/0/0 | 0/0/0/0 | 0/0/0/0 | 0/0/0/0
2026-27,DEFENSAS,4508,Álvaro Télis,UD Sanse,Segunda Federación,343256,"LIGA PJ, LIGA Min",—,,False,UD Sanse,False,3/270/0/0 | 0/0/0/0 | 0/0/0/0 | 0/0/0/0 | 0/0/0/0,4/360/0/0 | 0/0/0/0 | 0/0/0/0 | 0/0/0/0 | 0/0/0/0
2026-27,DEFENSAS,4509,Héctor Espiérrez,G. Segoviana,Segunda Federación,1012472,"LIGA PJ, LIGA Min",—,,False,G. Segoviana,False,3/270/0/0 | 0/0/0/0 | 0/0/0/0 | 0/0/0/0 | 0/0/0/0,4/360/0/0 | 0/0/0/0 | 0/0/0/0 | 0/0/0/0 | 0/0/0/0
2026-27,DEFENSAS,4521,Fabian Herbst,Kickers Emden,Regionalliga,513498,"LIGA PJ, LIGA Min",—,,False,Kickers Emden,False,3/270/0/0 | 0/0/0/0 | 0/0/0/0 | 0/0/0/0 | 0/0/0/0,4/360/0/0 | 0/0/0/0 | 0/0/0/0 | 0/0/0/0 | 0/0/0/0
2026-27,DEFENSAS,4523,Adrian Kireski,TSV Aubstadt,Regionalliga,687983,"LIGA PJ, LIGA Min",—,,False,TSV Aubstadt,False,2/180/0/0 | 1/90/0/0 | 0/0/0/0 | 0/0/0/0 | 0/0/0/0,3/270/0/0 | 1/90/0/0 | 0/0/0/0 | 0/0/0/0 | 0/0/0/0
2026-27,DEFENSAS,4531,Adrián López,UD Sanse,Segunda Federación,891088,"LIGA PJ, LIGA Min",—,,False,UD Sanse,False,3/269/0/0 | 0/0/0/0 | 0/0/0/0 | 0/0/0/0 | 0/0/0/0,4/359/0/0 | 0/0/0/0 | 0/0/0/0 | 0/0/0/0 | 0/0/0/0
2026-27,DEFENSAS,4532,Pietro Tornaghi,Giana Erminio,Serie C,936750,"LIGA PJ, LIGA Min",—,,False,Giana Erminio,False,5/269/0/0 | 0/0/0/0 | 0/0/0/0 | 0/0/0/0 | 0/0/0/0,6/309/0/0 | 0/0/0/0 | 0/0/0/0 | 0/0/0/0 | 0/0/0/0
2026-27,DEFENSAS,4537,Mario Domingo,Terrassa FC,Segunda Federación,1006564,"LIGA PJ, LIGA Min",—,,False,Terrassa FC,False,3/224/0/0 | 2/44/0/0 | 0/0/0/0 | 0/0/0/0 | 0/0/0/0,4/298/0/0 | 2/44/0/0 | 0/0/0/0 | 0/0/0/0 | 0/0/0/0
2026-27,DEFENSAS,4552,Anthony Ribelin,Amiens SC,Ligue 3,334006,"LIGA PJ, LIGA Min",—,,False,Amiens SC,False,4/266/0/0 | 0/0/0/0 | 0/0/0/0 | 0/0/0/0 | 0/0/0/0,5/311/0/0 | 0/0/0/0 | 0/0/0/0 | 0/0/0/0 | 0/0/0/0
2026-27,DEFENSAS,4575,Simón Lecea,G. Segoviana,Segunda Federación,630988,"LIGA PJ, LIGA Min",—,,False,G. Segoviana,False,3/262/0/0 | 0/0/0/0 | 0/0/0/0 | 0/0/0/0 | 0/0/0/0,4/267/0/0 | 0/0/0/0 | 0/0/0/0 | 0/0/0/0 | 0/0/0/0
2026-27,DEFENSAS,4582,Adrián Beamonte,Terrassa FC,Segunda Federación,1061130,"LIGA PJ, LIGA Min",—,,False,Terrassa FC,False,1/21/0/0 | 2/240/0/0 | 0/0/0/0 | 0/0/0/0 | 0/0/0/0,2/86/0/0 | 2/240/0/0 | 0/0/0/0 | 0/0/0/0 | 0/0/0/0
2026-27,DEFENSAS,4597,Alfredo Pedraza,G. Segoviana,Segunda Federación,618806,"LIGA PJ, LIGA Min",—,,False,G. Segoviana,False,3/260/0/0 | 0/0/0/0 | 0/0/0/0 | 0/0/0/0 | 0/0/0/0,4/350/0/0 | 0/0/0/0 | 0/0/0/0 | 0/0/0/0 | 0/0/0/0
2026-27,DEFENSAS,4606,Iván Muñoz,Ourense,Segunda Federación,634432,"LIGA PJ, LIGA Min",—,,False,Ourense,False,3/258/0/0 | 0/0/0/0 | 0/0/0/0 | 0/0/0/0 | 0/0/0/0,4/348/0/0 | 0/0/0/0 | 0/0/0/0 | 0/0/0/0 | 0/0/0/0
2026-27,DEFENSAS,4607,Nacho Uche,CD Ebro,Segunda Federación,639142,"LIGA PJ, LIGA Min",—,,False,CD Ebro,False,3/258/0/0 | 0/0/0/0 | 0/0/0/0 | 0/0/0/0 | 0/0/0/0,4/334/0/0 | 0/0/0/0 | 0/0/0/0 | 0/0/0/0 | 0/0/0/0
2026-27,DEFENSAS,4609,Schinéar Mopila,QRM,Ligue 3,883864,"LIGA PJ, LIGA Min",—,,False,QRM,False,3/258/0/0 | 0/0/0/0 | 0/0/0/0 | 0/0/0/0 | 0/0/0/0,4/348/0/0 | 0/0/0/0 | 0/0/0/0 | 0/0/0/0 | 0/0/0/0
2026-27,DEFENSAS,4611,Riccardo Fiamozzi,Trento,Serie C,197745,"LIGA PJ, LIGA Min",—,,False,Trento,False,1/86/0/0 | 2/172/0/0 | 0/0/0/0 | 0/0/0/0 | 0/0/0/0,2/89/0/0 | 2/172/0/0 | 0/0/0/0 | 0/0/0/0 | 0/0/0/0
2026-27,DEFENSAS,4618,Dani Merchán,Águilas FC,Primera Federación,882823,"LIGA PJ, LIGA Min",—,,False,Águilas FC,False,4/255/0/0 | 0/0/0/0 | 0/0/0/0 | 0/0/0/0 | 0/0/0/0,5/345/0/0 | 0/0/0/0 | 0/0/0/0 | 0/0/0/0 | 0/0/0/0
2026-27,DEFENSAS,4619,Fran Carmona,Algeciras CF,Primera Federación,537370,"LIGA PJ, LIGA Min",—,,False,Algeciras CF,False,3/255/0/0 | 0/0/0/0 | 0/0/0/0 | 0/0/0/0 | 0/0/0/0,4/345/0/0 | 0/0/0/0 | 0/0/0/0 | 0/0/0/0 | 0/0/0/0
2026-27,DEFENSAS,4638,Aser Palacios,Terrassa FC,Segunda Federación,1056958,"LIGA PJ, LIGA Min",—,,False,Terrassa FC,False,3/49/0/0 | 2/202/0/0 | 0/0/0/0 | 0/0/0/0 | 0/0/0/0,4/65/0/0 | 2/202/0/0 | 0/0/0/0 | 0/0/0/0 | 0/0/0/0
2026-27,DEFENSAS,4648,Cameron Harper,Carlisle United,National League,563903,"LIGA PJ, LIGA Min, LIGA A/CS",—,,False,Carlisle United,False,7/250/0/0 | 0/0/0/0 | 0/0/0/0 | 0/0/0/0 | 0/0/0/0,8/267/0/1 | 0/0/0/0 | 0/0/0/0 | 0/0/0/0 | 0/0/0/0
2026-27,DEFENSAS,4649,Henrik Lauterbach,E. Norderstedt,Regionalliga,1351607,"LIGA PJ, LIGA Min",—,,False,E. Norderstedt,False,4/205/0/0 | 1/45/0/0 | 0/0/0/0 | 0/0/0/0 | 0/0/0/0,5/295/0/0 | 1/45/0/0 | 0/0/0/0 | 0/0/0/0 | 0/0/0/0
2026-27,DEFENSAS,4677,Jon Larrauri,Arenas Club,Primera Federación,634450,"LIGA PJ, LIGA Min",—,,False,Arenas Club,False,4/245/0/0 | 0/0/0/0 | 0/0/0/0 | 0/0/0/0 | 0/0/0/0,5/303/0/0 | 0/0/0/0 | 0/0/0/0 | 0/0/0/0 | 0/0/0/0
2026-27,DEFENSAS,4678,Javi Moreno,Peña Sport FC,Segunda Federación,896654,"LIGA PJ, LIGA Min",—,,False,Peña Sport FC,False,3/245/0/0 | 0/0/0/0 | 0/0/0/0 | 0/0/0/0 | 0/0/0/0,2/27/0/0 | 0/0/0/0 | 0/0/0/0 | 0/0/0/0 | 0/0/0/0
2026-27,DEFENSAS,4682,Luis Aguado,G. Segoviana,Segunda Federación,888691,"LIGA PJ, LIGA Min",—,,False,G. Segoviana,False,3/244/0/0 | 0/0/0/0 | 0/0/0/0 | 0/0/0/0 | 0/0/0/0,4/334/0/0 | 0/0/0/0 | 0/0/0/0 | 0/0/0/0 | 0/0/0/0
2026-27,DEFENSAS,4683,Nikola Stojnovic,FV Illertissen,Regionalliga,1437899,"LIGA PJ, LIGA Min, LIGA G/GC",—,,False,FV Illertissen,False,7/216/0/0 | 1/28/0/0 | 0/0/0/0 | 0/0/0/0 | 0/0/0/0,8/260/1/0 | 1/28/0/0 | 0/0/0/0 | 0/0/0/0 | 0/0/0/0
2026-27,DEFENSAS,4689,David Argüelles,Linares,Segunda Federación,719720,"LIGA PJ, LIGA Min",—,,False,Linares,False,3/243/0/0 | 0/0/0/0 | 0/0/0/0 | 0/0/0/0 | 0/0/0/0,4/310/0/0 | 0/0/0/0 | 0/0/0/0 | 0/0/0/0 | 0/0/0/0
2026-27,DEFENSAS,4701,José Mas,Águilas FC,Primera Federación,694182,"LIGA PJ, LIGA Min",—,,False,Águilas FC,False,4/241/0/0 | 0/0/0/0 | 0/0/0/0 | 0/0/0/0 | 0/0/0/0,5/331/0/0 | 0/0/0/0 | 0/0/0/0 | 0/0/0/0 | 0/0/0/0
2026-27,DEFENSAS,4716,Carlos Moratalla,Peña Sport FC,Segunda Federación,634119,"LIGA PJ, LIGA Min",—,,False,Peña Sport FC,False,3/238/0/0 | 0/0/0/0 | 0/0/0/0 | 0/0/0/0 | 0/0/0/0,4/328/0/0 | 0/0/0/0 | 0/0/0/0 | 0/0/0/0 | 0/0/0/0
2026-27,DEFENSAS,4726,Iván Pérez,CD Ebro,Segunda Federación,1226102,"LIGA PJ, LIGA Min",—,,False,CD Ebro,False,3/236/0/0 | 0/0/0/0 | 0/0/0/0 | 0/0/0/0 | 0/0/0/0,4/326/0/0 | 0/0/0/0 | 0/0/0/0 | 0/0/0/0 | 0/0/0/0
2026-27,DEFENSAS,4728,Pedro Morillo,At. Sanluqueño,Segunda Federación,680189,"LIGA PJ, LIGA Min",—,,False,At. Sanluqueño,False,3/236/0/0 | 0/0/0/0 | 0/0/0/0 | 0/0/0/0 | 0/0/0/0,4/249/0/0 | 0/0/0/0 | 0/0/0/0 | 0/0/0/0 | 0/0/0/0
2026-27,DEFENSAS,4733,Iván Tébar,Manresa,Segunda Federación,941710,"LIGA PJ, LIGA Min",—,,False,Manresa,False,3/235/0/0 | 0/0/0/0 | 0/0/0/0 | 0/0/0/0 | 0/0/0/0,4/325/0/0 | 0/0/0/0 | 0/0/0/0 | 0/0/0/0 | 0/0/0/0
2026-27,DEFENSAS,4734,Luke Garbutt,Salford,League Two,110860,"LIGA PJ, LIGA Min, LIGA A/CS",—,,False,Salford,False,3/145/0/0 | 1/90/0/0 | 0/0/0/0 | 0/0/0/0 | 0/0/0/0,4/156/0/1 | 1/90/0/0 | 0/0/0/0 | 0/0/0/0 | 0/0/0/0
2026-27,DEFENSAS,4736,Giulio Manetti,Lecco,Serie C,927261,"LIGA PJ, LIGA Min",—,,False,Lecco,False,5/173/0/0 | 1/62/0/0 | 0/0/0/0 | 0/0/0/0 | 0/0/0/0,6/263/0/0 | 1/62/0/0 | 0/0/0/0 | 0/0/0/0 | 0/0/0/0
2026-27,DEFENSAS,4747,Cheikhou Cissé,FC Fleury 91,Ligue 3,806251,"LIGA PJ, LIGA Min",—,,False,FC Fleury 91,False,3/233/0/0 | 0/0/0/0 | 0/0/0/0 | 0/0/0/0 | 0/0/0/0,4/294/0/0 | 0/0/0/0 | 0/0/0/0 | 0/0/0/0 | 0/0/0/0
2026-27,DEFENSAS,4756,Marius Ros,QRM,Ligue 3,913674,"LIGA PJ, LIGA Min",—,,False,QRM,False,6/230/0/0 | 0/0/0/0 | 0/0/0/0 | 0/0/0/0 | 0/0/0/0,7/312/0/0 | 0/0/0/0 | 0/0/0/0 | 0/0/0/0 | 0/0/0/0
2026-27,DEFENSAS,4761,Dimitrios Mitakidis,Eintracht Trier,Regionalliga,897486,"LIGA PJ, LIGA Min",—,,False,Eintracht Trier,False,4/138/0/0 | 1/90/0/0 | 0/0/0/0 | 0/0/0/0 | 0/0/0/0,5/142/0/0 | 1/90/0/0 | 0/0/0/0 | 0/0/0/0 | 0/0/0/0
2026-27,DEFENSAS,4762,Levi Mentzel,TSV Steinbach,Regionalliga,1162636,"LIGA PJ, LIGA Min",—,,False,TSV Steinbach,False,3/137/0/0 | 1/90/0/0 | 0/0/0/0 | 0/0/0/0 | 0/0/0/0,4/227/0/0 | 1/90/0/0 | 0/0/0/0 | 0/0/0/0 | 0/0/0/0
2026-27,DEFENSAS,4767,Cristian Andreoni,Crotone,Serie C,273126,"LIGA PJ, LIGA Min",—,,False,Crotone,False,4/226/0/0 | 0/0/0/0 | 0/0/0/0 | 0/0/0/0 | 0/0/0/0,5/240/0/0 | 0/0/0/0 | 0/0/0/0 | 0/0/0/0 | 0/0/0/0
2026-27,DEFENSAS,4782,Tommaso Mannucci,Cavese,Serie C,454877,"LIGA PJ, LIGA Min, LIGA A/CS",—,,False,Cavese,False,2/135/0/0 | 1/90/0/0 | 0/0/0/0 | 0/0/0/0 | 0/0/0/0,3/225/0/2 | 1/90/0/0 | 0/0/0/0 | 0/0/0/0 | 0/0/0/0
2026-27,DEFENSAS,4786,Ertijon Gega,Caratese,Serie C,536948,"LIGA PJ, LIGA Min",—,,False,Caratese,False,3/224/0/0 | 0/0/0/0 | 0/0/0/0 | 0/0/0/0 | 0/0/0/0,4/314/0/0 | 0/0/0/0 | 0/0/0/0 | 0/0/0/0 | 0/0/0/0
2026-27,DEFENSAS,4800,Sergio Peláez,Astorga,Segunda Federación,844045,"LIGA PJ, LIGA Min",—,,False,Astorga,False,3/220/0/0 | 0/0/0/0 | 0/0/0/0 | 0/0/0/0 | 0/0/0/0,4/310/0/0 | 0/0/0/0 | 0/0/0/0 | 0/0/0/0 | 0/0/0/0
2026-27,DEFENSAS,4832,Ryan Leak,FC Walsall,League Two,344008,"LIGA PJ, LIGA Min",—,,False,FC Walsall,False,1/90/0/0 | 2/122/0/0 | 0/0/0/0 | 0/0/0/0 | 0/0/0/0,2/104/0/0 | 2/122/0/0 | 0/0/0/0 | 0/0/0/0 | 0/0/0/0
2026-27,DEFENSAS,4835,Gabriele Morelli,Pianese,Serie C,285776,"LIGA PJ, LIGA Min",—,,False,Pianese,False,3/202/0/0 | 1/10/0/0 | 0/0/0/0 | 0/0/0/0 | 0/0/0/0,4/220/0/0 | 1/10/0/0 | 0/0/0/0 | 0/0/0/0 | 0/0/0/0
2026-27,DEFENSAS,4851,Erik Lanfer,FC Gütersloh,Regionalliga,716753,"LIGA PJ, LIGA Min",—,,False,FC Gütersloh,False,2/121/0/0 | 1/88/0/0 | 0/0/0/0 | 0/0/0/0 | 0/0/0/0,3/166/0/0 | 1/88/0/0 | 0/0/0/0 | 0/0/0/0 | 0/0/0/0
2026-27,DEFENSAS,4855,Jorge Domingo,Ourense,Segunda Federación,1037459,"LIGA PJ, LIGA Min",—,,False,Ourense,False,3/208/0/0 | 0/0/0/0 | 0/0/0/0 | 0/0/0/0 | 0/0/0/0,4/280/0/0 | 0/0/0/0 | 0/0/0/0 | 0/0/0/0 | 0/0/0/0
2026-27,DEFENSAS,4865,Ángel Gómez,Algeciras CF,Primera Federación,1171468,"LIGA PJ, LIGA Min",—,,False,Algeciras CF,False,3/206/0/0 | 0/0/0/0 | 0/0/0/0 | 0/0/0/0 | 0/0/0/0,4/296/0/0 | 0/0/0/0 | 0/0/0/0 | 0/0/0/0 | 0/0/0/0
2026-27,DEFENSAS,4867,Ibrahim Bakare,Eastleigh,National League,688406,"LIGA PJ, LIGA Min",—,,False,Eastleigh,False,4/206/0/0 | 0/0/0/0 | 0/0/0/0 | 0/0/0/0 | 0/0/0/0,5/212/0/0 | 0/0/0/0 | 0/0/0/0 | 0/0/0/0 | 0/0/0/0
2026-27,DEFENSAS,4911,Lolo Pavón,CD Don Benito,Segunda Federación,51582,"LIGA PJ, LIGA Min",—,,False,CD Don Benito,False,3/197/0/0 | 0/0/0/0 | 0/0/0/0 | 0/0/0/0 | 0/0/0/0,4/266/0/0 | 0/0/0/0 | 0/0/0/0 | 0/0/0/0 | 0/0/0/0
2026-27,DEFENSAS,4914,Maximilian Schuhbauer,W. Burghausen,Regionalliga,960959,"LIGA PJ, LIGA Min, LIGA G/GC",—,,False,W. Burghausen,False,6/176/0/0 | 1/21/0/0 | 0/0/0/0 | 0/0/0/0 | 0/0/0/0,7/208/1/0 | 1/21/0/0 | 0/0/0/0 | 0/0/0/0 | 0/0/0/0
2026-27,DEFENSAS,4923,Lee O'Connor,Tranmere Rovers,League Two,366681,"LIGA PJ, LIGA Min",—,,False,Tranmere Rovers,False,2/34/0/0 | 2/162/0/0 | 0/0/0/0 | 0/0/0/0 | 0/0/0/0,3/35/0/0 | 2/162/0/0 | 0/0/0/0 | 0/0/0/0 | 0/0/0/0
2026-27,DEFENSAS,4924,Ben Brookes,Sutton Utd,National League,1104703,"LIGA PJ, LIGA Min, LIGA A/CS",—,,False,Sutton Utd,False,2/139/0/0 | 1/57/0/0 | 0/0/0/0 | 0/0/0/0 | 0/0/0/0,3/229/0/1 | 1/57/0/0 | 0/0/0/0 | 0/0/0/0 | 0/0/0/0
2026-27,DEFENSAS,4925,Reagan Ogle,Scunthorpe Utd.,National League,472330,"LIGA PJ, LIGA Min",—,,False,Scunthorpe Utd.,False,4/168/0/0 | 1/28/0/0 | 0/0/0/0 | 0/0/0/0 | 0/0/0/0,5/214/0/0 | 1/28/0/0 | 0/0/0/0 | 0/0/0/0 | 0/0/0/0
2026-27,DEFENSAS,4926,Jonathan Do Marcolino,FC Annecy,Ligue 2,1119839,"SEL PJ, SEL Min",—,,False,FC Annecy,False,3/196/0/0 | 0/0/0/0 | 0/0/0/0 | 0/0/0/0 | 0/0/0/0,3/196/0/0 | 0/0/0/0 | 0/0/0/0 | 0/0/0/0 | 1/79/0/0
2026-27,DEFENSAS,4941,Alessio Rizza,Livorno,Serie C,641553,"LIGA PJ, LIGA Min",—,,False,Livorno,False,3/120/0/0 | 1/74/0/0 | 0/0/0/0 | 0/0/0/0 | 0/0/0/0,4/204/0/0 | 1/74/0/0 | 0/0/0/0 | 0/0/0/0 | 0/0/0/0
2026-27,DEFENSAS,4959,Philip Osei,CD Don Benito,Segunda Federación,734817,"LIGA PJ, LIGA Min",—,,False,CD Don Benito,False,3/190/0/0 | 0/0/0/0 | 0/0/0/0 | 0/0/0/0 | 0/0/0/0,4/280/0/0 | 0/0/0/0 | 0/0/0/0 | 0/0/0/0 | 0/0/0/0
2026-27,DEFENSAS,4969,Kristijan Taseski,FC 08 Homburg,Regionalliga,664974,"LIGA PJ, LIGA Min",—,,False,FC 08 Homburg,False,3/9/0/0 | 2/180/0/0 | 0/0/0/0 | 0/0/0/0 | 0/0/0/0,4/14/0/0 | 2/180/0/0 | 0/0/0/0 | 0/0/0/0 | 0/0/0/0
2026-27,DEFENSAS,4972,Andrés Calvo,Astorga,Segunda Federación,531341,"LIGA PJ, LIGA Min",—,,False,Astorga,False,3/188/0/0 | 0/0/0/0 | 0/0/0/0 | 0/0/0/0 | 0/0/0/0,4/268/0/0 | 0/0/0/0 | 0/0/0/0 | 0/0/0/0 | 0/0/0/0
2026-27,DEFENSAS,4974,Tom Renaudineau,VFC La Roche,Ligue 3,1165768,"LIGA PJ, LIGA Min",—,,False,VFC La Roche,False,6/188/0/0 | 0/0/0/0 | 0/0/0/0 | 0/0/0/0 | 0/0/0/0,7/251/0/0 | 0/0/0/0 | 0/0/0/0 | 0/0/0/0 | 0/0/0/0
2026-27,DEFENSAS,4980,Yacine Gaya,QRM,Ligue 3,743520,"LIGA PJ, LIGA Min",—,,False,QRM,False,3/187/0/0 | 0/0/0/0 | 0/0/0/0 | 0/0/0/0 | 0/0/0/0,4/195/0/0 | 0/0/0/0 | 0/0/0/0 | 0/0/0/0 | 0/0/0/0
2026-27,DEFENSAS,4981,Ozan Hot,1.FC Bocholt,Regionalliga,1001630,"LIGA PJ, LIGA Min",—,,False,1.FC Bocholt,False,2/119/0/0 | 1/68/0/0 | 0/0/0/0 | 0/0/0/0 | 0/0/0/0,3/202/0/0 | 1/68/0/0 | 0/0/0/0 | 0/0/0/0 | 0/0/0/0
2026-27,DEFENSAS,4983,Manny Monthe,Oldham Athletic,League Two,319630,"LIGA PJ, LIGA Min",—,,False,Oldham Athletic,False,4/168/0/0 | 1/18/0/0 | 0/0/0/0 | 0/0/0/0 | 0/0/0/0,5/258/0/0 | 1/18/0/0 | 0/0/0/0 | 0/0/0/0 | 0/0/0/0
2026-27,DEFENSAS,4984,Linus Weik,Heilbronn-Frei.,Regionalliga,700147,"LIGA PJ, LIGA Min",—,,False,Heilbronn-Frei.,False,6/186/0/0 | 0/0/0/0 | 0/0/0/0 | 0/0/0/0 | 0/0/0/0,7/268/0/0 | 0/0/0/0 | 0/0/0/0 | 0/0/0/0 | 0/0/0/0
2026-27,DEFENSAS,4995,Sang-hyeok Lee,Bucheon FC,K League 1,1362139,"LIGA PJ, LIGA Min, COPA PJ, COPA Min",—,,False,Bucheon FC,False,2/93/0/0 | 1/90/0/0 | 0/0/0/0 | 0/0/0/0 | 0/0/0/0,0/0/0/0 | 0/0/0/0 | 0/0/0/0 | 0/0/0/0 | 0/0/0/0
2026-27,DEFENSAS,5001,Carlos González,Sestao River ,Segunda Federación,895644,"LIGA PJ, LIGA Min",—,,False,Sestao River ,False,1/8/0/0 | 2/174/0/0 | 0/0/0/0 | 0/0/0/0 | 0/0/0/0,2/22/0/0 | 2/174/0/0 | 0/0/0/0 | 0/0/0/0 | 0/0/0/0
2026-27,DEFENSAS,5034,Lucas Viña,Sant Andreu,Primera Federación,510326,"LIGA PJ, LIGA Min",—,,False,Sant Andreu,False,2/180/0/0 | 0/0/0/0 | 0/0/0/0 | 0/0/0/0 | 0/0/0/0,3/270/0/0 | 0/0/0/0 | 0/0/0/0 | 0/0/0/0 | 0/0/0/0
2026-27,DEFENSAS,5039,Sergio Mendinueta,CD Ebro,Segunda Federación,892703,"LIGA PJ, LIGA Min",—,,False,CD Ebro,False,2/180/0/0 | 0/0/0/0 | 0/0/0/0 | 0/0/0/0 | 0/0/0/0,3/270/0/0 | 0/0/0/0 | 0/0/0/0 | 0/0/0/0 | 0/0/0/0
2026-27,DEFENSAS,5043,Raúl Sola,At. Sanluqueño,Segunda Federación,639732,"LIGA PJ, LIGA Min",—,,False,At. Sanluqueño,False,2/180/0/0 | 0/0/0/0 | 0/0/0/0 | 0/0/0/0 | 0/0/0/0,3/270/0/0 | 0/0/0/0 | 0/0/0/0 | 0/0/0/0 | 0/0/0/0
2026-27,DEFENSAS,5048,Jean-Sylvain Babin,CD Guadalajara,Segunda Federación,45256,"LIGA PJ, LIGA Min",—,,False,CD Guadalajara,False,2/180/0/0 | 0/0/0/0 | 0/0/0/0 | 0/0/0/0 | 0/0/0/0,0/0/0/0 | 0/0/0/0 | 0/0/0/0 | 0/0/0/0 | 0/0/0/0
2026-27,DEFENSAS,5049,Sergi Segura,CD Guadalajara,Segunda Federación,476101,"LIGA PJ, LIGA Min",—,,False,CD Guadalajara,False,2/180/0/0 | 0/0/0/0 | 0/0/0/0 | 0/0/0/0 | 0/0/0/0,0/0/0/0 | 0/0/0/0 | 0/0/0/0 | 0/0/0/0 | 0/0/0/0
2026-27,DEFENSAS,5054,Aden Flint,AFC Rochdale,League Two,105324,"LIGA PJ, LIGA Min, LIGA G/GC",—,,False,AFC Rochdale,False,2/180/0/0 | 0/0/0/0 | 0/0/0/0 | 0/0/0/0 | 0/0/0/0,3/270/1/0 | 0/0/0/0 | 0/0/0/0 | 0/0/0/0 | 0/0/0/0
2026-27,DEFENSAS,5056,Thomas Ghalem,Le Puy FC,Ligue 3,659515,"LIGA PJ, LIGA Min",—,,False,Le Puy FC,False,5/180/0/0 | 0/0/0/0 | 0/0/0/0 | 0/0/0/0 | 0/0/0/0,6/220/0/0 | 0/0/0/0 | 0/0/0/0 | 0/0/0/0 | 0/0/0/0
2026-27,DEFENSAS,5058,Théo Ndicka,US Orléans,Ligue 3,461595,"LIGA PJ, LIGA Min",—,,False,US Orléans,False,2/180/0/0 | 0/0/0/0 | 0/0/0/0 | 0/0/0/0 | 0/0/0/0,3/270/0/0 | 0/0/0/0 | 0/0/0/0 | 0/0/0/0 | 0/0/0/0
2026-27,DEFENSAS,5061,Esteban Alberto,Bourg-en-Bresse,Ligue 3,1119797,"LIGA PJ, LIGA Min",—,,False,Bourg-en-Bresse,False,4/179/0/0 | 0/0/0/0 | 0/0/0/0 | 0/0/0/0 | 0/0/0/0,5/269/0/0 | 0/0/0/0 | 0/0/0/0 | 0/0/0/0 | 0/0/0/0
2026-27,DEFENSAS,5090,Lukas Oberseider,SpVgg Ansbach,Regionalliga,1123965,"LIGA PJ, LIGA Min",—,,False,SpVgg Ansbach,False,6/154/0/0 | 1/19/0/0 | 0/0/0/0 | 0/0/0/0 | 0/0/0/0,7/155/0/0 | 1/19/0/0 | 0/0/0/0 | 0/0/0/0 | 0/0/0/0
2026-27,DEFENSAS,5098,Rico Browne,FC Walsall,League Two,733305,"SEL PJ, SEL Min",—,,False,FC Walsall,False,2/55/0/0 | 2/117/0/0 | 0/0/0/0 | 0/0/0/0 | 0/0/0/0,2/55/0/0 | 2/117/0/0 | 0/0/0/0 | 0/0/0/0 | 1/90/0/0
2026-27,DEFENSAS,5099,Jesse Osei,E. Norderstedt,Regionalliga,922213,"LIGA PJ, LIGA Min",—,,False,E. Norderstedt,False,4/172/0/0 | 0/0/0/0 | 0/0/0/0 | 0/0/0/0 | 0/0/0/0,5/262/0/0 | 0/0/0/0 | 0/0/0/0 | 0/0/0/0 | 0/0/0/0
2026-27,DEFENSAS,5100,Tom Barth,VfR Aalen,Regionalliga,907469,"LIGA PJ, LIGA Min",—,,False,VfR Aalen,False,8/172/0/0 | 0/0/0/0 | 0/0/0/0 | 0/0/0/0 | 0/0/0/0,9/188/0/0 | 0/0/0/0 | 0/0/0/0 | 0/0/0/0 | 0/0/0/0
2026-27,DEFENSAS,5114,Mehdi Hetemaj,VfR Mannheim,Regionalliga,335350,"LIGA PJ, LIGA Min, LIGA G/GC",—,,False,VfR Mannheim,False,3/170/0/0 | 0/0/0/0 | 0/0/0/0 | 0/0/0/0 | 0/0/0/0,4/260/1/0 | 0/0/0/0 | 0/0/0/0 | 0/0/0/0 | 0/0/0/0
2026-27,DEFENSAS,5117,Iñaki Rodríguez,Peña Sport FC,Segunda Federación,1406858,"LIGA PJ, LIGA Min",—,,False,Peña Sport FC,False,3/169/0/0 | 0/0/0/0 | 0/0/0/0 | 0/0/0/0 | 0/0/0/0,4/180/0/0 | 0/0/0/0 | 0/0/0/0 | 0/0/0/0 | 0/0/0/0
2026-27,DEFENSAS,5143,Florian Heister,Fortuna Köln,3. Liga,333661,"LIGA PJ, LIGA Min",—,,False,Fortuna Köln,False,4/159/0/0 | 1/6/0/0 | 0/0/0/0 | 0/0/0/0 | 0/0/0/0,5/249/0/0 | 1/6/0/0 | 0/0/0/0 | 0/0/0/0 | 0/0/0/0
2026-27,DEFENSAS,5151,Maxime Etuin,FC Villefranche,Ligue 3,288236,"LIGA PJ, LIGA Min",—,,False,FC Villefranche,False,5/163/0/0 | 0/0/0/0 | 0/0/0/0 | 0/0/0/0 | 0/0/0/0,6/195/0/0 | 0/0/0/0 | 0/0/0/0 | 0/0/0/0 | 0/0/0/0
2026-27,DEFENSAS,5152,Sandro Plechaty,Kickers Emden,Regionalliga,238719,"LIGA PJ, LIGA Min",—,,False,Kickers Emden,False,4/163/0/0 | 0/0/0/0 | 0/0/0/0 | 0/0/0/0 | 0/0/0/0,5/253/0/0 | 0/0/0/0 | 0/0/0/0 | 0/0/0/0 | 0/0/0/0
2026-27,DEFENSAS,5161,Adam Dihad,Bourg-en-Bresse,Ligue 3,654409,"LIGA PJ, LIGA Min",—,,False,Bourg-en-Bresse,False,3/162/0/0 | 0/0/0/0 | 0/0/0/0 | 0/0/0/0 | 0/0/0/0,4/243/0/0 | 0/0/0/0 | 0/0/0/0 | 0/0/0/0 | 0/0/0/0
2026-27,DEFENSAS,5166,Adrián Tovar,UD Sanse,Segunda Federación,967600,"LIGA PJ, LIGA Min",—,,False,UD Sanse,False,3/161/0/0 | 0/0/0/0 | 0/0/0/0 | 0/0/0/0 | 0/0/0/0,4/251/0/0 | 0/0/0/0 | 0/0/0/0 | 0/0/0/0 | 0/0/0/0
2026-27,DEFENSAS,5192,David Remiger,FC Memmingen,Regionalliga,508049,"LIGA PJ, LIGA Min",—,,False,FC Memmingen,False,6/66/0/0 | 2/91/0/0 | 0/0/0/0 | 0/0/0/0 | 0/0/0/0,7/111/0/0 | 2/91/0/0 | 0/0/0/0 | 0/0/0/0 | 0/0/0/0
2026-27,DEFENSAS,5220,Xavier Benjamin,Barrow,National League,666449,"LIGA PJ, LIGA Min",—,,False,Barrow,False,3/153/0/0 | 0/0/0/0 | 0/0/0/0 | 0/0/0/0 | 0/0/0/0,4/243/0/0 | 0/0/0/0 | 0/0/0/0 | 0/0/0/0 | 0/0/0/0
2026-27,DEFENSAS,5221,Pepe Böhm,Lok Leipzig,Regionalliga,897404,"LIGA PJ, LIGA Min",—,,False,Lok Leipzig,False,4/153/0/0 | 0/0/0/0 | 0/0/0/0 | 0/0/0/0 | 0/0/0/0,5/243/0/0 | 0/0/0/0 | 0/0/0/0 | 0/0/0/0 | 0/0/0/0
2026-27,DEFENSAS,5255,Christian Di Bitonto,Giana Erminio,Serie C,1386034,"LIGA PJ, LIGA Min",—,,False,Giana Erminio,False,4/100/0/0 | 2/48/0/0 | 0/0/0/0 | 0/0/0/0 | 0/0/0/0,5/113/0/0 | 2/48/0/0 | 0/0/0/0 | 0/0/0/0 | 0/0/0/0
2026-27,DEFENSAS,5263,Mateo Prevedini,Torremolinos,Primera Federación,1038746,"LIGA PJ, LIGA Min",—,,False,Torremolinos,False,3/146/0/0 | 0/0/0/0 | 0/0/0/0 | 0/0/0/0 | 0/0/0/0,4/236/0/0 | 0/0/0/0 | 0/0/0/0 | 0/0/0/0 | 0/0/0/0
2026-27,DEFENSAS,5295,Kevin Miranda,Cerignola,Serie C,734898,"LIGA PJ, LIGA Min",—,,False,Cerignola,False,3/140/0/0 | 0/0/0/0 | 0/0/0/0 | 0/0/0/0 | 0/0/0/0,4/230/0/0 | 0/0/0/0 | 0/0/0/0 | 0/0/0/0 | 0/0/0/0
2026-27,DEFENSAS,5301,Kyle Ajayi,Forest Green,National League,922137,"LIGA PJ, LIGA Min",—,,False,Forest Green,False,4/139/0/0 | 0/0/0/0 | 0/0/0/0 | 0/0/0/0 | 0/0/0/0,5/229/0/0 | 0/0/0/0 | 0/0/0/0 | 0/0/0/0 | 0/0/0/0
2026-27,DEFENSAS,5343,Toby Byron,Sutton Utd,National League,989117,"LIGA PJ, LIGA Min",—,,False,Sutton Utd,False,1/90/0/0 | 1/45/0/0 | 0/0/0/0 | 0/0/0/0 | 0/0/0/0,2/135/0/0 | 1/45/0/0 | 0/0/0/0 | 0/0/0/0 | 0/0/0/0
2026-27,DEFENSAS,5344,Ante Banden,Schwaben Augsb.,Regionalliga,944126,"LIGA PJ, LIGA Min",—,,False,Schwaben Augsb.,False,2/135/0/0 | 0/0/0/0 | 0/0/0/0 | 0/0/0/0 | 0/0/0/0,3/185/0/0 | 0/0/0/0 | 0/0/0/0 | 0/0/0/0 | 0/0/0/0
2026-27,DEFENSAS,5346,Omar Khailoti,Novara,Serie C,556173,"LIGA PJ, LIGA Min",—,,False,Novara,False,2/135/0/0 | 0/0/0/0 | 0/0/0/0 | 0/0/0/0 | 0/0/0/0,3/225/0/0 | 0/0/0/0 | 0/0/0/0 | 0/0/0/0 | 0/0/0/0
2026-27,DEFENSAS,5353,Luca Bazzoli,RW Essen,3. Liga,493899,"COPA PJ, COPA Min",—,,False,RW Essen,False,2/13/0/0 | 2/121/0/0 | 0/0/0/0 | 0/0/0/0 | 0/0/0/0,2/13/0/0 | 3/211/0/0 | 0/0/0/0 | 0/0/0/0 | 0/0/0/0
2026-27,DEFENSAS,5371,Maximilian Eckstein,TSV Aubstadt,Regionalliga,1157739,"LIGA PJ, LIGA Min",—,,False,TSV Aubstadt,False,2/70/0/0 | 2/59/0/0 | 0/0/0/0 | 0/0/0/0 | 0/0/0/0,3/79/0/0 | 2/59/0/0 | 0/0/0/0 | 0/0/0/0 | 0/0/0/0
2026-27,DEFENSAS,5372,Conor Güllmeister,RSV Eintracht,Regionalliga,920175,"LIGA PJ, LIGA Min",—,,False,RSV Eintracht,False,3/79/0/0 | 2/50/0/0 | 0/0/0/0 | 0/0/0/0 | 0/0/0/0,4/169/0/0 | 2/50/0/0 | 0/0/0/0 | 0/0/0/0 | 0/0/0/0
2026-27,DEFENSAS,5378,Marshall Faleu,Heilbronn-Frei.,Regionalliga,919602,"LIGA PJ, LIGA Min, LIGA G/GC",—,,False,Heilbronn-Frei.,False,3/108/0/0 | 1/20/0/0 | 0/0/0/0 | 0/0/0/0 | 0/0/0/0,4/198/1/0 | 1/20/0/0 | 0/0/0/0 | 0/0/0/0 | 0/0/0/0
2026-27,DEFENSAS,5381,Ben Jackson,Barrow,National League,689892,"LIGA PJ, LIGA Min",—,,False,Barrow,False,4/127/0/0 | 0/0/0/0 | 0/0/0/0 | 0/0/0/0 | 0/0/0/0,5/150/0/0 | 0/0/0/0 | 0/0/0/0 | 0/0/0/0 | 0/0/0/0
2026-27,DEFENSAS,5382,Mattis Hoppe,SSV Ulm 1846,Regionalliga,666169,"LIGA PJ, LIGA Min",—,,False,SSV Ulm 1846,False,3/127/0/0 | 0/0/0/0 | 0/0/0/0 | 0/0/0/0 | 0/0/0/0,4/217/0/0 | 0/0/0/0 | 0/0/0/0 | 0/0/0/0 | 0/0/0/0
2026-27,DEFENSAS,5405,Jannik Borgmann,FC Gütersloh,Regionalliga,284216,"LIGA PJ, LIGA Min",—,,False,FC Gütersloh,False,3/123/0/0 | 0/0/0/0 | 0/0/0/0 | 0/0/0/0 | 0/0/0/0,4/138/0/0 | 0/0/0/0 | 0/0/0/0 | 0/0/0/0 | 0/0/0/0
2026-27,DEFENSAS,5416,Pietro Parmiggiani,Ospitaletto,Serie C,1058394,"LIGA PJ, LIGA Min",—,,False,Ospitaletto,False,2/121/0/0 | 0/0/0/0 | 0/0/0/0 | 0/0/0/0 | 0/0/0/0,3/211/0/0 | 0/0/0/0 | 0/0/0/0 | 0/0/0/0 | 0/0/0/0
2026-27,DEFENSAS,5439,Kemryk Nagera,FC Villefranche,Ligue 3,1078334,"LIGA PJ, LIGA Min",—,,False,FC Villefranche,False,3/118/0/0 | 0/0/0/0 | 0/0/0/0 | 0/0/0/0 | 0/0/0/0,4/208/0/0 | 0/0/0/0 | 0/0/0/0 | 0/0/0/0 | 0/0/0/0
2026-27,DEFENSAS,5445,Guize Medina,Linares,Segunda Federación,1183335,"LIGA PJ, LIGA Min",—,,False,Linares,False,2/117/0/0 | 0/0/0/0 | 0/0/0/0 | 0/0/0/0 | 0/0/0/0,3/162/0/0 | 0/0/0/0 | 0/0/0/0 | 0/0/0/0 | 0/0/0/0
2026-27,DEFENSAS,5446,Joe Edwards,Plymouth Argyle,League One,121773,"LIGA PJ, LIGA Min",—,,False,Plymouth Argyle,False,2/41/0/0 | 2/76/0/0 | 0/0/0/0 | 0/0/0/0 | 0/0/0/0,3/72/0/0 | 2/76/0/0 | 0/0/0/0 | 0/0/0/0 | 0/0/0/0
2026-27,DEFENSAS,5461,Marcel Hoppe,Carl Zeiss Jena,Regionalliga,390887,"LIGA PJ, LIGA Min",—,,False,Carl Zeiss Jena,False,7/112/0/0 | 1/4/0/0 | 0/0/0/0 | 0/0/0/0 | 0/0/0/0,8/134/0/0 | 1/4/0/0 | 0/0/0/0 | 0/0/0/0 | 0/0/0/0
2026-27,DEFENSAS,5466,Leon Baldi,Desenzano,Serie C,816958,"LIGA PJ, LIGA Min",—,,False,Desenzano,False,2/25/0/0 | 1/90/0/0 | 0/0/0/0 | 0/0/0/0 | 0/0/0/0,3/31/0/0 | 1/90/0/0 | 0/0/0/0 | 0/0/0/0 | 0/0/0/0
2026-27,DEFENSAS,5469,Kaïs Benabdelouahed,Concarneau,Ligue 3,945495,"LIGA PJ, LIGA Min",—,,False,Concarneau,False,4/114/0/0 | 0/0/0/0 | 0/0/0/0 | 0/0/0/0 | 0/0/0/0,5/126/0/0 | 0/0/0/0 | 0/0/0/0 | 0/0/0/0 | 0/0/0/0
2026-27,DEFENSAS,5470,Michael Schaupp,VfR Aalen,Regionalliga,893669,"LIGA PJ, LIGA Min",—,,False,VfR Aalen,False,5/114/0/0 | 0/0/0/0 | 0/0/0/0 | 0/0/0/0 | 0/0/0/0,6/204/0/0 | 0/0/0/0 | 0/0/0/0 | 0/0/0/0 | 0/0/0/0
2026-27,DEFENSAS,5471,Luis Podolski,Hessen Kassel,Regionalliga,807205,"LIGA PJ, LIGA Min",—,,False,Hessen Kassel,False,3/114/0/0 | 0/0/0/0 | 0/0/0/0 | 0/0/0/0 | 0/0/0/0,4/148/0/0 | 0/0/0/0 | 0/0/0/0 | 0/0/0/0 | 0/0/0/0
2026-27,DEFENSAS,5474,Ander Dufur,Arenas Club,Primera Federación,635570,"LIGA PJ, LIGA Min",—,,False,Arenas Club,False,3/113/0/0 | 0/0/0/0 | 0/0/0/0 | 0/0/0/0 | 0/0/0/0,4/190/0/0 | 0/0/0/0 | 0/0/0/0 | 0/0/0/0 | 0/0/0/0
2026-27,DEFENSAS,5506,Sebastian Aigner,Carl Zeiss Jena,Regionalliga,404943,"LIGA PJ, LIGA Min",—,,False,Carl Zeiss Jena,False,2/107/0/0 | 0/0/0/0 | 0/0/0/0 | 0/0/0/0 | 0/0/0/0,3/197/0/0 | 0/0/0/0 | 0/0/0/0 | 0/0/0/0 | 0/0/0/0
2026-27,DEFENSAS,5513,Pablo Ramírez,Ourense,Segunda Federación,979355,"LIGA PJ, LIGA Min",—,,False,Ourense,False,3/106/0/0 | 0/0/0/0 | 0/0/0/0 | 0/0/0/0 | 0/0/0/0,4/196/0/0 | 0/0/0/0 | 0/0/0/0 | 0/0/0/0 | 0/0/0/0
2026-27,DEFENSAS,5533,Seymour Fünger,Fortuna Köln,3. Liga,530165,"LIGA PJ, LIGA Min",—,,False,Fortuna Köln,False,3/103/0/0 | 0/0/0/0 | 0/0/0/0 | 0/0/0/0 | 0/0/0/0,4/182/0/0 | 0/0/0/0 | 0/0/0/0 | 0/0/0/0 | 0/0/0/0
2026-27,DEFENSAS,5535,Christian Mora,Giana Erminio,Serie C,301239,"LIGA PJ, LIGA Min",—,,False,Giana Erminio,False,2/103/0/0 | 0/0/0/0 | 0/0/0/0 | 0/0/0/0 | 0/0/0/0,3/153/0/0 | 0/0/0/0 | 0/0/0/0 | 0/0/0/0 | 0/0/0/0
2026-27,DEFENSAS,5566,Arlind Iljazi,SG Barockstadt,Regionalliga,1183500,"LIGA PJ, LIGA Min",—,,False,SG Barockstadt,False,7/98/0/0 | 0/0/0/0 | 0/0/0/0 | 0/0/0/0 | 0/0/0/0,8/104/0/0 | 0/0/0/0 | 0/0/0/0 | 0/0/0/0 | 0/0/0/0
2026-27,DEFENSAS,5581,Benji Núñez,CD Coria,Primera Federación,710275,"LIGA PJ, LIGA Min",—,,False,CD Coria,False,4/95/0/0 | 0/0/0/0 | 0/0/0/0 | 0/0/0/0 | 0/0/0/0,5/164/0/0 | 0/0/0/0 | 0/0/0/0 | 0/0/0/0 | 0/0/0/0
2026-27,DEFENSAS,5590,Diego Rodríguez,At. Sanluqueño,Segunda Federación,839421,"LIGA PJ, LIGA Min",—,,False,At. Sanluqueño,False,2/94/0/0 | 0/0/0/0 | 0/0/0/0 | 0/0/0/0 | 0/0/0/0,3/149/0/0 | 0/0/0/0 | 0/0/0/0 | 0/0/0/0 | 0/0/0/0
2026-27,DEFENSAS,5604,Carlos Cordero,CD Extremadura,Primera Federación,510369,"LIGA PJ, LIGA Min",—,,False,CD Extremadura,False,2/92/0/0 | 0/0/0/0 | 0/0/0/0 | 0/0/0/0 | 0/0/0/0,3/113/0/0 | 0/0/0/0 | 0/0/0/0 | 0/0/0/0 | 0/0/0/0
2026-27,DEFENSAS,5605,Sergio Escolar,CD Ebro,Segunda Federación,714187,"LIGA PJ, LIGA Min",—,,False,CD Ebro,False,3/92/0/0 | 0/0/0/0 | 0/0/0/0 | 0/0/0/0 | 0/0/0/0,4/106/0/0 | 0/0/0/0 | 0/0/0/0 | 0/0/0/0 | 0/0/0/0
2026-27,DEFENSAS,5608,Matthieu Jacob,VFC La Roche,Ligue 3,1027222,"LIGA PJ, LIGA Min",—,,False,VFC La Roche,False,3/92/0/0 | 0/0/0/0 | 0/0/0/0 | 0/0/0/0 | 0/0/0/0,4/119/0/0 | 0/0/0/0 | 0/0/0/0 | 0/0/0/0 | 0/0/0/0
2026-27,DEFENSAS,5609,Max Klump,FSV Schöningen,Regionalliga,317737,"LIGA PJ, LIGA Min",—,,False,FSV Schöningen,False,4/65/0/0 | 1/27/0/0 | 0/0/0/0 | 0/0/0/0 | 0/0/0/0,5/155/0/0 | 1/27/0/0 | 0/0/0/0 | 0/0/0/0 | 0/0/0/0
2026-27,DEFENSAS,5660,Álvaro Domínguez,CD Coria,Primera Federación,993516,"LIGA PJ, LIGA Min",—,,False,CD Coria,False,1/90/0/0 | 0/0/0/0 | 0/0/0/0 | 0/0/0/0 | 0/0/0/0,2/180/0/0 | 0/0/0/0 | 0/0/0/0 | 0/0/0/0 | 0/0/0/0
2026-27,DEFENSAS,5664,Antonio Sánchez,Águilas FC,Primera Federación,881217,"LIGA PJ, LIGA Min",—,,False,Águilas FC,False,1/90/0/0 | 0/0/0/0 | 0/0/0/0 | 0/0/0/0 | 0/0/0/0,2/141/0/0 | 0/0/0/0 | 0/0/0/0 | 0/0/0/0 | 0/0/0/0
2026-27,DEFENSAS,5672,Moisés Becken,Linares,Segunda Federación,1457545,"LIGA PJ, LIGA Min",—,,False,Linares,False,1/90/0/0 | 0/0/0/0 | 0/0/0/0 | 0/0/0/0 | 0/0/0/0,2/180/0/0 | 0/0/0/0 | 0/0/0/0 | 0/0/0/0 | 0/0/0/0
2026-27,DEFENSAS,5677,Pedro Fernández,CD Guadalajara,Segunda Federación,1332058,"LIGA PJ, LIGA Min",—,,False,CD Guadalajara,False,1/90/0/0 | 0/0/0/0 | 0/0/0/0 | 0/0/0/0 | 0/0/0/0,0/0/0/0 | 0/0/0/0 | 0/0/0/0 | 0/0/0/0 | 0/0/0/0
2026-27,DEFENSAS,5685,Quentin Lacour,Bourg-en-Bresse,Ligue 3,297124,"LIGA PJ, LIGA Min",—,,False,Bourg-en-Bresse,False,1/90/0/0 | 0/0/0/0 | 0/0/0/0 | 0/0/0/0 | 0/0/0/0,2/180/0/0 | 0/0/0/0 | 0/0/0/0 | 0/0/0/0 | 0/0/0/0
2026-27,DEFENSAS,5689,Johann Deumi-Nappi,SF Lotte,Regionalliga,1070986,"LIGA PJ, LIGA Min",—,,False,SF Lotte,False,1/90/0/0 | 0/0/0/0 | 0/0/0/0 | 0/0/0/0 | 0/0/0/0,2/180/0/0 | 0/0/0/0 | 0/0/0/0 | 0/0/0/0 | 0/0/0/0
2026-27,DEFENSAS,5695,Brian Velázquez,CD Don Benito,Segunda Federación,887365,"LIGA PJ, LIGA Min, LIGA G/GC",—,,False,CD Don Benito,False,3/89/0/0 | 0/0/0/0 | 0/0/0/0 | 0/0/0/0 | 0/0/0/0,4/110/1/0 | 0/0/0/0 | 0/0/0/0 | 0/0/0/0 | 0/0/0/0
2026-27,DEFENSAS,5712,Marvin Mutz,FCA Walldorf,Regionalliga,1009331,"LIGA PJ, LIGA Min",—,,False,FCA Walldorf,False,1/11/0/0 | 2/75/0/0 | 0/0/0/0 | 0/0/0/0 | 0/0/0/0,2/79/0/0 | 2/75/0/0 | 0/0/0/0 | 0/0/0/0 | 0/0/0/0
2026-27,DEFENSAS,5715,Aitor Intxausti,SD Amorebieta,Segunda Federación,634245,"LIGA PJ, LIGA Min",—,,False,SD Amorebieta,False,1/85/0/0 | 0/0/0/0 | 0/0/0/0 | 0/0/0/0 | 0/0/0/0,2/149/0/0 | 0/0/0/0 | 0/0/0/0 | 0/0/0/0 | 0/0/0/0
2026-27,DEFENSAS,5731,Alfonso Peral,Astorga,Segunda Federación,1322788,"LIGA PJ, LIGA Min",—,,False,Astorga,False,2/82/0/0 | 0/0/0/0 | 0/0/0/0 | 0/0/0/0 | 0/0/0/0,3/98/0/0 | 0/0/0/0 | 0/0/0/0 | 0/0/0/0 | 0/0/0/0
2026-27,DEFENSAS,5742,Samu Gomis,CD Don Benito,Segunda Federación,445521,"LIGA PJ, LIGA Min",—,,False,CD Don Benito,False,3/80/0/0 | 0/0/0/0 | 0/0/0/0 | 0/0/0/0 | 0/0/0/0,4/84/0/0 | 0/0/0/0 | 0/0/0/0 | 0/0/0/0 | 0/0/0/0
2026-27,DEFENSAS,5750,Sergio Montes,At. Sanluqueño,Segunda Federación,913944,"LIGA PJ, LIGA Min",—,,False,At. Sanluqueño,False,1/78/0/0 | 0/0/0/0 | 0/0/0/0 | 0/0/0/0 | 0/0/0/0,2/113/0/0 | 0/0/0/0 | 0/0/0/0 | 0/0/0/0 | 0/0/0/0
2026-27,DEFENSAS,5752,Francesco Manzoni,Giana Erminio,Serie C,1568203,"LIGA PJ, LIGA Min",—,,False,Giana Erminio,False,1/16/0/0 | 2/62/0/0 | 0/0/0/0 | 0/0/0/0 | 0/0/0/0,2/29/0/0 | 2/62/0/0 | 0/0/0/0 | 0/0/0/0 | 0/0/0/0
2026-27,DEFENSAS,5810,Mario Jorrín,Ourense,Segunda Federación,636113,"LIGA PJ, LIGA Min",—,,False,Ourense,False,2/67/0/0 | 0/0/0/0 | 0/0/0/0 | 0/0/0/0 | 0/0/0/0,3/98/0/0 | 0/0/0/0 | 0/0/0/0 | 0/0/0/0 | 0/0/0/0
2026-27,DEFENSAS,5812,Grant Horton,Harrogate Town,National League,698896,"LIGA PJ, LIGA Min",—,,False,Harrogate Town,False,2/67/0/0 | 0/0/0/0 | 0/0/0/0 | 0/0/0/0 | 0/0/0/0,3/157/0/0 | 0/0/0/0 | 0/0/0/0 | 0/0/0/0 | 0/0/0/0
2026-27,DEFENSAS,5823,Alexander Sorge,K. Offenbach,Regionalliga,195612,"LIGA PJ, LIGA Min",—,,False,K. Offenbach,False,2/65/0/0 | 0/0/0/0 | 0/0/0/0 | 0/0/0/0 | 0/0/0/0,3/110/0/0 | 0/0/0/0 | 0/0/0/0 | 0/0/0/0 | 0/0/0/0
2026-27,DEFENSAS,5829,Tim-Niklas Pietzsch,Heilbronn-Frei.,Regionalliga,1131810,"LIGA PJ, LIGA Min",—,,False,Heilbronn-Frei.,False,4/64/0/0 | 0/0/0/0 | 0/0/0/0 | 0/0/0/0 | 0/0/0/0,5/84/0/0 | 0/0/0/0 | 0/0/0/0 | 0/0/0/0 | 0/0/0/0
2026-27,DEFENSAS,5840,Yanis Hadjem,Cannes,Ligue 3,801569,"LIGA PJ, LIGA Min",—,,False,Cannes,False,4/61/0/0 | 0/0/0/0 | 0/0/0/0 | 0/0/0/0 | 0/0/0/0,5/66/0/0 | 0/0/0/0 | 0/0/0/0 | 0/0/0/0 | 0/0/0/0
2026-27,DEFENSAS,5851,Dylan Crowe,Halifax Town,National League,433319,"LIGA PJ, LIGA Min",—,,False,Halifax Town,False,4/58/0/0 | 0/0/0/0 | 0/0/0/0 | 0/0/0/0 | 0/0/0/0,5/90/0/0 | 0/0/0/0 | 0/0/0/0 | 0/0/0/0 | 0/0/0/0
2026-27,DEFENSAS,5882,Liam López,G. Segoviana,Segunda Federación,1065476,"LIGA PJ, LIGA Min",—,,False,G. Segoviana,False,2/53/0/0 | 0/0/0/0 | 0/0/0/0 | 0/0/0/0 | 0/0/0/0,3/77/0/0 | 0/0/0/0 | 0/0/0/0 | 0/0/0/0 | 0/0/0/0
2026-27,DEFENSAS,5888,Giovanni Di Renzo,Pineto,Serie C,731510,"LIGA PJ, LIGA Min",—,,False,Pineto,False,3/52/0/0 | 0/0/0/0 | 0/0/0/0 | 0/0/0/0 | 0/0/0/0,4/142/0/0 | 0/0/0/0 | 0/0/0/0 | 0/0/0/0 | 0/0/0/0
2026-27,DEFENSAS,5892,Ismael Athuman,Gimnàstic,Primera Federación,351204,"LIGA PJ, LIGA Min",—,,False,Gimnàstic,False,3/51/0/0 | 0/0/0/0 | 0/0/0/0 | 0/0/0/0 | 0/0/0/0,4/141/0/0 | 0/0/0/0 | 0/0/0/0 | 0/0/0/0 | 0/0/0/0
2026-27,DEFENSAS,5897,Erlantz Palacín,Arenas Club,Primera Federación,938696,"LIGA PJ, LIGA Min",—,,False,Arenas Club,False,3/50/0/0 | 0/0/0/0 | 0/0/0/0 | 0/0/0/0 | 0/0/0/0,4/63/0/0 | 0/0/0/0 | 0/0/0/0 | 0/0/0/0 | 0/0/0/0
2026-27,DEFENSAS,5910,Álex Iglesias,Manresa,Segunda Federación,1006538,"LIGA PJ, LIGA Min",—,,False,Manresa,False,2/47/0/0 | 0/0/0/0 | 0/0/0/0 | 0/0/0/0 | 0/0/0/0,3/123/0/0 | 0/0/0/0 | 0/0/0/0 | 0/0/0/0 | 0/0/0/0
2026-27,DEFENSAS,5947,Drini Miftari,SG Barockstadt,Regionalliga,829272,"LIGA PJ, LIGA Min",—,,False,SG Barockstadt,False,1/45/0/0 | 0/0/0/0 | 0/0/0/0 | 0/0/0/0 | 0/0/0/0,2/89/0/0 | 0/0/0/0 | 0/0/0/0 | 0/0/0/0 | 0/0/0/0
2026-27,DEFENSAS,5948,Samuele Diodato,Lumezzane,Serie C,935734,"LIGA PJ, LIGA Min",—,,False,Lumezzane,False,3/45/0/0 | 0/0/0/0 | 0/0/0/0 | 0/0/0/0 | 0/0/0/0,4/70/0/0 | 0/0/0/0 | 0/0/0/0 | 0/0/0/0 | 0/0/0/0
2026-27,DEFENSAS,5988,Tristan Gill,Halifax Town,National League,1047471,"LIGA PJ, LIGA Min",—,,False,Halifax Town,False,1/35/0/0 | 0/0/0/0 | 0/0/0/0 | 0/0/0/0 | 0/0/0/0,2/80/0/0 | 0/0/0/0 | 0/0/0/0 | 0/0/0/0 | 0/0/0/0
2026-27,DEFENSAS,6002,Dramane Diarra,SC Bastia,Ligue 3,1468229,"LIGA PJ, LIGA Min",—,,False,SC Bastia,False,2/33/0/0 | 0/0/0/0 | 0/0/0/0 | 0/0/0/0 | 0/0/0/0,3/61/0/0 | 0/0/0/0 | 0/0/0/0 | 0/0/0/0 | 0/0/0/0
2026-27,DEFENSAS,6013,David Djédjé,SC Bastia,Ligue 3,1448120,"LIGA PJ, LIGA Min",—,,False,SC Bastia,False,2/31/0/0 | 0/0/0/0 | 0/0/0/0 | 0/0/0/0 | 0/0/0/0,3/111/0/0 | 0/0/0/0 | 0/0/0/0 | 0/0/0/0 | 0/0/0/0
2026-27,DEFENSAS,6089,Alessandro Silvestro,Cerignola,Serie C,692351,"LIGA PJ, LIGA Min",—,,False,Cerignola,False,1/23/0/0 | 0/0/0/0 | 0/0/0/0 | 0/0/0/0 | 0/0/0/0,2/51/0/0 | 0/0/0/0 | 0/0/0/0 | 0/0/0/0 | 0/0/0/0
2026-27,DEFENSAS,6121,Iván Tomás,Ourense,Segunda Federación,1124141,"LIGA PJ, LIGA Min",—,,False,Ourense,False,2/19/0/0 | 0/0/0/0 | 0/0/0/0 | 0/0/0/0 | 0/0/0/0,3/37/0/0 | 0/0/0/0 | 0/0/0/0 | 0/0/0/0 | 0/0/0/0
2026-27,DEFENSAS,6136,Diego Espejo,CD Extremadura,Primera Federación,618808,"LIGA PJ, LIGA Min",—,,False,CD Extremadura,False,3/18/0/0 | 0/0/0/0 | 0/0/0/0 | 0/0/0/0 | 0/0/0/0,4/99/0/0 | 0/0/0/0 | 0/0/0/0 | 0/0/0/0 | 0/0/0/0
2026-27,DEFENSAS,6161,Ange Badey,FC Versailles,Ligue 3,1082205,"LIGA PJ, LIGA Min",—,,False,FC Versailles,False,1/16/0/0 | 0/0/0/0 | 0/0/0/0 | 0/0/0/0 | 0/0/0/0,2/47/0/0 | 0/0/0/0 | 0/0/0/0 | 0/0/0/0 | 0/0/0/0
2026-27,DEFENSAS,6217,Oriol Subirats,Gimnàstic,Primera Federación,1394343,"LIGA PJ, LIGA Min",—,,False,Gimnàstic,False,2/10/0/0 | 0/0/0/0 | 0/0/0/0 | 0/0/0/0 | 0/0/0/0,3/95/0/0 | 0/0/0/0 | 0/0/0/0 | 0/0/0/0 | 0/0/0/0
2026-27,DEFENSAS,6248,Kevin de la Llave,UD Sanse,Segunda Federación,963600,"LIGA PJ, LIGA Min",—,,False,UD Sanse,False,2/7/0/0 | 0/0/0/0 | 0/0/0/0 | 0/0/0/0 | 0/0/0/0,3/70/0/0 | 0/0/0/0 | 0/0/0/0 | 0/0/0/0 | 0/0/0/0
2026-27,DEFENSAS,6264,Javier Entreca,SD Amorebieta,Segunda Federación,720032,"LIGA PJ, LIGA Min",—,,False,SD Amorebieta,False,1/5/0/0 | 0/0/0/0 | 0/0/0/0 | 0/0/0/0 | 0/0/0/0,2/91/0/0 | 0/0/0/0 | 0/0/0/0 | 0/0/0/0 | 0/0/0/0
2026-27,DEFENSAS,6269,Niklas Kastenhofer,Hallescher FC,Regionalliga,386784,"LIGA PJ, LIGA Min",—,,False,Hallescher FC,False,1/5/0/0 | 0/0/0/0 | 0/0/0/0 | 0/0/0/0 | 0/0/0/0,2/9/0/0 | 0/0/0/0 | 0/0/0/0 | 0/0/0/0 | 0/0/0/0
2026-27,DEFENSAS,6288,Dominik Lanius,1.FC Bocholt,Regionalliga,333666,"LIGA PJ, LIGA Min",—,,False,1.FC Bocholt,False,1/4/0/0 | 0/0/0/0 | 0/0/0/0 | 0/0/0/0 | 0/0/0/0,2/62/0/0 | 0/0/0/0 | 0/0/0/0 | 0/0/0/0 | 0/0/0/0
2026-27,DEFENSAS,6309,Abou Meïté,Valenciennes FC,Ligue 3,1187678,"LIGA PJ, LIGA Min",—,,False,Valenciennes FC,False,2/2/0/0 | 0/0/0/0 | 0/0/0/0 | 0/0/0/0 | 0/0/0/0,3/19/0/0 | 0/0/0/0 | 0/0/0/0 | 0/0/0/0 | 0/0/0/0
2026-27,DEFENSAS,6334,Dominik Becker,Rot-Weiß Erfurt,Regionalliga,335998,"LIGA PJ, LIGA Min",—,,False,Rot-Weiß Erfurt,False,1/1/0/0 | 0/0/0/0 | 0/0/0/0 | 0/0/0/0 | 0/0/0/0,2/5/0/0 | 0/0/0/0 | 0/0/0/0 | 0/0/0/0 | 0/0/0/0
2026-27,PORTEROS,62,Dominik Dewein,FC Memmingen,Regionalliga,420292,"LIGA PJ, LIGA Min, LIGA G/GC",—,,False,FC Memmingen,True,10/900/6/6 | 2/180/3/1 | 0/0/0/0 | 0/0/0/0 | 0/0/0/0,11/990/7/6 | 2/180/3/1 | 0/0/0/0 | 0/0/0/0 | 0/0/0/0
2026-27,PORTEROS,80,Jay Lynch,Fleetwood,League Two,128273,"LIGA PJ, LIGA Min, LIGA G/GC",—,,False,Fleetwood,True,7/630/7/3 | 3/270/0/3 | 0/0/0/0 | 0/0/0/0 | 0/0/0/0,8/720/9/3 | 3/270/0/3 | 0/0/0/0 | 0/0/0/0 | 0/0/0/0
2026-27,PORTEROS,81,Benedikt Grawe,Heilbronn-Frei.,Regionalliga,453303,"LIGA PJ, LIGA Min, LIGA G/GC",—,,False,Heilbronn-Frei.,True,8/720/7/5 | 1/90/0/1 | 0/0/0/0 | 0/0/0/0 | 0/0/0/0,9/810/9/5 | 1/90/0/1 | 0/0/0/0 | 0/0/0/0 | 0/0/0/0
2026-27,PORTEROS,82,Erion Avdija,Unterhaching,Regionalliga,815637,"LIGA PJ, LIGA Min, LIGA G/GC",—,,False,Unterhaching,True,8/720/6/5 | 3/270/2/1 | 0/0/0/0 | 0/0/0/0 | 0/0/0/0,9/810/7/5 | 3/270/2/1 | 0/0/0/0 | 0/0/0/0 | 0/0/0/0
2026-27,PORTEROS,85,Daniel Martin,VfB Eichstätt,Regionalliga,426881,"LIGA PJ, LIGA Min, LIGA G/GC",—,,False,VfB Eichstätt,True,10/900/14/5 | 1/90/0/1 | 0/0/0/0 | 0/0/0/0 | 0/0/0/0,11/990/15/5 | 1/90/0/1 | 0/0/0/0 | 0/0/0/0 | 0/0/0/0
2026-27,PORTEROS,112,David Richter,Chemnitzer FC,Regionalliga,397698,"LIGA PJ, LIGA Min, LIGA A/CS",—,,False,Chemnitzer FC,True,10/900/5/5 | 0/0/0/0 | 0/0/0/0 | 0/0/0/0 | 0/0/0/0,11/990/5/6 | 0/0/0/0 | 0/0/0/0 | 0/0/0/0 | 0/0/0/0
2026-27,PORTEROS,123,Justin Kick,FSV Schöningen,Regionalliga,314591,"LIGA PJ, LIGA Min, LIGA G/GC",—,,False,FSV Schöningen,True,10/900/12/4 | 1/90/0/1 | 0/0/0/0 | 0/0/0/0 | 0/0/0/0,11/990/15/4 | 1/90/0/1 | 0/0/0/0 | 0/0/0/0 | 0/0/0/0
2026-27,PORTEROS,124,Luca Bendel,Hallescher FC,Regionalliga,810803,"LIGA PJ, LIGA Min, LIGA G/GC",—,,False,Hallescher FC,True,10/900/7/5 | 1/120/5/0 | 0/0/0/0 | 0/0/0/0 | 0/0/0/0,11/990/9/5 | 1/120/5/0 | 0/0/0/0 | 0/0/0/0 | 0/0/0/0
2026-27,PORTEROS,147,Jack Wint,Kidderminster,National League,1068188,"LIGA PJ, LIGA Min, LIGA G/GC",—,,False,Kidderminster,True,8/720/4/4 | 0/0/0/0 | 0/0/0/0 | 0/0/0/0 | 0/0/0/0,9/810/5/4 | 0/0/0/0 | 0/0/0/0 | 0/0/0/0 | 0/0/0/0
2026-27,PORTEROS,151,Alessandro Zanellati,Cittadella,Serie C,386442,"LIGA PJ, LIGA Min, LIGA A/CS",—,,False,Cittadella,True,6/540/2/4 | 1/90/2/0 | 0/0/0/0 | 0/0/0/0 | 0/0/0/0,7/630/2/5 | 1/90/2/0 | 0/0/0/0 | 0/0/0/0 | 0/0/0/0
2026-27,PORTEROS,152,Sergio Barlocco,Trento,Serie C,817302,"LIGA PJ, LIGA Min, LIGA A/CS",—,,False,Trento,True,6/540/3/4 | 1/90/1/0 | 0/0/0/0 | 0/0/0/0 | 0/0/0/0,7/630/3/5 | 1/90/1/0 | 0/0/0/0 | 0/0/0/0 | 0/0/0/0
2026-27,PORTEROS,154,Filippo Doldi,Pergolettese,Serie C,1083464,"LIGA PJ, LIGA Min, LIGA A/CS",—,,False,Pergolettese,True,6/540/3/4 | 1/90/1/0 | 0/0/0/0 | 0/0/0/0 | 0/0/0/0,7/630/3/5 | 1/90/1/0 | 0/0/0/0 | 0/0/0/0 | 0/0/0/0
2026-27,PORTEROS,174,Joel Pereira,Reading,League One,192611,"LIGA PJ, LIGA Min, LIGA G/GC",—,,False,Reading,True,6/540/7/3 | 3/270/3/1 | 0/0/0/0 | 0/0/0/0 | 0/0/0/0,7/630/9/3 | 3/270/3/1 | 0/0/0/0 | 0/0/0/0 | 0/0/0/0
2026-27,PORTEROS,179,Paul Hainke,BFC Dynamo,Regionalliga,1005965,"LIGA PJ, LIGA Min, LIGA A/CS",—,,False,BFC Dynamo,True,10/900/12/4 | 0/0/0/0 | 0/0/0/0 | 0/0/0/0 | 0/0/0/0,11/990/12/5 | 0/0/0/0 | 0/0/0/0 | 0/0/0/0 | 0/0/0/0
2026-27,PORTEROS,181,Daniel Adamczyk,FV Illertissen,Regionalliga,457448,"LIGA PJ, LIGA Min",—,,False,FV Illertissen,True,10/900/12/4 | 1/90/1/0 | 0/0/0/0 | 0/0/0/0 | 0/0/0/0,11/990/12/4 | 1/90/1/0 | 0/0/0/0 | 0/0/0/0 | 0/0/0/0
2026-27,PORTEROS,183,Fabian Eutinger,DJK Vilzing,Regionalliga,692463,"LIGA PJ, LIGA Min",—,,False,DJK Vilzing,True,9/810/12/3 | 2/180/2/1 | 0/0/0/0 | 0/0/0/0 | 0/0/0/0,10/900/12/3 | 2/180/2/1 | 0/0/0/0 | 0/0/0/0 | 0/0/0/0
2026-27,PORTEROS,200,Marcos Pérez,Terrassa FC,Segunda Federación,72933,"LIGA PJ, LIGA Min, LIGA G/GC",—,,False,Terrassa FC,True,3/270/0/3 | 0/0/0/0 | 0/0/0/0 | 0/0/0/0 | 0/0/0/0,4/360/1/3 | 0/0/0/0 | 0/0/0/0 | 0/0/0/0 | 0/0/0/0
2026-27,PORTEROS,212,Thomas Vettorel,Lecco,Serie C,459102,"LIGA PJ, LIGA Min, LIGA G/GC",—,,False,Lecco,True,6/540/3/3 | 0/0/0/0 | 0/0/0/0 | 0/0/0/0 | 0/0/0/0,7/630/6/3 | 0/0/0/0 | 0/0/0/0 | 0/0/0/0 | 0/0/0/0
2026-27,PORTEROS,234,Matthias Fettes,Eintracht Trier,Regionalliga,1419649,"LIGA PJ, LIGA Min, LIGA A/CS",—,,False,Eintracht Trier,True,4/360/5/2 | 1/90/0/1 | 0/0/0/0 | 0/0/0/0 | 0/0/0/0,5/450/5/3 | 1/90/0/1 | 0/0/0/0 | 0/0/0/0 | 0/0/0/0
2026-27,PORTEROS,238,Vincent Viot,Concarneau,Ligue 3,191529,"LIGA PJ, LIGA Min, LIGA G/GC",—,,False,Concarneau,True,7/630/6/3 | 0/0/0/0 | 0/0/0/0 | 0/0/0/0 | 0/0/0/0,8/720/7/3 | 0/0/0/0 | 0/0/0/0 | 0/0/0/0 | 0/0/0/0
2026-27,PORTEROS,240,Antonino Viola,Cerignola,Serie C,738119,"LIGA PJ, LIGA Min, LIGA G/GC",—,,False,Cerignola,True,6/540/5/3 | 1/90/1/0 | 0/0/0/0 | 0/0/0/0 | 0/0/0/0,7/630/7/3 | 1/90/1/0 | 0/0/0/0 | 0/0/0/0 | 0/0/0/0
2026-27,PORTEROS,244,Christy Pym,Grimsby Town,League Two,260368,"LIGA PJ, LIGA Min, LIGA G/GC",—,,False,Grimsby Town,True,5/405/3/3 | 1/90/3/0 | 0/0/0/0 | 0/0/0/0 | 0/0/0/0,6/495/5/3 | 1/90/3/0 | 0/0/0/0 | 0/0/0/0 | 0/0/0/0
2026-27,PORTEROS,246,Alessio Marcu,Grosseto,Serie C,1124103,"LIGA PJ, LIGA Min, LIGA A/CS",—,,False,Grosseto,True,5/450/3/3 | 1/90/3/0 | 0/0/0/0 | 0/0/0/0 | 0/0/0/0,6/540/3/4 | 1/90/3/0 | 0/0/0/0 | 0/0/0/0 | 0/0/0/0
2026-27,PORTEROS,249,Lorenz Otto,Rot-Weiß Erfurt,Regionalliga,527653,"LIGA PJ, LIGA Min, LIGA G/GC",—,,False,Rot-Weiß Erfurt,True,9/789/7/3 | 0/0/0/0 | 0/0/0/0 | 0/0/0/0 | 0/0/0/0,10/879/10/3 | 0/0/0/0 | 0/0/0/0 | 0/0/0/0 | 0/0/0/0
2026-27,PORTEROS,260,Andrea Spurio,Campobasso,Serie C,367618,"LIGA PJ, LIGA Min, LIGA G/GC",—,,False,Campobasso,True,5/443/7/2 | 1/90/0/1 | 0/0/0/0 | 0/0/0/0 | 0/0/0/0,6/533/8/2 | 1/90/0/1 | 0/0/0/0 | 0/0/0/0 | 0/0/0/0
2026-27,PORTEROS,267,David Nreca-Bisinger,VfR Mannheim,Regionalliga,636745,"LIGA PJ, LIGA Min, LIGA G/GC",—,,False,VfR Mannheim,True,8/720/8/3 | 0/0/0/0 | 0/0/0/0 | 0/0/0/0 | 0/0/0/0,9/810/9/3 | 0/0/0/0 | 0/0/0/0 | 0/0/0/0 | 0/0/0/0
2026-27,PORTEROS,275,Spike Brits,Sutton Utd,National League,1080903,"LIGA PJ, LIGA Min, LIGA G/GC",—,,False,Sutton Utd,True,8/720/9/3 | 0/0/0/0 | 0/0/0/0 | 0/0/0/0 | 0/0/0/0,9/810/12/3 | 0/0/0/0 | 0/0/0/0 | 0/0/0/0 | 0/0/0/0
2026-27,PORTEROS,276,Maximilian Otto,VfR Aalen,Regionalliga,580293,"LIGA PJ, LIGA Min, LIGA G/GC",—,,False,VfR Aalen,True,8/720/9/3 | 0/0/0/0 | 0/0/0/0 | 0/0/0/0 | 0/0/0/0,9/810/10/3 | 0/0/0/0 | 0/0/0/0 | 0/0/0/0 | 0/0/0/0
2026-27,PORTEROS,288,Mathew Hudson,Oldham Athletic,League Two,354303,"LIGA PJ, LIGA Min, LIGA G/GC",—,,False,Oldham Athletic,True,7/630/9/2 | 2/180/2/1 | 0/0/0/0 | 0/0/0/0 | 0/0/0/0,8/720/13/2 | 2/180/2/1 | 0/0/0/0 | 0/0/0/0 | 0/0/0/0
2026-27,PORTEROS,291,Nathan Yavorsky,FC Versailles,Ligue 3,796971,"LIGA PJ, LIGA Min, LIGA G/GC",—,,False,FC Versailles,True,7/630/11/3 | 0/0/0/0 | 0/0/0/0 | 0/0/0/0 | 0/0/0/0,8/720/12/3 | 0/0/0/0 | 0/0/0/0 | 0/0/0/0 | 0/0/0/0
2026-27,PORTEROS,292,Ludwig Zech,TSV Buchbach,Regionalliga,475621,"LIGA PJ, LIGA Min, LIGA A/CS",—,,False,TSV Buchbach,True,9/810/7/2 | 4/360/5/1 | 0/0/0/0 | 0/0/0/0 | 0/0/0/0,10/900/7/3 | 4/360/5/1 | 0/0/0/0 | 0/0/0/0 | 0/0/0/0
2026-27,PORTEROS,305,True Grant,Halifax Town,National League,919438,"LIGA PJ, LIGA Min, LIGA G/GC",—,,False,Halifax Town,True,9/810/11/3 | 1/90/2/0 | 0/0/0/0 | 0/0/0/0 | 0/0/0/0,10/900/13/3 | 1/90/2/0 | 0/0/0/0 | 0/0/0/0 | 0/0/0/0
2026-27,PORTEROS,346,César Llera,CD Don Benito,Segunda Federación,766423,"LIGA PJ, LIGA Min, LIGA A/CS",—,,False,CD Don Benito,True,3/270/1/2 | 0/0/0/0 | 0/0/0/0 | 0/0/0/0 | 0/0/0/0,4/360/1/3 | 0/0/0/0 | 0/0/0/0 | 0/0/0/0 | 0/0/0/0
2026-27,PORTEROS,349,Fernando Embadje,CD Lugo,Primera Federación,1023698,"SEL PJ, SEL Min, SEL A/CS",—,,False,CD Lugo,True,4/360/2/2 | 0/0/0/0 | 0/0/0/0 | 0/0/0/0 | 0/0/0/0,4/360/2/2 | 0/0/0/0 | 0/0/0/0 | 0/0/0/0 | 1/90/0/1
2026-27,PORTEROS,358,Oliver Wright,Gillingham,League Two,610690,"LIGA PJ, LIGA Min, LIGA G/GC",—,,False,Gillingham,True,5/450/3/2 | 0/0/0/0 | 0/0/0/0 | 0/0/0/0 | 0/0/0/0,6/540/6/2 | 0/0/0/0 | 0/0/0/0 | 0/0/0/0 | 0/0/0/0
2026-27,PORTEROS,363,Harrison Male,Tranmere Rovers,League Two,392759,"LIGA PJ, LIGA Min, LIGA G/GC",—,,False,Tranmere Rovers,True,3/233/1/2 | 1/90/2/0 | 0/0/0/0 | 0/0/0/0 | 0/0/0/0,4/323/2/2 | 1/90/2/0 | 0/0/0/0 | 0/0/0/0 | 0/0/0/0
2026-27,PORTEROS,370,Maison Campbell,Scunthorpe Utd.,National League,750908,"LIGA PJ, LIGA Min, LIGA G/GC",—,,False,Scunthorpe Utd.,True,3/270/3/1 | 2/180/1/1 | 0/0/0/0 | 0/0/0/0 | 0/0/0/0,4/360/4/1 | 2/180/1/1 | 0/0/0/0 | 0/0/0/0 | 0/0/0/0
2026-27,PORTEROS,371,Gianluca Astaldi,Pianese,Serie C,979859,"LIGA PJ, LIGA Min, LIGA G/GC",—,,False,Pianese,True,5/411/4/2 | 0/0/0/0 | 0/0/0/0 | 0/0/0/0 | 0/0/0/0,6/501/7/2 | 0/0/0/0 | 0/0/0/0 | 0/0/0/0 | 0/0/0/0
2026-27,PORTEROS,385,Ander Iru,Sestao River ,Segunda Federación,480958,"LIGA PJ, LIGA Min, LIGA A/CS",—,,False,Sestao River ,True,3/270/2/2 | 2/210/3/0 | 0/0/0/0 | 0/0/0/0 | 0/0/0/0,4/360/2/3 | 2/210/3/0 | 0/0/0/0 | 0/0/0/0 | 0/0/0/0
2026-27,PORTEROS,388,Gaizka Ayesa,Gimnàstic,Primera Federación,561702,"LIGA PJ, LIGA Min, LIGA G/GC",—,,False,Gimnàstic,True,4/360/5/2 | 0/0/0/0 | 0/0/0/0 | 0/0/0/0 | 0/0/0/0,5/450/7/2 | 0/0/0/0 | 0/0/0/0 | 0/0/0/0 | 0/0/0/0
2026-27,PORTEROS,400,Imbad Ahamada,VFC La Roche,Ligue 3,203469,"LIGA PJ, LIGA Min, LIGA G/GC",—,,False,VFC La Roche,True,6/540/6/2 | 0/0/0/0 | 0/0/0/0 | 0/0/0/0 | 0/0/0/0,7/630/7/2 | 0/0/0/0 | 0/0/0/0 | 0/0/0/0 | 0/0/0/0
2026-27,PORTEROS,412,Axel Temperton,Paris 13 Atl.,Ligue 3,1029212,"LIGA PJ, LIGA Min, LIGA A/CS",—,,False,Paris 13 Atl.,True,7/630/7/2 | 0/0/0/0 | 0/0/0/0 | 0/0/0/0 | 0/0/0/0,8/720/7/3 | 0/0/0/0 | 0/0/0/0 | 0/0/0/0 | 0/0/0/0
2026-27,PORTEROS,413,Matis Carvalho,Le Puy FC,Ligue 3,478346,"LIGA PJ, LIGA Min, LIGA G/GC",—,,False,Le Puy FC,True,7/630/7/2 | 0/0/0/0 | 0/0/0/0 | 0/0/0/0 | 0/0/0/0,8/720/9/2 | 0/0/0/0 | 0/0/0/0 | 0/0/0/0 | 0/0/0/0
2026-27,PORTEROS,416,Miguel Ángel Martínez,Livorno,Serie C,446457,"LIGA PJ, LIGA Min, LIGA G/GC",—,,False,Livorno,True,6/540/6/2 | 1/90/1/0 | 0/0/0/0 | 0/0/0/0 | 0/0/0/0,7/630/8/2 | 1/90/1/0 | 0/0/0/0 | 0/0/0/0 | 0/0/0/0
2026-27,PORTEROS,430,Johannes Brinkies,K. Offenbach,Regionalliga,89649,"LIGA PJ, LIGA Min, LIGA G/GC",—,,False,K. Offenbach,True,8/720/8/2 | 0/0/0/0 | 0/0/0/0 | 0/0/0/0 | 0/0/0/0,9/810/11/2 | 0/0/0/0 | 0/0/0/0 | 0/0/0/0 | 0/0/0/0
2026-27,PORTEROS,437,Alessandro Tonti,Pineto,Serie C,199078,"LIGA PJ, LIGA Min, LIGA G/GC",—,,False,Pineto,True,6/540/6/2 | 1/90/2/0 | 0/0/0/0 | 0/0/0/0 | 0/0/0/0,7/630/10/2 | 1/90/2/0 | 0/0/0/0 | 0/0/0/0 | 0/0/0/0
2026-27,PORTEROS,459,Lino Kasten,SpVgg Bayreuth,Regionalliga,441994,"LIGA PJ, LIGA Min, LIGA G/GC",—,,False,SpVgg Bayreuth,True,5/450/7/2 | 1/90/2/0 | 0/0/0/0 | 0/0/0/0 | 0/0/0/0,6/540/9/2 | 1/90/2/0 | 0/0/0/0 | 0/0/0/0 | 0/0/0/0
2026-27,PORTEROS,463,Ryan Boot,Chesterfield,League Two,259916,"LIGA PJ, LIGA Min, LIGA G/GC",—,,False,Chesterfield,True,7/630/8/2 | 2/180/2/0 | 0/0/0/0 | 0/0/0/0 | 0/0/0/0,8/720/10/2 | 2/180/2/0 | 0/0/0/0 | 0/0/0/0 | 0/0/0/0
2026-27,PORTEROS,474,Fei-Hong Faham,US Orléans,Ligue 3,1026536,"LIGA PJ, LIGA Min, LIGA A/CS",—,,False,US Orléans,True,7/630/10/2 | 0/0/0/0 | 0/0/0/0 | 0/0/0/0 | 0/0/0/0,8/720/10/3 | 0/0/0/0 | 0/0/0/0 | 0/0/0/0 | 0/0/0/0
2026-27,PORTEROS,500,Ben Winterbottom,Barrow,National League,505046,"LIGA PJ, LIGA Min, LIGA G/GC",—,,False,Barrow,True,9/810/12/2 | 0/0/0/0 | 0/0/0/0 | 0/0/0/0 | 0/0/0/0,10/900/14/2 | 0/0/0/0 | 0/0/0/0 | 0/0/0/0 | 0/0/0/0
2026-27,PORTEROS,502,Jordan Wright,Newport County,League Two,425895,"LIGA PJ, LIGA Min, LIGA G/GC",—,,False,Newport County,True,7/630/11/2 | 1/90/1/0 | 0/0/0/0 | 0/0/0/0 | 0/0/0/0,8/720/12/2 | 1/90/1/0 | 0/0/0/0 | 0/0/0/0 | 0/0/0/0
2026-27,PORTEROS,503,Ethan Ross,Forest Green,National League,266030,"LIGA PJ, LIGA Min, LIGA G/GC",—,,False,Forest Green,True,8/720/12/2 | 0/0/0/0 | 0/0/0/0 | 0/0/0/0 | 0/0/0/0,9/810/15/2 | 0/0/0/0 | 0/0/0/0 | 0/0/0/0 | 0/0/0/0
2026-27,PORTEROS,507,Jean Louchet,Valenciennes FC,Ligue 3,392282,"LIGA PJ, LIGA Min, LIGA G/GC",—,,False,Valenciennes FC,True,7/630/12/2 | 0/0/0/0 | 0/0/0/0 | 0/0/0/0 | 0/0/0/0,8/720/13/2 | 0/0/0/0 | 0/0/0/0 | 0/0/0/0 | 0/0/0/0
2026-27,PORTEROS,511,Louis Chadwick,Boston Utd,National League,807260,"LIGA PJ, LIGA Min, LIGA G/GC",—,,False,Boston Utd,True,9/810/13/2 | 0/0/0/0 | 0/0/0/0 | 0/0/0/0 | 0/0/0/0,10/900/14/2 | 0/0/0/0 | 0/0/0/0 | 0/0/0/0 | 0/0/0/0
2026-27,PORTEROS,512,Kevin Ibrahim,TSV Steinbach,Regionalliga,460384,"LIGA PJ, LIGA Min, LIGA A/CS",—,,False,TSV Steinbach,True,8/720/13/1 | 1/90/0/1 | 0/0/0/0 | 0/0/0/0 | 0/0/0/0,9/810/13/2 | 1/90/0/1 | 0/0/0/0 | 0/0/0/0 | 0/0/0/0
2026-27,PORTEROS,517,Arthur Lyska,SV Sandhausen,Regionalliga,372127,"LIGA PJ, LIGA Min, LIGA G/GC",—,,False,SV Sandhausen,True,6/540/13/1 | 1/90/0/1 | 0/0/0/0 | 0/0/0/0 | 0/0/0/0,7/630/14/1 | 1/90/0/1 | 0/0/0/0 | 0/0/0/0 | 0/0/0/0
2026-27,PORTEROS,533,Michel Witte,FCA Walldorf,Regionalliga,364374,"LIGA PJ, LIGA Min, LIGA G/GC",—,,False,FCA Walldorf,True,8/720/15/1 | 1/90/0/1 | 0/0/0/0 | 0/0/0/0 | 0/0/0/0,9/810/17/1 | 1/90/0/1 | 0/0/0/0 | 0/0/0/0 | 0/0/0/0
2026-27,PORTEROS,539,Leopold Leimeister,TSV Landsberg,Regionalliga,819418,"LIGA PJ, LIGA Min, LIGA G/GC",—,,False,TSV Landsberg,True,9/810/14/1 | 2/180/2/1 | 0/0/0/0 | 0/0/0/0 | 0/0/0/0,10/900/16/1 | 2/180/2/1 | 0/0/0/0 | 0/0/0/0 | 0/0/0/0
2026-27,PORTEROS,548,Alex Bass,Peterborough,League One,334687,"LIGA PJ, LIGA Min, LIGA G/GC",—,,False,Peterborough,True,7/630/12/1 | 4/360/5/1 | 0/0/0/0 | 0/0/0/0 | 0/0/0/0,8/720/13/1 | 4/360/5/1 | 0/0/0/0 | 0/0/0/0 | 0/0/0/0
2026-27,PORTEROS,550,Sullivan Péan,FC Villefranche,Ligue 3,593317,"LIGA PJ, LIGA Min, LIGA G/GC",—,,False,FC Villefranche,True,7/630/17/2 | 0/0/0/0 | 0/0/0/0 | 0/0/0/0 | 0/0/0/0,8/720/19/2 | 0/0/0/0 | 0/0/0/0 | 0/0/0/0 | 0/0/0/0
2026-27,PORTEROS,553,Jesper Heim,Drochtersen/A.,Regionalliga,431788,"LIGA PJ, LIGA Min, LIGA G/GC",—,,False,Drochtersen/A.,True,10/900/13/2 | 2/210/5/0 | 0/0/0/0 | 0/0/0/0 | 0/0/0/0,11/990/16/2 | 2/210/5/0 | 0/0/0/0 | 0/0/0/0 | 0/0/0/0
2026-27,PORTEROS,556,Markus Schöller,W. Burghausen,Regionalliga,163686,"LIGA PJ, LIGA Min, LIGA G/GC",—,,False,W. Burghausen,True,9/810/18/2 | 0/0/0/0 | 0/0/0/0 | 0/0/0/0 | 0/0/0/0,10/900/19/2 | 0/0/0/0 | 0/0/0/0 | 0/0/0/0 | 0/0/0/0
2026-27,PORTEROS,558,Juri Behr,Eimsbütteler TV,Regionalliga,992260,"LIGA PJ, LIGA Min, LIGA G/GC",—,,False,Eimsbütteler TV,True,6/495/19/0 | 2/180/0/2 | 0/0/0/0 | 0/0/0/0 | 0/0/0/0,7/585/20/0 | 2/180/0/2 | 0/0/0/0 | 0/0/0/0 | 0/0/0/0
2026-27,PORTEROS,563,Damian Schobert,SVA Delmenhorst,Regionalliga,449725,"LIGA PJ, LIGA Min, LIGA A/CS",—,,False,SVA Delmenhorst,True,10/900/20/2 | 1/120/2/0 | 0/0/0/0 | 0/0/0/0 | 0/0/0/0,11/990/20/3 | 1/120/2/0 | 0/0/0/0 | 0/0/0/0 | 0/0/0/0
2026-27,PORTEROS,566,Moritz Onken,SSV Jeddeloh II,Regionalliga,688853,"LIGA PJ, LIGA Min, LIGA G/GC",—,,False,SSV Jeddeloh II,True,10/900/21/2 | 1/90/2/0 | 0/0/0/0 | 0/0/0/0 | 0/0/0/0,11/990/25/2 | 1/90/2/0 | 0/0/0/0 | 0/0/0/0 | 0/0/0/0
2026-27,PORTEROS,567,Bastian Fielsch,HSC Hannover,Regionalliga,290734,"LIGA PJ, LIGA Min, LIGA G/GC",—,,False,HSC Hannover,True,10/900/24/2 | 0/0/0/0 | 0/0/0/0 | 0/0/0/0 | 0/0/0/0,11/990/26/2 | 0/0/0/0 | 0/0/0/0 | 0/0/0/0 | 0/0/0/0
2026-27,PORTEROS,588,José Salcedo,Águilas FC,Primera Federación,118017,"LIGA PJ, LIGA Min, LIGA G/GC",—,,False,Águilas FC,True,2/180/1/1 | 0/0/0/0 | 0/0/0/0 | 0/0/0/0 | 0/0/0/0,3/270/2/1 | 0/0/0/0 | 0/0/0/0 | 0/0/0/0 | 0/0/0/0
2026-27,PORTEROS,590,Alberto Lejárraga,UD Sanse,Segunda Federación,450283,"LIGA PJ, LIGA Min, LIGA G/GC",—,,False,UD Sanse,True,2/180/1/1 | 0/0/0/0 | 0/0/0/0 | 0/0/0/0 | 0/0/0/0,3/270/3/1 | 0/0/0/0 | 0/0/0/0 | 0/0/0/0 | 0/0/0/0
2026-27,PORTEROS,595,Josh Jeffries,Eastleigh,National League,1005562,"LIGA PJ, LIGA Min, LIGA G/GC",—,,False,Eastleigh,True,2/180/1/1 | 0/0/0/0 | 0/0/0/0 | 0/0/0/0 | 0/0/0/0,3/270/5/1 | 0/0/0/0 | 0/0/0/0 | 0/0/0/0 | 0/0/0/0
2026-27,PORTEROS,603,Fabian Pekruhl,SC Verl,3. Liga,567764,"COPA PJ, COPA Min, COPA G/GC",—,,False,SC Verl,True,1/3/0/0 | 2/180/2/1 | 0/0/0/0 | 0/0/0/0 | 0/0/0/0,1/3/0/0 | 3/270/4/1 | 0/0/0/0 | 0/0/0/0 | 0/0/0/0
2026-27,PORTEROS,619,Diego García,Ourense,Segunda Federación,510330,"LIGA PJ, LIGA Min, LIGA A/CS",—,,False,Ourense,True,3/270/3/1 | 0/0/0/0 | 0/0/0/0 | 0/0/0/0 | 0/0/0/0,4/360/3/2 | 0/0/0/0 | 0/0/0/0 | 0/0/0/0 | 0/0/0/0
2026-27,PORTEROS,621,Xabier Murgoitio,SD Amorebieta,Segunda Federación,1468266,"LIGA PJ, LIGA Min, LIGA G/GC",—,,False,SD Amorebieta,True,3/270/3/1 | 0/0/0/0 | 0/0/0/0 | 0/0/0/0 | 0/0/0/0,4/360/4/1 | 0/0/0/0 | 0/0/0/0 | 0/0/0/0 | 0/0/0/0
2026-27,PORTEROS,622,Mateo Lite,CD Ebro,Segunda Federación,1060097,"LIGA PJ, LIGA Min, LIGA A/CS",—,,False,CD Ebro,True,3/270/3/1 | 0/0/0/0 | 0/0/0/0 | 0/0/0/0 | 0/0/0/0,4/360/3/2 | 0/0/0/0 | 0/0/0/0 | 0/0/0/0 | 0/0/0/0
2026-27,PORTEROS,623,Óscar Pulido,Manresa,Segunda Federación,633159,"LIGA PJ, LIGA Min, LIGA G/GC",—,,False,Manresa,True,3/270/3/1 | 0/0/0/0 | 0/0/0/0 | 0/0/0/0 | 0/0/0/0,4/360/4/1 | 0/0/0/0 | 0/0/0/0 | 0/0/0/0 | 0/0/0/0
2026-27,PORTEROS,639,Lucas Díaz,Racing Ferrol,Primera Federación,355534,"LIGA PJ, LIGA Min, LIGA G/GC",—,,False,Racing Ferrol,True,4/360/4/1 | 0/0/0/0 | 0/0/0/0 | 0/0/0/0 | 0/0/0/0,5/450/5/1 | 0/0/0/0 | 0/0/0/0 | 0/0/0/0 | 0/0/0/0
2026-27,PORTEROS,640,Alfonso Liceras,CD Extremadura,Primera Federación,631050,"LIGA PJ, LIGA Min, LIGA G/GC",—,,False,CD Extremadura,True,4/360/4/1 | 0/0/0/0 | 0/0/0/0 | 0/0/0/0 | 0/0/0/0,5/450/5/1 | 0/0/0/0 | 0/0/0/0 | 0/0/0/0 | 0/0/0/0
2026-27,PORTEROS,641,Iván Buigues,Orihuela CF,Segunda Federación,298134,"LIGA PJ, LIGA Min, LIGA G/GC",—,,False,Orihuela CF,True,3/270/3/1 | 1/90/1/0 | 0/0/0/0 | 0/0/0/0 | 0/0/0/0,4/360/7/1 | 1/90/1/0 | 0/0/0/0 | 0/0/0/0 | 0/0/0/0
2026-27,PORTEROS,644,Yaroslav Meykher,Astorga,Segunda Federación,574213,"LIGA PJ, LIGA Min, LIGA G/GC",—,,False,Astorga,True,3/270/4/1 | 0/0/0/0 | 0/0/0/0 | 0/0/0/0 | 0/0/0/0,4/360/6/1 | 0/0/0/0 | 0/0/0/0 | 0/0/0/0 | 0/0/0/0
2026-27,PORTEROS,648,Rubén Gálvez,At. Sanluqueño,Segunda Federación,249210,"LIGA PJ, LIGA Min, LIGA G/GC",—,,False,At. Sanluqueño,True,3/270/4/1 | 0/0/0/0 | 0/0/0/0 | 0/0/0/0 | 0/0/0/0,4/360/5/1 | 0/0/0/0 | 0/0/0/0 | 0/0/0/0 | 0/0/0/0
2026-27,PORTEROS,653,Till Härting,Carl Zeiss Jena,Regionalliga,1110074,"LIGA PJ, LIGA Min, LIGA G/GC",—,,False,Carl Zeiss Jena,True,2/150/4/0 | 1/90/0/1 | 0/0/0/0 | 0/0/0/0 | 0/0/0/0,3/240/5/0 | 1/90/0/1 | 0/0/0/0 | 0/0/0/0 | 0/0/0/0
2026-27,PORTEROS,660,Alessandro Blazic,Hércules CF,Primera Federación,944330,"LIGA PJ, LIGA Min, LIGA A/CS",—,,False,Hércules CF,True,4/360/5/1 | 0/0/0/0 | 0/0/0/0 | 0/0/0/0 | 0/0/0/0,5/450/5/2 | 0/0/0/0 | 0/0/0/0 | 0/0/0/0 | 0/0/0/0
2026-27,PORTEROS,667,Nick Hayes,Aldershot,National League,391110,"LIGA PJ, LIGA Min, LIGA G/GC",—,,False,Aldershot,True,5/450/4/1 | 1/45/2/0 | 0/0/0/0 | 0/0/0/0 | 0/0/0/0,6/540/5/1 | 1/45/2/0 | 0/0/0/0 | 0/0/0/0 | 0/0/0/0
2026-27,PORTEROS,676,Andrés Prieto,UD Ibiza,Primera Federación,238032,"LIGA PJ, LIGA Min, LIGA G/GC",—,,False,UD Ibiza,True,4/360/6/1 | 0/0/0/0 | 0/0/0/0 | 0/0/0/0 | 0/0/0/0,5/450/8/1 | 0/0/0/0 | 0/0/0/0 | 0/0/0/0 | 0/0/0/0
2026-27,PORTEROS,680,Daniel Salvalaggio,Caratese,Serie C,395785,"LIGA PJ, LIGA Min, LIGA G/GC",—,,False,Caratese,True,3/270/5/1 | 1/90/1/0 | 0/0/0/0 | 0/0/0/0 | 0/0/0/0,4/360/6/1 | 1/90/1/0 | 0/0/0/0 | 0/0/0/0 | 0/0/0/0
2026-27,PORTEROS,695,Lennart Winkler,Fortuna Köln,3. Liga,675534,"LIGA PJ, LIGA Min, LIGA G/GC",—,,False,Fortuna Köln,True,6/540/7/1 | 0/0/0/0 | 0/0/0/0 | 0/0/0/0 | 0/0/0/0,7/630/8/1 | 0/0/0/0 | 0/0/0/0 | 0/0/0/0 | 0/0/0/0
2026-27,PORTEROS,706,Gaël Alette,FC Fleury 91,Ligue 3,872757,"LIGA PJ, LIGA Min, LIGA G/GC",—,,False,FC Fleury 91,True,7/630/8/1 | 0/0/0/0 | 0/0/0/0 | 0/0/0/0 | 0/0/0/0,8/720/10/1 | 0/0/0/0 | 0/0/0/0 | 0/0/0/0 | 0/0/0/0
2026-27,PORTEROS,731,Cesare Galeotti,Salernitana,Serie C,616902,"LIGA PJ, LIGA Min, LIGA G/GC",—,,False,Salernitana,True,6/540/7/1 | 1/90/2/0 | 0/0/0/0 | 0/0/0/0 | 0/0/0/0,7/630/9/1 | 1/90/2/0 | 0/0/0/0 | 0/0/0/0 | 0/0/0/0
2026-27,PORTEROS,737,Valerio Boffelli,Cavese,Serie C,809986,"LIGA PJ, LIGA Min, LIGA G/GC",—,,False,Cavese,True,5/375/7/1 | 1/90/2/0 | 0/0/0/0 | 0/0/0/0 | 0/0/0/0,6/465/9/1 | 1/90/2/0 | 0/0/0/0 | 0/0/0/0 | 0/0/0/0
2026-27,PORTEROS,754,Radomir Novakovic,SSV Ulm 1846,Regionalliga,446418,"LIGA PJ, LIGA Min, LIGA G/GC",—,,False,SSV Ulm 1846,True,6/465/10/1 | 0/0/0/0 | 0/0/0/0 | 0/0/0/0 | 0/0/0/0,7/555/11/1 | 0/0/0/0 | 0/0/0/0 | 0/0/0/0 | 0/0/0/0
2026-27,PORTEROS,763,Titas Krapikas,Sambenedettese,Serie C,353609,"LIGA PJ, LIGA Min, LIGA G/GC",—,,False,Sambenedettese,True,6/540/11/0 | 1/90/0/1 | 0/0/0/0 | 0/0/0/0 | 0/0/0/0,7/630/13/0 | 1/90/0/1 | 0/0/0/0 | 0/0/0/0 | 0/0/0/0
2026-27,PORTEROS,764,Richard Marcone,Picerno,Serie C,86083,"LIGA PJ, LIGA Min, LIGA G/GC",—,,False,Picerno,True,6/540/10/1 | 1/90/1/0 | 0/0/0/0 | 0/0/0/0 | 0/0/0/0,7/630/11/1 | 1/90/1/0 | 0/0/0/0 | 0/0/0/0 | 0/0/0/0
2026-27,PORTEROS,771,Pete Jameson,Gateshead,National League,699225,"LIGA PJ, LIGA Min, LIGA G/GC",—,,False,Gateshead,True,6/540/11/1 | 0/0/0/0 | 0/0/0/0 | 0/0/0/0 | 0/0/0/0,7/630/15/1 | 0/0/0/0 | 0/0/0/0 | 0/0/0/0 | 0/0/0/0
2026-27,PORTEROS,776,Will Jääskeläinen,Woking,National League,328651,"LIGA PJ, LIGA Min, LIGA G/GC",—,,False,Woking,True,9/810/12/1 | 0/0/0/0 | 0/0/0/0 | 0/0/0/0 | 0/0/0/0,10/900/14/1 | 0/0/0/0 | 0/0/0/0 | 0/0/0/0 | 0/0/0/0
2026-27,PORTEROS,783,Andrea Zaccagno,Torres,Serie C,291314,"LIGA PJ, LIGA Min, LIGA A/CS",—,,False,Torres,True,6/540/8/1 | 1/90/4/0 | 0/0/0/0 | 0/0/0/0 | 0/0/0/0,7/630/8/2 | 1/90/4/0 | 0/0/0/0 | 0/0/0/0 | 0/0/0/0
2026-27,PORTEROS,794,Zac Jones,Fylde,National League,485667,"LIGA PJ, LIGA Min, LIGA A/CS",—,,False,Fylde,True,9/810/13/1 | 0/0/0/0 | 0/0/0/0 | 0/0/0/0 | 0/0/0/0,10/900/13/2 | 0/0/0/0 | 0/0/0/0 | 0/0/0/0 | 0/0/0/0
2026-27,PORTEROS,799,Taylor Seymour,Worthing,National League,844609,"LIGA PJ, LIGA Min, LIGA G/GC",—,,False,Worthing,True,6/540/11/1 | 2/180/2/0 | 0/0/0/0 | 0/0/0/0 | 0/0/0/0,7/630/12/1 | 2/180/2/0 | 0/0/0/0 | 0/0/0/0 | 0/0/0/0
2026-27,PORTEROS,806,Elias Höftmann,Tasmania Berlin,Regionalliga,911462,"LIGA PJ, LIGA Min, LIGA G/GC",—,,False,Tasmania Berlin,True,6/482/13/0 | 1/90/0/1 | 0/0/0/0 | 0/0/0/0 | 0/0/0/0,7/572/18/0 | 1/90/0/1 | 0/0/0/0 | 0/0/0/0 | 0/0/0/0
2026-27,PORTEROS,813,Florian Palmowski,BFC Preussen,Regionalliga,467576,"LIGA PJ, LIGA Min, LIGA G/GC",—,,False,BFC Preussen,True,10/900/14/1 | 0/0/0/0 | 0/0/0/0 | 0/0/0/0 | 0/0/0/0,11/990/17/1 | 0/0/0/0 | 0/0/0/0 | 0/0/0/0 | 0/0/0/0
2026-27,PORTEROS,818,Jos Barker,Yeovil Town,National League,1581147,"LIGA PJ, LIGA Min, LIGA A/CS",—,,False,Yeovil Town,True,9/810/14/1 | 0/0/0/0 | 0/0/0/0 | 0/0/0/0 | 0/0/0/0,10/900/14/2 | 0/0/0/0 | 0/0/0/0 | 0/0/0/0 | 0/0/0/0
2026-27,PORTEROS,834,Nils Leidenberger,SpVgg Ansbach,Regionalliga,828741,"LIGA PJ, LIGA Min, LIGA G/GC",—,,False,SpVgg Ansbach,True,7/630/12/1 | 1/90/3/0 | 0/0/0/0 | 0/0/0/0 | 0/0/0/0,8/720/13/1 | 1/90/3/0 | 0/0/0/0 | 0/0/0/0 | 0/0/0/0
2026-27,PORTEROS,845,Jannik Horz,SG Barockstadt,Regionalliga,586229,"LIGA PJ, LIGA Min, LIGA G/GC",—,,False,SG Barockstadt,True,8/720/16/1 | 0/0/0/0 | 0/0/0/0 | 0/0/0/0 | 0/0/0/0,9/810/21/1 | 0/0/0/0 | 0/0/0/0 | 0/0/0/0 | 0/0/0/0
2026-27,PORTEROS,851,Paul Grave,1.FC Bocholt,Regionalliga,452192,"LIGA PJ, LIGA Min, LIGA G/GC",—,,False,1.FC Bocholt,True,9/810/18/1 | 0/0/0/0 | 0/0/0/0 | 0/0/0/0 | 0/0/0/0,10/900/22/1 | 0/0/0/0 | 0/0/0/0 | 0/0/0/0 | 0/0/0/0
2026-27,PORTEROS,857,Nathan Fisher,Hartlepool Utd.,National League,744144,"LIGA PJ, LIGA Min, LIGA G/GC",—,,False,Hartlepool Utd.,True,5/418/9/1 | 1/90/10/0 | 0/0/0/0 | 0/0/0/0 | 0/0/0/0,6/508/13/1 | 1/90/10/0 | 0/0/0/0 | 0/0/0/0 | 0/0/0/0
2026-27,PORTEROS,858,Finn Böhmker,VfB Lübeck,Regionalliga,716752,"LIGA PJ, LIGA Min, LIGA G/GC",—,,False,VfB Lübeck,True,10/900/19/0 | 2/180/1/1 | 0/0/0/0 | 0/0/0/0 | 0/0/0/0,11/990/21/0 | 2/180/1/1 | 0/0/0/0 | 0/0/0/0 | 0/0/0/0
2026-27,PORTEROS,865,Fabian Landvoigt,SV Todesfelde,Regionalliga,186422,"LIGA PJ, LIGA Min, LIGA G/GC",—,,False,SV Todesfelde,True,8/720/27/1 | 0/0/0/0 | 0/0/0/0 | 0/0/0/0 | 0/0/0/0,9/810/30/1 | 0/0/0/0 | 0/0/0/0 | 0/0/0/0 | 0/0/0/0
2026-27,PORTEROS,867,Luca Petzold,Kickers Emden,Regionalliga,519228,"LIGA PJ, LIGA Min, LIGA A/CS",—,,False,Kickers Emden,True,10/900/30/1 | 1/90/2/0 | 0/0/0/0 | 0/0/0/0 | 0/0/0/0,11/990/30/2 | 1/90/2/0 | 0/0/0/0 | 0/0/0/0 | 0/0/0/0
2026-27,PORTEROS,870,Tiago Moreira,Aubagne Air Bel,Ligue 3,1203239,"LIGA PJ, LIGA Min, LIGA G/GC",—,,False,Aubagne Air Bel,True,1/47/0/0 | 0/0/0/0 | 0/0/0/0 | 0/0/0/0 | 0/0/0/0,2/137/1/0 | 0/0/0/0 | 0/0/0/0 | 0/0/0/0 | 0/0/0/0
2026-27,PORTEROS,890,Iñaki Álvarez,Sant Andreu,Primera Federación,548635,"LIGA PJ, LIGA Min, LIGA G/GC",—,,False,Sant Andreu,True,1/90/1/0 | 0/0/0/0 | 0/0/0/0 | 0/0/0/0 | 0/0/0/0,2/180/2/0 | 0/0/0/0 | 0/0/0/0 | 0/0/0/0 | 0/0/0/0
2026-27,PORTEROS,900,Matteo Rizzo,Cosenza,Serie C,903563,"LIGA PJ, LIGA Min, LIGA G/GC",—,,False,Cosenza,True,1/90/1/0 | 0/0/0/0 | 0/0/0/0 | 0/0/0/0 | 0/0/0/0,2/180/2/0 | 0/0/0/0 | 0/0/0/0 | 0/0/0/0 | 0/0/0/0
2026-27,PORTEROS,904,Andy Firth,Altrincham,National League,279133,"LIGA PJ, LIGA Min, LIGA A/CS",—,,False,Altrincham,True,3/194/2/0 | 0/0/0/0 | 0/0/0/0 | 0/0/0/0 | 0/0/0/0,4/284/2/1 | 0/0/0/0 | 0/0/0/0 | 0/0/0/0 | 0/0/0/0
2026-27,PORTEROS,929,Jon Tena,Real Unión,Primera Federación,197132,"LIGA PJ, LIGA Min, LIGA G/GC",—,,False,Real Unión,True,1/90/2/0 | 0/0/0/0 | 0/0/0/0 | 0/0/0/0 | 0/0/0/0,2/180/4/0 | 0/0/0/0 | 0/0/0/0 | 0/0/0/0 | 0/0/0/0
2026-27,PORTEROS,934,Tom Opitz,TSV Havelse,3. Liga,925487,"LIGA PJ, LIGA Min, LIGA G/GC",—,,False,TSV Havelse,True,1/13/2/0 | 0/0/0/0 | 0/0/0/0 | 0/0/0/0 | 0/0/0/0,2/103/5/0 | 0/0/0/0 | 0/0/0/0 | 0/0/0/0 | 0/0/0/0
2026-27,PORTEROS,940,Diego Barrios,Linares,Segunda Federación,476100,"LIGA PJ, LIGA Min, LIGA G/GC",—,,False,Linares,True,3/270/3/0 | 0/0/0/0 | 0/0/0/0 | 0/0/0/0 | 0/0/0/0,4/360/7/0 | 0/0/0/0 | 0/0/0/0 | 0/0/0/0 | 0/0/0/0
2026-27,PORTEROS,986,Josele Martínez,CD Guadalajara,Segunda Federación,284880,"LIGA PJ, LIGA Min, LIGA G/GC",—,,False,CD Guadalajara,True,2/180/4/0 | 0/0/0/0 | 0/0/0/0 | 0/0/0/0 | 0/0/0/0,0/0/0/0 | 0/0/0/0 | 0/0/0/0 | 0/0/0/0 | 0/0/0/0
2026-27,PORTEROS,987,Linus Löffler,RSV Eintracht,Regionalliga,945781,"LIGA PJ, LIGA Min, LIGA G/GC",—,,False,RSV Eintracht,True,2/135/4/0 | 0/0/0/0 | 0/0/0/0 | 0/0/0/0 | 0/0/0/0,3/225/8/0 | 0/0/0/0 | 0/0/0/0 | 0/0/0/0 | 0/0/0/0
2026-27,PORTEROS,1027,Álvaro Cortés,Real Ávila,Segunda Federación,698721,LIGA G/GC,—,,False,Real Ávila,True,3/270/6/0 | 0/0/0/0 | 0/0/0/0 | 0/0/0/0 | 0/0/0/0,3/270/5/0 | 0/0/0/0 | 0/0/0/0 | 0/0/0/0 | 0/0/0/0
2026-27,PORTEROS,1040,Aarón Alonso,CD Coria,Primera Federación,741252,"LIGA PJ, LIGA Min, LIGA G/GC",—,,False,CD Coria,True,4/360/7/0 | 0/0/0/0 | 0/0/0/0 | 0/0/0/0 | 0/0/0/0,5/450/9/0 | 0/0/0/0 | 0/0/0/0 | 0/0/0/0 | 0/0/0/0
2026-27,PORTEROS,1067,Andrea Bellocci,Vado,Serie C,967812,"LIGA PJ, LIGA Min, LIGA A/CS",—,,False,Vado,True,3/270/5/0 | 1/90/3/0 | 0/0/0/0 | 0/0/0/0 | 0/0/0/0,4/360/5/1 | 1/90/3/0 | 0/0/0/0 | 0/0/0/0 | 0/0/0/0
2026-27,PORTEROS,1086,Javi Cuenca,Torremolinos,Primera Federación,464879,"LIGA PJ, LIGA Min, LIGA G/GC",—,,False,Torremolinos,True,4/360/9/0 | 0/0/0/0 | 0/0/0/0 | 0/0/0/0 | 0/0/0/0,5/450/11/0 | 0/0/0/0 | 0/0/0/0 | 0/0/0/0 | 0/0/0/0
2026-27,PORTEROS,1092,Andrea Mazza,Giana Erminio,Serie C,815567,"LIGA PJ, LIGA Min, LIGA G/GC",—,,False,Giana Erminio,True,6/540/9/0 | 1/90/1/0 | 0/0/0/0 | 0/0/0/0 | 0/0/0/0,7/630/10/0 | 1/90/1/0 | 0/0/0/0 | 0/0/0/0 | 0/0/0/0
2026-27,PORTEROS,1105,Iván Moreno,Algeciras CF,Primera Federación,401910,"LIGA PJ, LIGA Min, LIGA G/GC",—,,False,Algeciras CF,True,4/360/10/0 | 0/0/0/0 | 0/0/0/0 | 0/0/0/0 | 0/0/0/0,5/450/11/0 | 0/0/0/0 | 0/0/0/0 | 0/0/0/0 | 0/0/0/0
2026-27,PORTEROS,1108,Wyll Stanway,Cheltenham,League Two,980939,"LIGA PJ, LIGA Min, LIGA G/GC",—,,False,Cheltenham,True,7/630/11/0 | 1/25/0/0 | 0/0/0/0 | 0/0/0/0 | 0/0/0/0,8/720/12/0 | 1/25/0/0 | 0/0/0/0 | 0/0/0/0 | 0/0/0/0
2026-27,PORTEROS,1109,Michael Gelt,FC 08 Homburg,Regionalliga,570719,"LIGA PJ, LIGA Min, LIGA G/GC",—,,False,FC 08 Homburg,True,8/720/11/0 | 0/0/0/0 | 0/0/0/0 | 0/0/0/0 | 0/0/0/0,9/810/12/0 | 0/0/0/0 | 0/0/0/0 | 0/0/0/0 | 0/0/0/0
2026-27,PORTEROS,1110,Davide Merelli,Crotone,Serie C,291278,"LIGA PJ, LIGA Min, LIGA G/GC",—,,False,Crotone,True,6/540/9/0 | 1/90/2/0 | 0/0/0/0 | 0/0/0/0 | 0/0/0/0,7/568/10/0 | 1/90/2/0 | 0/0/0/0 | 0/0/0/0 | 0/0/0/0
2026-27,PORTEROS,1122,Jake Eastwood,Cambridge Utd.,League One,526873,"LIGA PJ, LIGA Min, LIGA G/GC",—,,False,Cambridge Utd.,True,7/630/10/0 | 2/180/2/0 | 0/0/0/0 | 0/0/0/0 | 0/0/0/0,8/720/11/0 | 2/180/2/0 | 0/0/0/0 | 0/0/0/0 | 0/0/0/0
2026-27,PORTEROS,1124,Luis Klatte,Altglienicke,Regionalliga,335996,"LIGA PJ, LIGA Min, LIGA A/CS",—,,False,Altglienicke,True,7/630/10/0 | 1/90/2/0 | 0/0/0/0 | 0/0/0/0 | 0/0/0/0,8/720/10/1 | 1/90/2/0 | 0/0/0/0 | 0/0/0/0 | 0/0/0/0
2026-27,PORTEROS,1127,Lenny Montfort,Bourg-en-Bresse,Ligue 3,804739,"LIGA PJ, LIGA Min, LIGA G/GC",—,,False,Bourg-en-Bresse,True,7/630/12/0 | 0/0/0/0 | 0/0/0/0 | 0/0/0/0 | 0/0/0/0,8/720/13/0 | 0/0/0/0 | 0/0/0/0 | 0/0/0/0 | 0/0/0/0
2026-27,PORTEROS,1134,Adam Desbois,Carlisle United,National League,504380,"LIGA PJ, LIGA Min, LIGA G/GC",—,,False,Carlisle United,True,9/810/13/0 | 0/0/0/0 | 0/0/0/0 | 0/0/0/0 | 0/0/0/0,10/900/18/0 | 0/0/0/0 | 0/0/0/0 | 0/0/0/0 | 0/0/0/0
2026-27,PORTEROS,1139,Jakub Jakubov,Greifswalder FC,Regionalliga,38120,"LIGA PJ, LIGA Min, LIGA G/GC",—,,False,Greifswalder FC,True,7/630/13/0 | 0/0/0/0 | 0/0/0/0 | 0/0/0/0 | 0/0/0/0,8/720/14/0 | 0/0/0/0 | 0/0/0/0 | 0/0/0/0 | 0/0/0/0
2026-27,PORTEROS,1149,Malte Brüning,E. Norderstedt,Regionalliga,693822,"LIGA PJ, LIGA Min, LIGA A/CS",—,,False,E. Norderstedt,True,4/360/14/0 | 0/0/0/0 | 0/0/0/0 | 0/0/0/0 | 0/0/0/0,5/450/14/1 | 0/0/0/0 | 0/0/0/0 | 0/0/0/0 | 0/0/0/0
2026-27,PORTEROS,1159,Maximilian Reil,Schwaben Augsb.,Regionalliga,750255,"LIGA PJ, LIGA Min, LIGA G/GC",—,,False,Schwaben Augsb.,True,10/855/17/0 | 0/0/0/0 | 0/0/0/0 | 0/0/0/0 | 0/0/0/0,11/945/21/0 | 0/0/0/0 | 0/0/0/0 | 0/0/0/0 | 0/0/0/0
2026-27,PORTEROS,1170,Jas Singh,Tamworth,National League,120575,"LIGA PJ, LIGA Min, LIGA G/GC",—,,False,Tamworth,True,6/540/16/0 | 1/90/3/0 | 0/0/0/0 | 0/0/0/0 | 0/0/0/0,7/630/21/0 | 1/90/3/0 | 0/0/0/0 | 0/0/0/0 | 0/0/0/0
